# Blender 4.2.1 LTS
# www.blender.org
mtllib ball.mtl
o ball.Shape
v -1.202218 2.541957 -0.037925
v -0.732787 2.928480 -0.017451
v -0.734020 0.171747 -0.037665
v -1.203101 0.558958 -0.052469
v -1.489020 1.096972 -0.059268
v -1.548249 1.703894 -0.057062
v -1.371782 2.287332 -0.046163
v -0.986465 2.758436 -0.028233
v -0.452291 0.054289 -0.027934
v -0.450968 3.045511 -0.006007
v -0.987542 0.342154 -0.045943
v -1.372431 0.813830 -0.056958
v -1.548391 1.397514 -0.059306
v -1.488618 2.004345 -0.052625
v -1.336037 0.815789 -0.323792
v -1.507314 1.399733 -0.360393
v -1.449123 2.006486 -0.342138
v -1.170314 2.543669 -0.271803
v -0.713339 2.929518 -0.160080
v -0.714558 0.172798 -0.180294
v -1.171196 0.560671 -0.286334
v -1.449525 1.099100 -0.348794
v -1.507171 1.706113 -0.358148
v -1.335376 2.289291 -0.312984
v -0.960270 2.759851 -0.220165
v -0.440316 0.054937 -0.115758
v -0.438980 3.046159 -0.093832
v -0.961347 0.343568 -0.237888
v -1.248304 0.817644 -0.578378
v -1.408305 1.401821 -0.647688
v -1.353929 2.008497 -0.618391
v -1.093414 2.545304 -0.494952
v -0.666436 2.930517 -0.296156
v -0.667668 0.173784 -0.316370
v -1.094296 0.562293 -0.509483
v -1.354331 1.101111 -0.625047
v -1.408176 1.708202 -0.645443
v -1.247642 2.291146 -0.567570
v -0.897162 2.761187 -0.403300
v -0.411435 0.055547 -0.199561
v -0.410111 3.046769 -0.177634
v -0.898238 0.344892 -0.421023
v -1.112603 0.819305 -0.810946
v -1.255193 1.403703 -0.910123
v -1.206694 2.010300 -0.870745
v -0.974477 2.546757 -0.698794
v -0.593908 2.931400 -0.420465
v -0.595141 0.174679 -0.440679
v -0.975359 0.563759 -0.713339
v -1.207097 1.102928 -0.877401
v -1.255063 1.710083 -0.907878
v -1.111955 2.292807 -0.800151
v -0.799554 2.762381 -0.570593
v -0.366776 0.056092 -0.276110
v -0.365440 3.047327 -0.254184
v -0.800631 0.346098 -0.588316
v -0.934165 0.820732 -1.012570
v -1.053842 1.405299 -1.137631
v -1.013076 2.011844 -1.089509
v -0.818082 2.548003 -0.875520
v -0.498533 2.932165 -0.528231
v -0.499765 0.175432 -0.548445
v -0.818964 0.565004 -0.890051
v -1.013478 1.104459 -1.096165
v -1.053712 1.711679 -1.135387
v -0.933516 2.294221 -1.001762
v -0.671197 2.763406 -0.715622
v -0.308041 0.056559 -0.342475
v -0.306704 3.047781 -0.320548
v -0.672287 0.347110 -0.733345
v -0.719852 0.821835 -1.175478
v -0.811997 1.406557 -1.321467
v -0.780521 2.013051 -1.266273
v -0.630224 2.548976 -1.018305
v -0.383981 2.932762 -0.615316
v -0.385200 0.176028 -0.635517
v -0.631106 0.565977 -1.032849
v -0.780923 1.105665 -1.272929
v -0.811854 1.712937 -1.319222
v -0.719190 2.295337 -1.164670
v -0.517034 2.764210 -0.832808
v -0.237498 0.056935 -0.396099
v -0.236162 3.048157 -0.374172
v -0.518111 0.347915 -0.850531
v -0.477877 0.822613 -1.293416
v -0.538948 1.407426 -1.454560
v -0.517968 2.013881 -1.394254
v -0.418130 2.549650 -1.121686
v -0.254638 2.933164 -0.678360
v -0.255870 0.176444 -0.698561
v -0.419012 0.566652 -1.136230
v -0.518371 1.106495 -1.400910
v -0.538806 1.713807 -1.452315
v -0.477216 2.296103 -1.282621
v -0.342981 2.764755 -0.917648
v -0.157848 0.057182 -0.434918
v -0.156525 3.048404 -0.412992
v -0.344045 0.348460 -0.935371
v -0.217544 0.823002 -1.361870
v -0.245192 1.407867 -1.531797
v -0.235500 2.014309 -1.468520
v -0.189960 2.549988 -1.181680
v -0.115499 2.933372 -0.714935
v -0.116719 0.176651 -0.735149
v -0.190842 0.566989 -1.196224
v -0.235903 1.106924 -1.475176
v -0.245050 1.714248 -1.529552
v -0.216895 2.296505 -1.351062
v -0.155720 2.765040 -0.966887
v -0.072164 0.057312 -0.457442
v -0.070828 3.048533 -0.435516
v -0.156797 0.348745 -0.984610
v 0.051120 0.823002 -1.378192
v 0.057996 1.407867 -1.550208
v 0.056024 2.014309 -1.486230
v 0.045541 2.549988 -1.195991
v 0.028116 2.933372 -0.723666
v 0.026883 0.176651 -0.743868
v 0.044658 0.566989 -1.210522
v 0.055622 1.106924 -1.492886
v 0.058126 1.714248 -1.547963
v 0.051781 2.296505 -1.367384
v 0.037548 2.765040 -0.978629
v 0.016270 0.057312 -0.462814
v 0.017606 3.048533 -0.440887
v 0.036471 0.348745 -0.996339
v 0.317824 0.822613 -1.341746
v 0.358940 1.407426 -1.509091
v 0.345407 2.013881 -1.446697
v 0.279302 2.549650 -1.164047
v 0.170667 2.933164 -0.704192
v 0.169434 0.176444 -0.724393
v 0.278420 0.566652 -1.178592
v 0.345005 1.106495 -1.453353
v 0.359070 1.713807 -1.506847
v 0.318472 2.296103 -1.330951
v 0.229389 2.764755 -0.952420
v 0.104056 0.057182 -0.450825
v 0.105379 3.048404 -0.428899
v 0.228312 0.348460 -0.970130
v 0.572293 0.821835 -1.253961
v 0.646092 1.406557 -1.410031
v 0.621531 2.013051 -1.351438
v 0.502347 2.548976 -1.087096
v 0.306692 2.932762 -0.657263
v 0.305459 0.176028 -0.677477
v 0.501465 0.565977 -1.101640
v 0.621129 1.105665 -1.358094
v 0.646222 1.712937 -1.407786
v 0.572941 2.295337 -1.243153
v 0.412434 2.764210 -0.889273
v 0.187806 0.056935 -0.421931
v 0.189142 3.048157 -0.400004
v 0.411370 0.347915 -0.906983
v 0.804757 0.820732 -1.118182
v 0.908410 1.405299 -1.256815
v 0.873769 2.011844 -1.204113
v 0.706099 2.548003 -0.968093
v 0.430935 2.932165 -0.584697
v 0.429716 0.175432 -0.604898
v 0.705217 0.565004 -0.982638
v 0.873366 1.104459 -1.210768
v 0.908540 1.711679 -1.254570
v 0.805406 2.294221 -1.107375
v 0.579662 2.763406 -0.791601
v 0.264330 0.056559 -0.377234
v 0.265666 3.047781 -0.355307
v 0.578585 0.347110 -0.809311
v 1.006277 0.819305 -0.939653
v 1.135815 1.403703 -1.055347
v 1.092428 2.010300 -1.010390
v 0.882747 2.546757 -0.811608
v 0.538663 2.931400 -0.489256
v 0.537430 0.174679 -0.509470
v 0.881852 0.563759 -0.826139
v 1.092026 1.102927 -1.017046
v 1.135957 1.710083 -1.053102
v 1.006939 2.292807 -0.928845
v 0.724626 2.762381 -0.663179
v 0.330655 0.056092 -0.318472
v 0.331992 3.047327 -0.296546
v 0.723550 0.346098 -0.680889
v 1.169120 0.817644 -0.725210
v 1.319573 1.401821 -0.813372
v 1.269128 2.008497 -0.777705
v 1.025480 2.545304 -0.623646
v 0.625696 2.930517 -0.374639
v 0.624476 0.173784 -0.394853
v 1.024584 0.562293 -0.638190
v 1.268726 1.101111 -0.784361
v 1.319703 1.708202 -0.811128
v 1.169782 2.291146 -0.714403
v 0.841760 2.761187 -0.508925
v 0.384266 0.055547 -0.247891
v 0.385590 3.046769 -0.225964
v 0.840684 0.344892 -0.526635
v 1.287020 0.815789 -0.483106
v 1.452613 1.399733 -0.540181
v 1.397056 2.006486 -0.515023
v 1.128808 2.543669 -0.411448
v 0.688713 2.929518 -0.245231
v 0.687493 0.172798 -0.265445
v 1.127926 0.560671 -0.425979
v 1.396654 1.099100 -0.521666
v 1.452756 1.706113 -0.537936
v 1.287681 2.289291 -0.472311
v 0.926575 2.759851 -0.334768
v 0.423073 0.054937 -0.168201
v 0.424396 3.046159 -0.146275
v 0.925498 0.343568 -0.352491
v 1.355447 0.813830 -0.222643
v 1.529825 1.397514 -0.246269
v 1.471310 2.004345 -0.232399
v 1.188790 2.541957 -0.183148
v 0.725288 2.928480 -0.106015
v 0.724069 0.171747 -0.126229
v 1.187907 0.558958 -0.197693
v 1.470907 1.096972 -0.239055
v 1.529967 1.703894 -0.244025
v 1.356109 2.287332 -0.211848
v 0.975787 2.758436 -0.147417
v 0.445584 0.054289 -0.082479
v 0.446920 3.045511 -0.060539
v 0.974710 0.342154 -0.165127
v 1.371782 0.811818 0.046163
v 1.548262 1.395256 0.057062
v 1.489020 2.002178 0.059268
v 1.203101 2.540192 0.052456
v 0.734020 2.927403 0.037665
v 0.732787 0.170670 0.017451
v 1.202218 0.557194 0.037925
v 1.488618 1.094793 0.052625
v 1.548391 1.701637 0.059306
v 1.372431 2.285321 0.056958
v 0.987542 2.756996 0.045943
v 0.450968 0.053640 0.006007
v 0.452291 3.044862 0.027934
v 0.986465 0.340714 0.028233
v 1.335376 0.809859 0.312984
v 1.507171 1.393038 0.358148
v 1.449525 2.000050 0.348794
v 1.171196 2.538480 0.286334
v 0.714558 2.926353 0.180281
v 0.713339 0.169619 0.160080
v 1.170314 0.555468 0.271803
v 1.449123 1.092665 0.342138
v 1.507314 1.699418 0.360406
v 1.336024 2.283362 0.323792
v 0.961347 2.755582 0.237888
v 0.438980 0.052991 0.093832
v 0.440316 3.044213 0.115758
v 0.960270 0.339300 0.220165
v 1.247642 0.808004 0.567570
v 1.408176 1.390949 0.645443
v 1.354331 1.998039 0.625047
v 1.094296 2.536845 0.509483
v 0.667668 2.925366 0.316370
v 0.666436 0.168633 0.296156
v 1.093414 0.553846 0.494952
v 1.353929 1.090654 0.618391
v 1.408318 1.697329 0.647688
v 1.248304 2.281507 0.578378
v 0.898238 2.754259 0.421023
v 0.410111 0.052381 0.177634
v 0.411435 3.043603 0.199561
v 0.897162 0.337963 0.403300
v 1.111955 0.806343 0.800151
v 1.255063 1.389068 0.907878
v 1.207097 1.996223 0.877401
v 0.975359 2.535392 0.713339
v 0.595141 2.924471 0.440679
v 0.593908 0.167751 0.420465
v 0.974477 0.552393 0.698794
v 1.206694 1.088850 0.870745
v 1.255193 1.695448 0.910123
v 1.112603 2.279846 0.810946
v 0.800631 2.753052 0.588316
v 0.365440 0.051823 0.254184
v 0.366776 3.043045 0.276110
v 0.799554 0.336770 0.570593
v 0.933516 0.804916 1.001762
v 1.053712 1.387472 1.135387
v 1.013478 1.994692 1.096165
v 0.818964 2.534146 0.890051
v 0.499765 2.923719 0.548445
v 0.498533 0.166985 0.528231
v 0.818082 0.551148 0.875520
v 1.013076 1.087306 1.089509
v 1.053842 1.693852 1.137631
v 0.934178 2.278419 1.012570
v 0.672274 2.752040 0.733345
v 0.306704 0.051356 0.320548
v 0.308041 3.042591 0.342475
v 0.671210 0.335745 0.715622
v 0.719190 0.803813 1.164670
v 0.811854 1.386213 1.319222
v 0.780923 1.993485 1.272929
v 0.631106 2.533173 1.032849
v 0.385213 2.923122 0.635517
v 0.383981 0.166388 0.615316
v 0.630224 0.550175 1.018305
v 0.780521 1.086100 1.266273
v 0.811997 1.692593 1.321467
v 0.719852 2.277316 1.175478
v 0.518111 2.751236 0.850531
v 0.236162 0.050993 0.374159
v 0.237498 3.042215 0.396099
v 0.517034 0.334940 0.832808
v 0.477216 0.803048 1.282608
v 0.538806 1.385344 1.452315
v 0.518371 1.992655 1.400910
v 0.149402 2.331471 1.343576
v 0.255870 2.922707 0.698561
v 0.254638 0.165986 0.678360
v 0.418130 0.549500 1.121686
v 0.517968 1.085269 1.394254
v 0.538948 1.691724 1.454560
v 0.358603 2.589547 1.109139
v 0.344058 2.750678 0.935371
v 0.156525 0.050747 0.412979
v 0.157848 3.041968 0.434918
v 0.342981 0.334396 0.917648
v 0.193100 1.166230 1.500853
v 0.245050 1.384903 1.529552
v 0.235903 1.992227 1.475176
v 0.528076 2.332029 1.244009
v 0.116719 2.922499 0.735149
v 0.115499 0.165779 0.714935
v 0.189960 0.549163 1.181680
v -0.125866 0.833914 1.382045
v 0.245192 1.691283 1.531797
v -0.451747 2.577144 1.085655
v 0.156797 2.750405 0.984610
v 0.070828 0.050617 0.435516
v 0.072164 3.041839 0.457442
v 0.155720 0.334110 0.966887
v -0.058126 1.384903 1.547963
v -0.055622 1.992227 1.492886
v -0.044658 2.532161 1.210522
v -0.026883 2.922499 0.743868
v -0.028116 0.165779 0.723666
v -0.045541 0.549163 1.195991
v 0.292212 0.833914 1.356654
v -0.057996 1.691283 1.550208
v -0.051120 2.276148 1.378179
v -0.036471 2.750405 0.996339
v -0.017606 0.050617 0.440887
v -0.016270 3.041839 0.462814
v -0.037548 0.334110 0.978629
v -0.318472 0.803048 1.330951
v -0.359070 1.385344 1.506847
v -0.345005 1.992655 1.453353
v -0.604781 2.324543 1.212312
v -0.169434 2.922707 0.724393
v -0.170667 0.165986 0.704192
v -0.279302 0.549500 1.164047
v -0.345407 1.085269 1.446697
v -0.358940 1.691724 1.509091
v -0.313373 2.589742 1.122529
v -0.228312 2.750678 0.970130
v -0.105379 0.050747 0.428899
v -0.104056 3.041968 0.450825
v -0.229389 0.334396 0.952420
v -0.572941 0.803813 1.243153
v -0.646222 1.386213 1.407786
v -0.621129 1.993485 1.358081
v -0.248410 2.331757 1.328629
v -0.305459 2.923122 0.677477
v -0.306679 0.166388 0.657263
v -0.502347 0.550175 1.087096
v -0.621531 1.086100 1.351438
v -0.646092 1.692593 1.410031
v -0.411357 2.751236 0.906983
v -0.189142 0.050993 0.399991
v -0.187806 3.042215 0.421931
v -0.412434 0.334940 0.889273
v -0.805406 0.804916 1.107375
v -0.908540 1.387472 1.254570
v -0.873366 1.994692 1.210768
v -0.705217 2.534146 0.982625
v -0.429716 2.923719 0.604898
v -0.430935 0.166985 0.584684
v -0.706099 0.551148 0.968093
v -0.873769 1.087306 1.204113
v -0.908410 1.693852 1.256815
v -0.804757 2.278419 1.118182
v -0.578585 2.752040 0.809311
v -0.265653 0.051356 0.355307
v -0.264330 3.042591 0.377234
v -0.579662 0.335745 0.791601
v -1.006939 0.806343 0.928845
v -1.135957 1.389068 1.053102
v -1.092026 1.996223 1.017046
v -0.881852 2.535392 0.826139
v -0.537430 2.924471 0.509470
v -0.538650 0.167751 0.489256
v -0.882734 0.552393 0.811608
v -1.092441 1.088850 1.010390
v -1.135815 1.695448 1.055347
v -1.006277 2.279846 0.939640
v -0.723550 2.753052 0.680889
v -0.331992 0.051823 0.296546
v -0.330655 3.043045 0.318472
v -0.724626 0.336770 0.663179
v -1.169782 0.808004 0.714403
v -1.319703 1.390949 0.811128
v -1.268726 1.998039 0.784361
v -1.024584 2.536845 0.638190
v -0.624463 2.925366 0.394853
v -0.625696 0.168633 0.374639
v -1.025467 0.553846 0.623646
v -1.269128 1.090654 0.777705
v -1.319573 1.697329 0.813372
v -1.169120 2.281507 0.725210
v -0.840684 2.754259 0.526635
v -0.385590 0.052381 0.225964
v -0.384253 3.043603 0.247891
v -0.841760 0.337963 0.508925
v -1.287681 0.809859 0.472298
v -1.452756 1.393038 0.537936
v -1.396654 2.000050 0.521666
v -1.127926 2.538480 0.425979
v -0.687493 2.926353 0.265445
v -0.688713 0.169619 0.245231
v -1.128808 0.555468 0.411448
v -1.397056 1.092665 0.515010
v -1.452613 1.699418 0.540181
v -1.287020 2.283362 0.483106
v -0.925498 2.755582 0.352491
v -0.424396 0.052991 0.146275
v -0.423073 3.044213 0.168201
v -0.926575 0.339300 0.334768
v 0.196888 0.000950 0.133988
v 0.039105 3.094489 0.249772
v 0.241209 3.096980 -0.029569
v -0.142356 3.094995 0.206515
v -0.196888 3.098200 -0.133988
v -0.207034 3.095683 0.136764
v 0.127176 0.000380 0.198692
v 0.207034 0.003467 -0.136764
v -0.039105 0.004661 -0.249785
v 0.084218 0.000211 0.219633
v -0.102187 0.000380 0.212626
v 0.057023 3.098939 -0.228209
v 0.244102 3.096539 0.018151
v -0.237641 0.003052 -0.065521
v 0.008589 0.004661 -0.252679
v -0.178127 3.095307 0.174831
v -0.165217 3.098524 -0.169772
v -0.227962 3.096098 0.093793
v 0.038015 0.000120 0.231777
v 0.227962 0.003052 -0.093793
v -0.143446 0.000626 0.188520
v -0.243013 3.096980 -0.000156
v 0.237641 3.096098 0.065508
v 0.102187 3.098771 -0.212626
v -0.055920 3.094580 0.246204
v -0.222072 0.003467 -0.110711
v -0.208124 0.001314 0.118769
v 0.240106 0.002611 -0.047564
v -0.240106 3.096539 0.047564
v -0.008589 3.094489 0.252679
v -0.127176 3.098771 -0.198692
v 0.143459 3.098524 -0.188520
v 0.055920 0.004570 -0.246204
v -0.197978 0.003844 -0.151983
v -0.179217 0.000950 0.156836
v 0.243013 0.002170 0.000156
v 0.222072 3.095683 0.110711
v 0.179230 3.098200 -0.156836
v -0.229052 0.001729 0.075797
v -0.166307 0.004155 -0.187780
v -0.085307 0.004570 -0.237628
v 0.236551 0.001729 0.047513
v 0.165217 0.000626 0.169772
v -0.057023 0.000211 0.228209
v -0.244102 0.002611 -0.018151
v 0.208124 3.097837 -0.118769
v 0.101097 0.004402 -0.230622
v 0.085320 3.094580 0.237628
v 0.166307 3.094995 0.187767
v -0.241196 0.002170 0.029569
v -0.084218 3.098939 -0.219633
v -0.236551 3.097422 -0.047513
v 0.197978 3.095307 0.151983
v -0.128266 0.004402 -0.216687
v 0.128266 3.094749 0.216687
v 0.229052 3.097422 -0.075797
v -0.038015 3.099030 -0.231777
v 0.220969 0.001314 0.092703
v -0.009679 0.000120 0.234670
v 0.178127 0.003844 -0.174831
v 0.142356 0.004155 -0.206528
v -0.101097 3.094749 0.230622
v -1.356109 0.811818 0.211848
v -1.529967 1.395256 0.244025
v -1.470907 2.002178 0.239055
v -1.187907 2.540192 0.197693
v -0.220969 3.097837 -0.092703
v -0.724069 2.927403 0.126229
v -0.725288 0.170670 0.106015
v 0.009679 3.099030 -0.234683
v -1.188790 0.557194 0.183148
v -1.471310 1.094793 0.232399
v -1.529825 1.701637 0.246269
v -1.355447 2.285321 0.222643
v -0.974710 2.756996 0.165127
v -0.446920 0.053640 0.060539
v -0.445584 3.044862 0.082466
v -0.975800 0.340714 0.147417
v 0.223123 2.576313 1.155367
v -0.010029 1.166230 1.513191
v -0.130485 0.919857 1.423343
v 0.288761 0.876120 1.379074
v -0.535212 2.294714 1.262433
v 0.208591 0.782107 1.343316
v -0.557748 2.455598 1.144040
v -0.404597 2.545836 1.130975
v -0.119729 0.876120 1.403894
v 0.257894 0.826181 1.359418
v -0.263863 2.397148 1.286059
v 0.010328 0.754744 1.343394
v -0.528672 2.489708 1.129548
v -0.442366 2.538570 1.123593
v -0.091470 0.826181 1.380631
v 0.112424 1.143123 1.501735
v -0.258530 2.424693 1.268674
v -0.044477 0.782107 1.358691
v -0.464501 2.267468 1.304522
v -0.487037 2.519835 1.122036
v -0.117757 1.005736 1.458763
v 0.070166 1.143123 1.504304
v -0.260619 2.454703 1.246552
v 0.301787 0.919857 1.397095
v -0.433907 2.267364 1.315084
v -0.338453 2.538259 1.159441
v -0.086229 1.058776 1.479004
v -0.573188 2.425653 1.160116
v 0.021395 1.132562 1.503032
v -0.274411 2.488943 1.217282
v 0.303422 0.959365 1.413755
v -0.397202 2.274721 1.323011
v -0.302423 2.519277 1.185740
v 0.059294 0.744027 1.335609
v -0.579844 2.398108 1.177048
v -0.035459 1.104835 1.495066
v -0.278848 2.364297 1.303329
v 0.293458 1.005736 1.433787
v -0.352154 2.294170 1.325593
v 0.102797 0.744027 1.332976
v -0.578845 2.365205 1.199831
v 0.160676 1.132562 1.494560
v -0.308910 2.326697 1.318535
v -0.130082 0.959365 1.440093
v 0.264602 1.058776 1.457699
v -0.498247 2.275019 1.288162
v 0.152334 0.754744 1.334766
v -0.564742 2.327462 1.230282
v 0.216142 1.104835 1.479782
v -0.372693 2.545732 1.141978
v -0.191244 2.363466 0.923422
v 0.223953 2.068309 1.108763
v 0.307029 1.141721 1.140862
v -0.525740 2.217360 0.912951
v -0.162830 2.176608 1.065207
v 0.118354 2.131093 1.095412
v 0.087396 0.840233 1.024714
v 0.250616 2.394956 0.878712
v 0.154072 1.287827 1.210872
v -0.251213 2.092040 1.092052
v 0.169616 2.091819 1.107790
v -0.180891 1.088305 1.148115
v 0.273788 1.202832 1.168407
v -0.524547 2.177697 0.940418
v 0.067052 2.285412 1.004565
v -0.199081 2.131248 1.083553
v 0.144458 0.852571 1.026790
v 0.211290 2.394891 0.889052
v 0.217972 1.255884 1.193837
v -0.427354 2.068958 1.046926
v 0.456755 2.216647 0.949903
v -0.181345 1.042791 1.128834
v 0.301631 0.992398 1.077832
v -0.507537 2.132183 0.977136
v 0.086306 2.326645 0.970636
v -0.275981 2.395358 0.870668
v 0.209279 0.884100 1.036638
v 0.168565 2.385938 0.906944
v -0.471935 2.092701 1.015904
v 0.450345 2.249849 0.928975
v -0.168967 0.992398 1.106414
v 0.266068 0.934869 1.055178
v -0.499104 2.286683 0.873172
v 0.268741 2.059396 1.102548
v -0.314450 2.395474 0.857408
v -0.019124 0.852571 1.036715
v 0.122856 2.363142 0.935268
v -0.144757 2.216206 1.044396
v 0.433297 2.285970 0.908268
v -0.136401 0.934869 1.079635
v 0.098477 1.299998 1.219137
v -0.464059 2.327812 0.855695
v 0.306445 2.059448 1.092636
v -0.359978 2.386717 0.848507
v -0.082271 0.884100 1.054348
v 0.296649 2.386133 0.873262
v 0.062485 2.249265 1.030955
v -0.138334 2.249420 1.023443
v -0.166697 1.141721 1.169626
v 0.399732 2.327112 0.888222
v 0.049796 1.299998 1.222095
v -0.386666 2.059837 1.066661
v 0.348495 2.068491 1.076028
v -0.413848 2.364128 0.846639
v 0.316643 1.042791 1.098591
v 0.350429 2.363479 0.875429
v 0.067273 2.216063 1.052311
v -0.140851 2.285606 0.996767
v -0.130368 1.202832 1.192942
v 0.453459 2.177010 0.977188
v -0.006383 1.287827 1.220629
v -0.349793 2.059733 1.079388
v 0.395256 2.092156 1.048457
v -0.234696 2.386341 0.891725
v 0.318524 1.088305 1.117780
v -0.517722 2.250562 0.892556
v 0.083660 2.176452 1.074419
v -0.157485 2.326891 0.961463
v 0.037276 0.840233 1.027763
v 0.433699 2.131560 1.012492
v -0.071879 1.255884 1.211443
v -0.305537 2.068582 1.088951
v 0.259386 2.229219 0.991175
v -0.331862 2.229647 0.968962
v 0.068259 1.068623 1.123722
v 0.183888 2.488605 1.234499
v 0.287606 2.545252 1.166798
v 0.320250 2.545304 1.158209
v 0.210473 2.326308 1.338048
v 0.472194 2.326710 1.269245
v 0.181695 2.363973 1.320637
v 0.440290 2.294001 1.299086
v 0.401470 2.274358 1.321973
v 0.358447 2.537987 1.153693
v 0.366582 2.266858 1.335765
v 0.439239 2.229297 1.333974
v 0.271258 2.229038 1.378153
v 0.135272 2.483377 1.244956
v 0.475957 2.491706 1.150722
v -0.239289 2.491499 1.222251
v -0.574927 2.484700 1.111215
v -0.372667 2.229518 1.353955
v -0.532150 2.215388 1.307091
v -0.146404 1.036680 1.468014
v 0.323000 1.036680 1.439496
v 0.160611 0.711292 1.309401
v -0.000960 0.711292 1.319210
v -0.025560 1.151893 1.308428
v 0.053260 0.851754 1.175802
v 0.256337 1.030893 1.240804
v 0.021732 1.174962 1.315058
v -0.067805 1.113593 1.295077
v 0.254975 0.998029 1.226948
v 0.062304 1.183746 1.316122
v -0.094026 1.069453 1.278236
v -0.033072 0.883438 1.194991
v 0.097452 1.183746 1.313994
v -0.072151 0.920104 1.213247
v 0.012533 0.860668 1.182263
v 0.218465 0.920104 1.195601
v -0.095661 0.961635 1.232592
v 0.177452 0.883438 1.182199
v 0.244141 0.961635 1.211949
v -0.104613 0.998029 1.248784
v 0.183732 1.151893 1.295726
v 0.130653 0.860668 1.175089
v 0.224044 1.113593 1.277354
v -0.104289 1.030893 1.262705
v 0.137595 1.174962 1.308025
v 0.089446 0.851754 1.173597
v 0.248047 1.069453 1.257464
v 0.409320 2.237860 1.117261
v 0.166735 2.268973 1.160181
v 0.382683 2.210549 1.142198
v 0.423021 2.269362 1.092791
v 0.155370 2.296427 1.144858
v 0.351609 2.398602 1.022275
v 0.350273 2.194149 1.161297
v 0.385784 2.373392 1.031136
v 0.152048 2.319444 1.130054
v 0.314334 2.414300 1.020770
v 0.321132 2.187882 1.172818
v 0.409047 2.344874 1.045032
v 0.193891 2.398368 1.063741
v 0.295001 2.187843 1.179682
v 0.420867 2.319846 1.059382
v 0.225575 2.414158 1.044111
v 0.168565 2.373068 1.088250
v 0.425305 2.296829 1.073887
v 0.255183 2.420372 1.031707
v 0.155214 2.344498 1.111773
v 0.226301 2.210315 1.183314
v 0.282442 2.420412 1.024545
v 0.190777 2.237536 1.174725
v 0.263953 2.194019 1.183989
v -0.350260 2.193280 1.158741
v -0.247891 2.371848 1.070605
v -0.496937 2.319094 1.022962
v -0.301281 2.412951 1.022404
v -0.380841 2.187156 1.152137
v -0.236409 2.343317 1.095010
v -0.425123 2.397602 0.991227
v -0.406336 2.187234 1.143340
v -0.234657 2.318302 1.113460
v -0.387886 2.413211 0.992524
v -0.459843 2.372497 0.997480
v -0.239107 2.295337 1.127939
v -0.356410 2.419270 0.998674
v -0.484079 2.344057 1.009573
v -0.465279 2.209952 1.108244
v -0.329825 2.419192 1.007847
v -0.489892 2.237250 1.081439
v -0.434477 2.193539 1.129691
v -0.276656 2.236615 1.155017
v -0.501660 2.268713 1.056060
v -0.312699 2.209498 1.160894
v -0.251602 2.267961 1.142341
v -0.502490 2.296129 1.037079
v -0.271245 2.397135 1.044318
v 0.131873 3.104713 -0.075291
v -0.104678 3.105414 -0.107611
v -0.153982 3.103870 -0.000130
v -0.035433 3.101457 0.155966
v -0.152827 -0.004719 0.018761
v -0.054052 -0.002306 -0.150530
v -0.140008 3.104713 -0.058775
v -0.152139 3.103416 0.030101
v 0.090886 3.105414 -0.119482
v 0.024781 3.101366 0.158224
v -0.131873 -0.005576 0.075291
v 0.125438 3.102196 0.096271
v 0.153969 -0.004719 0.000130
v 0.036121 3.105829 -0.144627
v 0.152139 -0.004265 -0.030101
v 0.152827 3.103870 -0.018761
v 0.081272 3.101625 0.137257
v 0.150569 3.102975 0.041479
v -0.090886 -0.006263 0.119482
v -0.024081 3.105920 -0.146898
v 0.131185 -0.003422 -0.086631
v -0.105366 -0.002734 -0.118937
v -0.154669 -0.004265 -0.011469
v -0.036121 -0.006679 0.144627
v -0.144445 3.102975 0.059397
v -0.080585 3.105660 -0.125931
v -0.140709 -0.003422 -0.070114
v 0.090199 -0.002734 -0.130822
v 0.024081 -0.006769 0.146898
v 0.124750 -0.005939 0.084931
v -0.112865 3.102196 0.110737
v 0.035433 -0.002306 -0.155966
v 0.080585 -0.006510 0.125931
v 0.145133 3.104311 -0.048058
v 0.149882 -0.005161 0.030140
v -0.064055 3.101625 0.146093
v -0.024781 -0.002215 -0.158224
v 0.113553 3.105089 -0.099411
v -0.124750 3.105089 -0.084931
v -0.005436 3.101366 0.160066
v -0.145133 -0.005161 0.048058
v -0.081272 -0.002475 -0.137270
v -0.149882 3.104311 -0.030140
v 0.064743 3.105660 -0.134753
v 0.054052 3.101457 0.150530
v -0.113553 -0.005939 0.099411
v 0.140709 3.102572 0.070114
v 0.006137 3.105920 -0.148727
v 0.144445 -0.003824 -0.059397
v 0.105379 3.101872 0.118937
v 0.154669 3.103416 0.011469
v -0.064743 -0.006510 0.134753
v -0.053364 3.105829 -0.139191
v -0.125438 -0.003046 -0.096271
v 0.112865 -0.003046 -0.110737
v -0.006137 -0.006769 0.148727
v -0.131185 3.102572 0.086631
v 0.104691 -0.006263 0.107611
v -0.150569 -0.003824 -0.041479
v 0.064055 -0.002475 -0.146093
v 0.053364 -0.006679 0.139191
v 0.140008 -0.005576 0.058775
v -0.090199 3.101872 0.130822
v 0.005436 -0.002215 -0.160066
v 0.000285 3.103636 0.004632
v -0.000285 -0.004499 -0.004632
v -0.303331 2.497402 1.167862
v -0.561926 2.384446 1.159766
v -0.281365 2.352944 1.277470
v -0.349689 2.287566 1.298230
v -0.561005 2.353787 1.181005
v -0.309390 2.317887 1.291652
v -0.485870 2.269726 1.263341
v -0.547849 2.318601 1.209380
v -0.368839 2.522067 1.127070
v -0.520330 2.288085 1.239364
v -0.541336 2.438044 1.129003
v -0.398577 2.522158 1.116807
v -0.267392 2.383564 1.261382
v -0.514245 2.469844 1.115484
v -0.433777 2.515385 1.109931
v -0.262422 2.409240 1.245177
v -0.454406 2.262667 1.278599
v -0.475425 2.497921 1.108490
v -0.264369 2.437214 1.224560
v -0.425901 2.262590 1.288434
v -0.336922 2.515100 1.143353
v -0.555737 2.410123 1.143989
v -0.277226 2.469131 1.197262
v -0.391688 2.269440 1.295829
v 0.295118 2.270128 1.323802
v 0.475529 2.385069 1.200700
v 0.470560 2.410798 1.184469
v 0.170005 2.410343 1.263497
v 0.277447 1.012547 1.406528
v 0.100046 0.769042 1.312722
v 0.153904 1.130563 1.463084
v -0.116641 0.969407 1.412392
v 0.250603 1.061902 1.428766
v 0.146145 0.779006 1.314383
v 0.205516 1.104757 1.449318
v -0.117004 0.932650 1.396810
v 0.273088 0.891936 1.355616
v 0.198497 0.804475 1.322349
v -0.107001 0.891936 1.378711
v 0.244362 0.845475 1.337322
v 0.014012 0.779006 1.322414
v -0.080701 0.845475 1.357069
v 0.108999 1.140385 1.469753
v -0.036990 0.804475 1.336647
v -0.105171 1.012547 1.429765
v 0.069686 1.140385 1.472140
v 0.285206 0.932650 1.372379
v -0.075836 1.061902 1.448591
v 0.024301 1.130563 1.470946
v 0.286724 0.969407 1.387884
v 0.059566 0.769042 1.315174
v -0.028596 1.104757 1.463538
v 0.491332 2.397317 1.217295
v 0.167890 2.454392 1.262666
v 0.253016 2.293715 1.348337
v 0.298115 2.274202 1.349142
v 0.488594 2.364427 1.239935
v 0.168085 2.396837 1.302291
v 0.403079 2.519186 1.155484
v 0.444001 2.488995 1.166097
v 0.164102 2.424395 1.284567
v 0.471857 2.454846 1.182743
v 0.214222 2.518901 1.205150
v 0.335287 2.266806 1.343991
v 0.486012 2.424875 1.199922
v 0.252147 2.537818 1.181641
v 0.213301 2.318769 1.313449
v 0.315787 2.523235 1.145519
v 0.253016 2.288344 1.323037
v 0.173547 2.438355 1.243049
v 0.285322 2.523196 1.153538
v 0.188468 2.470312 1.216750
v 0.252199 2.516254 1.167408
v 0.329838 2.263212 1.318989
v 0.216791 2.498596 1.189348
v 0.457352 2.438783 1.168433
v 0.359057 2.263251 1.311308
v 0.351454 2.516410 1.141303
v 0.431338 2.470675 1.152889
v 0.391636 2.270271 1.298424
v 0.393141 2.498855 1.142990
v 0.173716 2.384615 1.280052
v 0.472973 2.354358 1.221836
v 0.427873 2.288604 1.277068
v 0.186418 2.353930 1.297179
v 0.457663 2.319133 1.249199
v -0.450449 3.045186 0.038366
v -0.731970 2.927936 0.054597
v -0.985349 2.757723 0.068739
v -1.200856 2.541075 0.080234
v -1.370225 2.286320 0.088642
v -1.486944 2.003268 0.093650
v -1.546510 1.702765 0.095064
v -1.546640 1.396385 0.092820
v -1.487346 1.095882 0.087007
v -1.370887 0.812818 0.077847
v -1.201751 0.558076 0.065690
v -0.986426 0.341428 0.051016
v -0.733190 0.171215 0.034383
v -0.451785 0.053964 0.016439
v -0.447128 3.045848 -0.050211
v -0.726573 2.928999 -0.089239
v -0.978097 2.759150 -0.124841
v -1.192020 2.542826 -0.155655
v -1.360144 2.288318 -0.180476
v -1.475994 2.005422 -0.198354
v -1.535131 1.705023 -0.208617
v -1.535261 1.398630 -0.210862
v -1.476396 1.098049 -0.205010
v -1.360806 0.814816 -0.191270
v -1.192903 0.559828 -0.170187
v -0.979173 0.342868 -0.142564
v -0.727805 0.172279 -0.109453
v -0.448464 0.054626 -0.072151
v -1.293234 2.418842 -0.042245
v -1.099642 2.655536 -0.033241
v -0.326932 0.018972 -0.022900
v -0.863791 2.849738 -0.022952
v -0.594752 2.993963 -0.011781
v -0.596036 0.106057 -0.032968
v -0.864959 0.250684 -0.042011
v -0.325647 3.080671 -0.001622
v -1.100628 0.445224 -0.049446
v -1.294013 0.682203 -0.054973
v -1.437667 0.952514 -0.058398
v -1.526075 1.245777 -0.059579
v -1.555839 1.550717 -0.058463
v -1.525803 1.855605 -0.055103
v -1.437135 2.148725 -0.049628
v -0.426602 3.046471 -0.136440
v -0.693241 2.930024 -0.229273
v -0.933231 2.760538 -0.313296
v -1.137359 2.544500 -0.385265
v -1.297776 2.290238 -0.442444
v -1.408318 2.007511 -0.482613
v -1.464745 1.707177 -0.504241
v -1.464887 1.400796 -0.506486
v -1.408721 1.100125 -0.489269
v -1.298424 0.816736 -0.453252
v -1.138241 0.561501 -0.399810
v -0.934308 0.344243 -0.331006
v -0.694461 0.173304 -0.249487
v -0.427938 0.055249 -0.158367
v -1.259695 0.684059 -0.306536
v -1.399535 0.954577 -0.337921
v -1.485595 1.247957 -0.356319
v -1.514554 1.552936 -0.361016
v -1.485322 1.857785 -0.351843
v -1.399003 2.150788 -0.329150
v -1.258917 2.420684 -0.293808
v -1.070462 2.657105 -0.247178
v -0.318278 0.019465 -0.086358
v -0.840865 2.850971 -0.191050
v -0.578949 2.994819 -0.127566
v -0.580233 0.106900 -0.148740
v -0.842020 0.251916 -0.210096
v -0.316993 3.081164 -0.065080
v -1.071448 0.446794 -0.263383
v -0.389651 3.047055 -0.217012
v -0.633234 2.930972 -0.360095
v -0.852477 2.761810 -0.489360
v -1.038960 2.546057 -0.599799
v -1.185520 2.292003 -0.687208
v -1.286514 2.009431 -0.748201
v -1.338074 1.709175 -0.780430
v -1.338217 1.402794 -0.782674
v -1.286929 1.102045 -0.754844
v -1.186182 0.818500 -0.698003
v -1.039842 0.563058 -0.614343
v -0.853554 0.345515 -0.507070
v -0.634467 0.174251 -0.380309
v -0.390987 0.055833 -0.238938
v -1.176983 0.685797 -0.546577
v -1.307623 0.956510 -0.604625
v -1.388026 1.250020 -0.639449
v -1.415078 1.555037 -0.649699
v -1.387754 1.859848 -0.634986
v -1.307091 2.152734 -0.595855
v -1.176204 2.422436 -0.533836
v -1.000114 2.658597 -0.451306
v -0.297415 0.019932 -0.146897
v -0.785594 2.852139 -0.351428
v -0.540881 2.995624 -0.238043
v -0.542166 0.107705 -0.259218
v -0.786748 0.253084 -0.370474
v -0.296130 3.081619 -0.125619
v -1.001100 0.448286 -0.467511
v -0.337714 3.047560 -0.288813
v -0.548874 2.931802 -0.476710
v -0.738950 2.762926 -0.646273
v -0.900626 2.547406 -0.791017
v -1.027698 2.293560 -0.905349
v -1.115263 2.011105 -0.984895
v -1.159986 1.710926 -1.026595
v -1.160116 1.404546 -1.028840
v -1.115678 1.103732 -0.991551
v -1.028347 0.820057 -0.916156
v -0.901508 0.564408 -0.805548
v -0.740027 0.346630 -0.663984
v -0.550106 0.175068 -0.496911
v -0.339037 0.056339 -0.310739
v -1.049054 0.687367 -0.765846
v -1.165474 0.958262 -0.848274
v -1.237120 1.251875 -0.898096
v -1.261213 1.556932 -0.913406
v -1.236847 1.861703 -0.893632
v -1.164943 2.154473 -0.839503
v -1.048276 2.424006 -0.753106
v -0.891323 2.659934 -0.637775
v -0.265147 0.020347 -0.202195
v -0.700118 2.853189 -0.497936
v -0.482003 2.996350 -0.338959
v -0.483288 0.108431 -0.360133
v -0.701272 0.254135 -0.516995
v -0.263863 3.082034 -0.180930
v -0.892309 0.449622 -0.653980
v -0.272763 3.047989 -0.349092
v -0.443404 2.932477 -0.574602
v -0.597009 2.763834 -0.778017
v -0.727663 2.548522 -0.951538
v -0.830369 2.294831 -1.088497
v -0.901158 2.012493 -1.183626
v -0.937305 1.712353 -1.233266
v -0.937447 1.405973 -1.235511
v -0.901560 1.105107 -1.190282
v -0.831017 0.821329 -1.099304
v -0.728545 0.565523 -0.966082
v -0.598086 0.347538 -0.795727
v -0.444624 0.175756 -0.594803
v -0.274087 0.056767 -0.371019
v -0.880814 0.688703 -0.955923
v -0.978551 0.959741 -1.059473
v -1.038675 1.253445 -1.122321
v -1.058889 1.558540 -1.142030
v -1.038402 1.863273 -1.117845
v -0.978019 2.155965 -1.050702
v -0.880048 2.425342 -0.943195
v -0.748253 2.661063 -0.799438
v -0.222720 0.020698 -0.250148
v -0.587707 2.854084 -0.624943
v -0.404571 2.996960 -0.426446
v -0.405856 0.109041 -0.447621
v -0.588861 0.255030 -0.644003
v -0.221423 3.082384 -0.228871
v -0.749239 0.450751 -0.815630
v -0.197303 3.048300 -0.395541
v -0.320860 2.932982 -0.650023
v -0.432090 2.764508 -0.879516
v -0.526726 2.549352 -1.075224
v -0.601109 2.295765 -1.229607
v -0.652397 2.013518 -1.336738
v -0.678606 1.713430 -1.392490
v -0.678749 1.407037 -1.394734
v -0.652800 1.106132 -1.343381
v -0.601771 0.822263 -1.240402
v -0.527609 0.566354 -1.089768
v -0.433167 0.348226 -0.897239
v -0.322092 0.176262 -0.670237
v -0.198627 0.057078 -0.417468
v -0.678749 0.689754 -1.109515
v -0.754027 0.960909 -1.230139
v -0.800320 1.254690 -1.303484
v -0.815863 1.559799 -1.326748
v -0.800047 1.864518 -1.299021
v -0.753495 2.157133 -1.221369
v -0.677983 2.426393 -1.096787
v -0.576406 2.661958 -0.930052
v -0.171757 0.020970 -0.288890
v -0.452694 2.854785 -0.727572
v -0.311570 2.997440 -0.497144
v -0.312867 0.109534 -0.518319
v -0.453848 0.255731 -0.746631
v -0.170459 3.082669 -0.267612
v -0.577392 0.451646 -0.946257
v -0.114228 3.048481 -0.426356
v -0.185964 2.933294 -0.700079
v -0.250551 2.764936 -0.946880
v -0.305524 2.549858 -1.157314
v -0.348742 2.296349 -1.323258
v -0.378557 2.014141 -1.438341
v -0.393828 1.714079 -1.498167
v -0.393971 1.407699 -1.500412
v -0.378960 1.106768 -1.444997
v -0.349404 0.822847 -1.334052
v -0.306406 0.566860 -1.171845
v -0.251641 0.348641 -0.964603
v -0.187196 0.176573 -0.720280
v -0.115564 0.057260 -0.448295
v -0.450618 0.690481 -1.220720
v -0.500544 0.961713 -1.353696
v -0.531228 1.255547 -1.434657
v -0.541491 1.560668 -1.460489
v -0.530956 1.865362 -1.430180
v -0.500012 2.157924 -1.344925
v -0.449852 2.427119 -1.207979
v -0.382398 2.662581 -1.024623
v -0.114215 0.021165 -0.316928
v -0.300256 2.855265 -0.801877
v -0.206580 2.997777 -0.548316
v -0.207865 0.109859 -0.569490
v -0.301411 0.256211 -0.820936
v -0.112917 3.082864 -0.295663
v -0.383384 0.452256 -1.040828
v -0.026753 3.048547 -0.440381
v -0.043906 2.933398 -0.722836
v -0.059371 2.765079 -0.977526
v -0.072566 2.550040 -1.194641
v -0.082959 2.296544 -1.365840
v -0.090173 2.014361 -1.484557
v -0.093910 1.714299 -1.546225
v -0.094052 1.407919 -1.548469
v -0.090575 1.106976 -1.491212
v -0.083608 0.823041 -1.376648
v -0.073449 0.567041 -1.209172
v -0.060448 0.348784 -0.995236
v -0.045138 0.176677 -0.743050
v -0.028077 0.057325 -0.462308
v -0.205179 0.690844 -1.285242
v -0.227819 0.962128 -1.425406
v -0.241715 1.255975 -1.510778
v -0.246308 1.561109 -1.538102
v -0.241443 1.865803 -1.506302
v -0.227288 2.158339 -1.416635
v -0.204413 2.427482 -1.272514
v -0.173677 2.662892 -1.079492
v -0.052300 0.021268 -0.333211
v -0.136258 2.855512 -0.844991
v -0.093611 2.997946 -0.578015
v -0.094896 0.110027 -0.599189
v -0.137426 0.256457 -0.864051
v -0.051016 3.082955 -0.311933
v -0.174663 0.452580 -1.095697
v 0.061785 3.048481 -0.437047
v 0.099865 2.933294 -0.717439
v 0.134118 2.764936 -0.970247
v 0.163206 2.549858 -1.185780
v 0.186029 2.296349 -1.355733
v 0.201689 2.014141 -1.473593
v 0.209616 1.714079 -1.534820
v 0.209474 1.407699 -1.537065
v 0.201287 1.106768 -1.480249
v 0.185367 0.822847 -1.366540
v 0.162324 0.566860 -1.200311
v 0.133041 0.348641 -0.987970
v 0.098645 0.176573 -0.737653
v 0.060461 0.057260 -0.458986
v 0.048122 0.690844 -1.300630
v 0.053637 0.962128 -1.442493
v 0.057088 1.255975 -1.528929
v 0.058346 1.561109 -1.556604
v 0.057360 1.865803 -1.524453
v 0.054169 2.158339 -1.433722
v 0.048901 2.427482 -1.287902
v 0.041752 2.662892 -1.092584
v 0.011586 0.021268 -0.337091
v 0.032994 2.855512 -0.855280
v 0.022965 2.997946 -0.585099
v 0.021680 0.110027 -0.606273
v 0.031839 0.256457 -0.874326
v 0.012884 3.082955 -0.315813
v 0.040766 0.452580 -1.108789
v 0.147974 3.048300 -0.416508
v 0.239834 2.932982 -0.684081
v 0.322469 2.764508 -0.925355
v 0.392713 2.549352 -1.131066
v 0.447867 2.295765 -1.293312
v 0.485818 2.013518 -1.405866
v 0.505085 1.713430 -1.464394
v 0.504955 1.407037 -1.466639
v 0.485415 1.106132 -1.412522
v 0.447218 0.822263 -1.304120
v 0.391830 0.566354 -1.145610
v 0.321392 0.348226 -0.943065
v 0.238601 0.176262 -0.704282
v 0.146638 0.057078 -0.438435
v 0.299569 0.690481 -1.266286
v 0.333017 0.961713 -1.404322
v 0.353685 1.255547 -1.488410
v 0.360743 1.560668 -1.515280
v 0.353958 1.865362 -1.483934
v 0.333549 2.157924 -1.395551
v 0.300334 2.427119 -1.253546
v 0.255585 2.662581 -1.063365
v 0.075006 0.021165 -0.328424
v 0.201001 2.855265 -0.832315
v 0.138698 2.997777 -0.569283
v 0.137413 0.109859 -0.590457
v 0.199846 0.256211 -0.851374
v 0.076303 3.082864 -0.307146
v 0.254599 0.452256 -1.079570
v 0.228507 3.047989 -0.379544
v 0.370604 2.932477 -0.624035
v 0.498455 2.763834 -0.844550
v 0.607155 2.548522 -1.032616
v 0.692515 2.294831 -1.180992
v 0.751276 2.012493 -1.283984
v 0.781156 1.712353 -1.337633
v 0.781014 1.405973 -1.339891
v 0.750874 1.105107 -1.290640
v 0.691866 0.821329 -1.191800
v 0.606273 0.565523 -1.047160
v 0.497378 0.347538 -0.862273
v 0.369371 0.175756 -0.644249
v 0.227171 0.056767 -0.401470
v 0.539480 0.689754 -1.183509
v 0.599604 0.960909 -1.312359
v 0.636685 1.254690 -1.390777
v 0.649296 1.559799 -1.415740
v 0.636958 1.864518 -1.386301
v 0.600136 2.157133 -1.303588
v 0.540259 2.426393 -1.170781
v 0.459609 2.661958 -0.992978
v 0.135532 0.020970 -0.307548
v 0.361301 2.854785 -0.777018
v 0.249124 2.997440 -0.531203
v 0.247826 0.109534 -0.552364
v 0.360147 0.255731 -0.796064
v 0.136816 3.082669 -0.286270
v 0.458623 0.451646 -1.009183
v 0.300269 3.047560 -0.327555
v 0.487154 2.931802 -0.539636
v 0.655304 2.762926 -0.730958
v 0.798270 2.547406 -0.894203
v 0.910564 2.293560 -1.023079
v 0.987866 2.011105 -1.112642
v 1.027205 1.710926 -1.159441
v 1.027075 1.404546 -1.161686
v 0.987464 1.103732 -1.119298
v 0.909915 0.820057 -1.033887
v 0.797388 0.564408 -0.908735
v 0.654227 0.346630 -0.748668
v 0.485921 0.175068 -0.559837
v 0.298946 0.056339 -0.349494
v 0.758646 0.688703 -1.055502
v 0.843123 0.959741 -1.170119
v 0.895202 1.253445 -1.239779
v 0.912887 1.558540 -1.261784
v 0.895475 1.863273 -1.235303
v 0.843655 2.155965 -1.161349
v 0.759424 2.425342 -1.042775
v 0.646001 2.661063 -0.884109
v 0.190803 0.020698 -0.275267
v 0.507745 2.854084 -0.691490
v 0.349987 2.996960 -0.472285
v 0.348703 0.109041 -0.493446
v 0.506590 0.255030 -0.710536
v 0.192101 3.082384 -0.253989
v 0.645015 0.450751 -0.900314
v 0.360536 3.047055 -0.262578
v 0.584995 2.930972 -0.434088
v 0.786982 2.761810 -0.588939
v 0.958739 2.546057 -0.721136
v 1.093635 2.292003 -0.825633
v 1.186506 2.009431 -0.898407
v 1.233785 1.709175 -0.936643
v 1.233655 1.402794 -0.938888
v 1.186104 1.102045 -0.905050
v 1.092973 0.818500 -0.836441
v 0.957843 0.563058 -0.735681
v 0.785905 0.345515 -0.606649
v 0.583775 0.174251 -0.454302
v 0.359199 0.055833 -0.284505
v 0.948644 0.687367 -0.887184
v 1.054244 0.958262 -0.983092
v 1.119324 1.251875 -1.041218
v 1.141394 1.556932 -1.059343
v 1.119597 1.861703 -1.036754
v 1.054776 2.154473 -0.974321
v 0.949423 2.424006 -0.874443
v 0.807586 2.659934 -0.740961
v 0.238731 0.020347 -0.232802
v 0.634700 2.853189 -0.579014
v 0.437436 2.996350 -0.394802
v 0.436151 0.108431 -0.415976
v 0.633545 0.254135 -0.598073
v 0.240028 3.082034 -0.211537
v 0.806599 0.449622 -0.757167
v 0.406959 3.046471 -0.187067
v 0.660390 2.930024 -0.311492
v 0.888456 2.760538 -0.423942
v 1.082373 2.544500 -0.520096
v 1.234694 2.290238 -0.596257
v 1.339553 2.007511 -0.649517
v 1.392956 1.707177 -0.677814
v 1.392814 1.400796 -0.680059
v 1.339151 1.100125 -0.656173
v 1.234032 0.816736 -0.607064
v 1.081491 0.561501 -0.534628
v 0.887379 0.344243 -0.441652
v 0.659170 0.173304 -0.331706
v 0.405622 0.055249 -0.209006
v 1.102172 0.685797 -0.685002
v 1.224833 0.956510 -0.758451
v 1.300422 1.250020 -0.802746
v 1.326047 1.555037 -0.816188
v 1.300695 1.859848 -0.798270
v 1.225365 2.152734 -0.749680
v 1.102950 2.422436 -0.672274
v 0.938148 2.658597 -0.569036
v 0.277460 0.019932 -0.181812
v 0.737290 2.852139 -0.443923
v 0.508095 2.995624 -0.301761
v 0.506810 0.107705 -0.322935
v 0.736135 0.253084 -0.462982
v 0.278744 3.081619 -0.160534
v 0.937162 0.448286 -0.585241
v 0.437773 3.045848 -0.103965
v 0.710432 2.928999 -0.176531
v 0.955793 2.759150 -0.242312
v 1.164423 2.542826 -0.298777
v 1.328305 2.288318 -0.343760
v 1.441144 2.005422 -0.375534
v 1.498595 1.705023 -0.392881
v 1.498452 1.398630 -0.395126
v 1.440729 1.098049 -0.382190
v 1.327643 0.814816 -0.354567
v 1.163541 0.559828 -0.313308
v 0.954716 0.342868 -0.260022
v 0.709200 0.172279 -0.196732
v 0.436437 0.054626 -0.125892
v 1.213337 0.684058 -0.456755
v 1.348350 0.954577 -0.504825
v 1.431543 1.247957 -0.533499
v 1.459723 1.552936 -0.541673
v 1.431815 1.857785 -0.529023
v 1.348882 2.150788 -0.496055
v 1.214103 2.420684 -0.444014
v 1.032680 2.657105 -0.374912
v 0.305498 0.019465 -0.124244
v 0.811556 2.850971 -0.291408
v 0.559253 2.994819 -0.196707
v 0.557969 0.106900 -0.217881
v 0.810401 0.251916 -0.310467
v 0.306782 3.081164 -0.102966
v 1.031694 0.446794 -0.391130
v 0.451785 3.045186 -0.016439
v 0.733190 2.927936 -0.034396
v 0.986426 2.757723 -0.051029
v 1.201751 2.541075 -0.065690
v 1.370887 2.286320 -0.077847
v 1.487346 2.003268 -0.087007
v 1.546640 1.702765 -0.092807
v 1.546510 1.396385 -0.095051
v 1.486944 1.095882 -0.093650
v 1.370225 0.812818 -0.088642
v 1.200869 0.558076 -0.080234
v 0.985349 0.341428 -0.068739
v 0.731957 0.171215 -0.054597
v 0.450449 0.053964 -0.038366
v 1.277847 0.682203 -0.211186
v 1.420034 0.952514 -0.231971
v 1.507638 1.245777 -0.243843
v 1.537324 1.550717 -0.246334
v 1.507911 1.855605 -0.239367
v 1.420566 2.148725 -0.223201
v 1.278625 2.418842 -0.198458
v 1.087537 2.655536 -0.166087
v 0.321768 0.018972 -0.062303
v 0.854670 2.849738 -0.127332
v 0.588952 2.993963 -0.083686
v 0.587668 0.106057 -0.104860
v 0.853515 0.250684 -0.146391
v 0.323052 3.080671 -0.041026
v 1.086563 0.445224 -0.182292
v 0.448464 3.044524 0.072138
v 0.727805 2.926872 0.109453
v 0.979160 2.756283 0.142564
v 1.192903 2.539323 0.170187
v 1.360793 2.284335 0.191270
v 1.476396 2.001101 0.205010
v 1.535261 1.700521 0.210862
v 1.535131 1.394128 0.208617
v 1.475994 1.093716 0.198354
v 1.360144 0.810832 0.180463
v 1.192020 0.556324 0.155642
v 0.978097 0.340000 0.124841
v 0.726573 0.170138 0.089239
v 0.447128 0.053303 0.050211
v 1.293247 0.680309 0.042245
v 1.437135 0.950412 0.049628
v 1.525803 1.243545 0.055103
v 1.555839 1.548433 0.058463
v 1.526075 1.853373 0.059579
v 1.437667 2.146636 0.058398
v 1.294013 2.416947 0.054973
v 1.100628 2.653927 0.049446
v 0.325647 0.018479 0.001622
v 0.864959 2.848467 0.042011
v 0.596036 2.993093 0.032955
v 0.594752 0.105188 0.011781
v 0.863791 0.249412 0.022952
v 0.326945 3.080165 0.022900
v 1.099642 0.443615 0.033241
v 0.427938 3.043902 0.158380
v 0.694461 2.925847 0.249487
v 0.934308 2.754907 0.331006
v 1.138241 2.537649 0.399810
v 1.298424 2.282415 0.453239
v 1.408721 1.999025 0.489269
v 1.464887 1.698354 0.506486
v 1.464745 1.391974 0.504241
v 1.408318 1.091640 0.482613
v 1.297776 0.808912 0.442444
v 1.137359 0.554651 0.385265
v 0.933231 0.338612 0.313283
v 0.693241 0.169126 0.229273
v 0.426602 0.052680 0.136440
v 1.258917 0.678466 0.293808
v 1.399003 0.948362 0.329150
v 1.485322 1.241366 0.351843
v 1.514554 1.546215 0.361016
v 1.485595 1.851181 0.356319
v 1.399535 2.144573 0.337921
v 1.259695 2.415092 0.306536
v 1.071448 2.652357 0.263383
v 0.316993 0.017986 0.065080
v 0.842020 2.847234 0.210096
v 0.580233 2.992250 0.148740
v 0.578949 0.104331 0.127566
v 0.840865 0.248180 0.191037
v 0.318278 3.079685 0.086345
v 1.070462 0.442032 0.247178
v 0.390987 3.043318 0.238938
v 0.634467 2.924900 0.380309
v 0.853554 2.753636 0.507070
v 1.039842 2.536092 0.614343
v 1.186182 2.280650 0.698003
v 1.286929 1.997105 0.754844
v 1.338217 1.696356 0.782674
v 1.338074 1.389976 0.780430
v 1.286514 1.089720 0.748201
v 1.185520 0.807148 0.687208
v 1.038960 0.553094 0.599799
v 0.852477 0.337341 0.489360
v 0.633234 0.168179 0.360095
v 0.389664 0.052096 0.216999
v 1.176204 0.676715 0.533836
v 1.307091 0.946416 0.595855
v 1.387754 1.239303 0.634986
v 1.415078 1.544113 0.649699
v 1.388026 1.849131 0.639449
v 1.307623 2.142627 0.604625
v 1.176983 2.413353 0.546564
v 1.001100 2.650865 0.467511
v 0.296130 0.017532 0.125619
v 0.786748 2.846066 0.370487
v 0.542166 2.991446 0.259218
v 0.540881 0.103527 0.238043
v 0.785594 0.247012 0.351428
v 0.297415 3.079218 0.146897
v 1.000114 0.440553 0.451306
v 0.339037 3.042812 0.310739
v 0.550106 2.924082 0.496911
v 0.740027 2.752520 0.663984
v 0.901508 2.534743 0.805548
v 1.028347 2.279093 0.916156
v 1.115678 1.995419 0.991551
v 1.160116 1.694604 1.028840
v 1.159986 1.388224 1.026595
v 1.115263 1.088046 0.984895
v 1.027698 0.805591 0.905349
v 0.900626 0.551744 0.791004
v 0.738950 0.336225 0.646273
v 0.548874 0.167349 0.476697
v 0.337714 0.051590 0.288813
v 1.048276 0.675145 0.753106
v 1.164943 0.944678 0.839503
v 1.236847 1.237447 0.893620
v 1.261213 1.542219 0.913406
v 1.237120 1.847275 0.898096
v 1.165474 2.140889 0.848274
v 1.049054 2.411783 0.765833
v 0.892309 2.649529 0.653980
v 0.263863 0.017117 0.180930
v 0.701272 2.845016 0.516995
v 0.483288 2.990719 0.360133
v 0.482003 0.102800 0.338959
v 0.700118 0.245961 0.497936
v 0.265147 3.078803 0.202195
v 0.891323 0.439216 0.637775
v 0.274087 3.042384 0.371019
v 0.444624 2.923394 0.594803
v 0.598086 2.751612 0.795727
v 0.728545 2.533627 0.966082
v 0.831017 2.277822 1.099304
v 0.901560 1.994043 1.190269
v 0.937447 1.693177 1.235511
v 0.937305 1.386797 1.233266
v 0.901145 1.086658 1.183626
v 0.830369 0.804319 1.088497
v 0.727663 0.550629 0.951538
v 0.597009 0.335317 0.778017
v 0.443404 0.166661 0.574602
v 0.272750 0.051162 0.349092
v 0.188688 3.102144 -0.023147
v 0.880048 0.673809 0.943195
v 0.978019 0.943186 1.050702
v 1.038402 1.235878 1.117845
v 1.058889 1.540610 1.142030
v 1.038675 1.845693 1.122308
v 0.978551 2.139410 1.059473
v 0.880814 2.410447 0.955923
v 0.749239 2.648400 0.815630
v 0.221423 0.016753 0.228871
v 0.588861 2.844120 0.644003
v 0.405856 2.990097 0.447621
v 0.404571 0.102190 0.426446
v 0.587707 0.245066 0.624943
v 0.222720 3.078453 0.250148
v 0.748253 0.438088 0.799425
v 0.198627 3.042072 0.417468
v 0.322092 2.922888 0.670224
v 0.433167 2.750924 0.897239
v 0.541842 2.522599 1.093388
v 0.614317 2.290757 1.228050
v 0.652800 1.993018 1.343381
v 0.678749 1.692113 1.394734
v 0.678606 1.385720 1.392490
v 0.652397 1.085633 1.336738
v 0.601109 0.803385 1.229607
v 0.526726 0.549798 1.075224
v 0.432090 0.334629 0.879516
v 0.320860 0.166168 0.650023
v 0.197303 0.050850 0.395541
v 0.677983 0.672758 1.096787
v 0.753495 0.942018 1.221369
v 0.800047 1.234632 1.299021
v 0.815863 1.539351 1.326748
v 0.800320 1.844460 1.303484
v 0.754027 2.138242 1.230139
v 0.678749 2.409396 1.109515
v 0.577392 2.647505 0.946257
v 0.170459 0.016481 0.267612
v 0.453848 2.843420 0.746631
v 0.312867 2.989616 0.518306
v 0.311570 0.101710 0.497132
v 0.452694 0.244365 0.727572
v 0.171757 3.078180 0.288890
v 0.576406 0.437193 0.930052
v 0.115564 3.041891 0.448295
v 0.187196 2.922577 0.720280
v 0.251641 2.750509 0.964603
v 0.378960 1.992383 1.444997
v 0.393971 1.691452 1.500412
v 0.393828 1.385072 1.498167
v 0.400432 1.072970 1.431089
v 0.367568 0.810612 1.324646
v 0.305524 0.549292 1.157301
v 0.250564 0.334214 0.946880
v 0.185964 0.165856 0.700079
v 0.114228 0.050669 0.426356
v 0.449852 0.672031 1.207979
v 0.500012 0.941226 1.344925
v 0.530943 1.233789 1.430180
v 0.541491 1.538482 1.460489
v 0.531215 1.843604 1.434657
v 0.490878 2.125618 1.363842
v 0.368282 2.661154 1.034042
v 0.112917 0.016286 0.295663
v 0.301424 2.842939 0.820923
v 0.207865 2.989292 0.569490
v 0.206580 0.101373 0.548316
v 0.300256 0.243885 0.801877
v 0.114215 3.077986 0.316928
v 0.382398 0.436570 1.024610
v 0.028077 3.041826 0.462308
v 0.045125 2.922473 0.743050
v 0.060448 2.750366 0.995236
v 0.059553 2.519926 1.221356
v 0.066572 2.289927 1.372068
v 0.090575 1.992175 1.491212
v 0.094052 1.691231 1.548469
v 0.093910 1.384851 1.546225
v 0.072553 0.549111 1.194641
v 0.059371 0.334071 0.977526
v 0.043906 0.165753 0.722836
v 0.026753 0.050604 0.440381
v 0.190336 0.648833 1.262096
v 0.230843 1.253692 1.514385
v 0.246308 1.538041 1.538102
v 0.241715 1.843176 1.510778
v 0.241248 2.125242 1.429467
v 0.182733 2.657612 1.085487
v 0.051016 0.016195 0.311933
v 0.137426 2.842693 0.864051
v 0.094896 2.989123 0.599189
v 0.093611 0.101205 0.578015
v 0.136258 0.243639 0.844991
v 0.052300 3.077882 0.333211
v 0.173677 0.436258 1.079492
v -0.060448 3.041891 0.458986
v -0.098645 2.922577 0.737653
v -0.133041 2.750509 0.987970
v -0.152541 2.522041 1.211223
v -0.168020 2.290109 1.363258
v -0.201287 1.992383 1.480249
v -0.209474 1.691452 1.537065
v -0.209616 1.385072 1.534820
v -0.224290 1.072970 1.469039
v -0.204543 0.810612 1.359404
v -0.163206 0.549292 1.185780
v -0.134118 0.334214 0.970247
v -0.099878 0.165856 0.717439
v -0.061785 0.050669 0.437047
v -0.036186 0.648833 1.275862
v -0.045852 1.253692 1.531187
v -0.058346 1.538041 1.556604
v -0.057088 1.843176 1.528929
v -0.053637 2.137022 1.442493
v -0.048122 2.408293 1.300630
v -0.040766 2.646570 1.108789
v -0.012884 0.016195 0.315813
v -0.031839 2.842693 0.874326
v -0.021680 2.989123 0.606273
v -0.022965 0.101205 0.585099
v -0.032994 0.243639 0.855267
v -0.011586 3.077882 0.337091
v -0.041752 0.436258 1.092584
v -0.146638 3.042072 0.438435
v -0.238601 2.922888 0.704282
v -0.321392 2.750924 0.943065
v -0.485415 1.993018 1.412522
v -0.504955 1.692113 1.466639
v -0.505085 1.385720 1.464394
v -0.485818 1.085633 1.405866
v -0.447867 0.803385 1.293312
v -0.392713 0.549798 1.131066
v -0.322469 0.334629 0.925355
v -0.239834 0.166168 0.684068
v -0.147974 0.050850 0.416508
v -0.300334 0.672031 1.253546
v -0.333549 0.941226 1.395551
v -0.353958 1.233789 1.483934
v -0.360743 1.538482 1.515280
v -0.353685 1.843604 1.488410
v -0.346731 2.125669 1.407371
v -0.263331 2.661206 1.065558
v -0.076303 0.016286 0.307146
v -0.199846 2.842939 0.851374
v -0.137413 2.989292 0.590457
v -0.138698 0.101373 0.569283
v -0.201001 0.243885 0.832315
v -0.075006 3.077986 0.328424
v -0.255585 0.436570 1.063365
v -0.227171 3.042384 0.401470
v -0.369371 2.923394 0.644249
v -0.497378 2.751612 0.862273
v -0.624632 2.521509 1.049547
v -0.699988 2.289629 1.181381
v -0.750874 1.994043 1.290640
v -0.781027 1.693177 1.339891
v -0.781156 1.386797 1.337633
v -0.751276 1.086658 1.283984
v -0.692515 0.804319 1.180992
v -0.607155 0.550629 1.032616
v -0.498455 0.335317 0.844550
v -0.370591 0.166661 0.624035
v -0.228494 0.051162 0.379544
v -0.540246 0.672758 1.170781
v -0.600136 0.942018 1.303588
v -0.636958 1.234632 1.386301
v -0.649296 1.539351 1.415740
v -0.636685 1.844460 1.390777
v -0.589562 2.122763 1.325645
v -0.446193 2.658494 1.005187
v -0.136816 0.016481 0.286270
v -0.360147 2.843420 0.796064
v -0.247826 2.989616 0.552364
v -0.249111 0.101710 0.531190
v -0.361301 0.244365 0.777018
v -0.135519 3.078180 0.307548
v -0.459609 0.437193 0.992978
v -0.298933 3.042812 0.349481
v -0.485921 2.924082 0.559837
v -0.654227 2.752520 0.748668
v -0.797388 2.534743 0.908735
v -0.909903 2.279093 1.033874
v -0.987464 1.995419 1.119285
v -1.027075 1.694604 1.161686
v -1.027205 1.388224 1.159441
v -0.987866 1.088046 1.112642
v -0.910564 0.805591 1.023079
v -0.798270 0.551744 0.894203
v -0.655304 0.336225 0.730958
v -0.487141 0.167349 0.539623
v -0.300269 0.051590 0.327555
v -0.759424 0.673809 1.042775
v -0.843655 0.943186 1.161349
v -0.895475 1.235878 1.235303
v -0.912887 1.540610 1.261784
v -0.895202 1.845693 1.239779
v -0.843123 2.139410 1.170119
v -0.758646 2.410447 1.055502
v -0.645015 2.648400 0.900314
v -0.192101 0.016753 0.253989
v -0.506590 2.844120 0.710536
v -0.348703 2.990097 0.493446
v -0.349987 0.102190 0.472272
v -0.507745 0.245066 0.691477
v -0.190803 3.078453 0.275267
v -0.646001 0.438088 0.884109
v -0.359199 3.043318 0.284505
v -0.583775 2.924900 0.454302
v -0.785905 2.753636 0.606649
v -0.957856 2.536092 0.735681
v -1.092973 2.280650 0.836441
v -1.186104 1.997105 0.905050
v -1.233643 1.696356 0.938888
v -1.233785 1.389976 0.936643
v -1.186506 1.089720 0.898407
v -1.093635 0.807148 0.825633
v -0.958726 0.553094 0.721136
v -0.786982 0.337341 0.588939
v -0.584995 0.168179 0.434088
v -0.360523 0.052096 0.262565
v -0.949423 0.675145 0.874443
v -1.054776 0.944678 0.974321
v -1.119597 1.237448 1.036754
v -1.141394 1.542219 1.059343
v -1.119324 1.847275 1.041218
v -1.054244 2.140889 0.983092
v -0.948644 2.411783 0.887171
v -0.806599 2.649529 0.757167
v -0.240016 0.017117 0.211524
v -0.633545 2.845016 0.598073
v -0.436151 2.990719 0.415976
v -0.437436 0.102800 0.394802
v -0.634700 0.245961 0.579014
v -0.238731 3.078803 0.232802
v -0.807573 0.439216 0.740961
v -0.187832 3.101703 0.037185
v -0.405622 3.043902 0.209006
v -0.659157 2.925847 0.331693
v -0.887379 2.754907 0.441652
v -1.081477 2.537649 0.534628
v -1.234032 2.282415 0.607064
v -1.339151 1.999025 0.656160
v -1.392814 1.698354 0.680059
v -1.392956 1.391974 0.677801
v -1.339553 1.091640 0.649517
v -1.234681 0.808912 0.596257
v -1.082360 0.554651 0.520083
v -0.888443 0.338612 0.423929
v -0.660390 0.169126 0.311492
v -0.406959 0.052680 0.187067
v -1.102950 0.676715 0.672274
v -1.225365 0.946416 0.749680
v -1.300695 1.239303 0.798270
v -1.326034 1.544113 0.816188
v -1.300422 1.849131 0.802746
v -1.224833 2.142627 0.758451
v -1.102172 2.413353 0.685002
v -0.937162 2.650865 0.585241
v -0.278744 0.017532 0.160534
v -0.736135 2.846066 0.462982
v -0.506810 2.991446 0.322935
v -0.508095 0.103527 0.301761
v -0.737290 0.247012 0.443923
v -0.277460 3.079218 0.181812
v -0.938148 0.440553 0.569036
v -0.436437 3.044524 0.125892
v -0.709200 2.926872 0.196732
v -0.954716 2.756283 0.260022
v -1.163541 2.539323 0.313308
v -1.327643 2.284335 0.354567
v -1.440729 2.001101 0.382190
v -1.498452 1.700521 0.395126
v -1.498595 1.394128 0.392881
v -1.441131 1.093716 0.375534
v -1.328305 0.810832 0.343760
v -1.164423 0.556324 0.298777
v -0.955793 0.340000 0.242299
v -0.710432 0.170138 0.176531
v -0.437773 0.053303 0.103965
v -1.214103 0.678467 0.444014
v -1.348882 0.948362 0.496055
v -1.431815 1.241366 0.529023
v -1.459723 1.546215 0.541673
v -1.431543 1.851181 0.533499
v -1.348350 2.144573 0.504825
v -1.213337 2.415092 0.456755
v -1.031694 2.652357 0.391117
v -0.306782 0.017986 0.102966
v -0.810401 2.847234 0.310467
v -0.557969 2.992250 0.217881
v -0.559253 0.104331 0.196707
v -0.811556 0.248180 0.291408
v -0.305498 3.079685 0.124244
v -1.032680 0.442032 0.374912
v -0.188688 -0.002994 0.023147
v 0.187832 -0.002553 -0.037185
v -0.178335 3.101262 0.073358
v 0.179178 3.102585 -0.059320
v -0.179178 -0.003435 0.059307
v 0.178335 -0.002112 -0.073358
v -0.161961 3.100847 0.106975
v 0.162817 3.103001 -0.092937
v -0.162817 -0.003850 0.092924
v 0.161961 -0.001696 -0.106975
v -0.139346 3.100471 0.136738
v 0.140203 3.103364 -0.122713
v -0.140203 -0.004226 0.122700
v 0.139346 -0.001320 -0.136751
v -0.111360 3.100159 0.161533
v 0.112217 3.103688 -0.147494
v -0.112217 -0.004538 0.147494
v 0.111360 -0.001009 -0.161533
v -0.079080 3.099913 0.180385
v 0.079936 3.103935 -0.166346
v -0.079936 -0.004784 0.166346
v 0.079080 -0.000762 -0.180385
v -0.043750 3.099731 0.192581
v 0.044606 3.104104 -0.178542
v -0.044606 -0.004953 0.178542
v 0.043750 -0.000594 -0.192581
v -0.006721 3.099653 0.197641
v 0.007577 3.104194 -0.183602
v -0.007577 -0.005044 0.183602
v 0.006721 -0.000503 -0.197641
v 0.030594 3.099653 0.195370
v -0.029738 3.104194 -0.181332
v 0.029738 -0.005044 0.181332
v -0.030594 -0.000503 -0.195370
v 0.066741 3.099731 0.185873
v -0.065885 3.104104 -0.171835
v 0.065885 -0.004953 0.171835
v -0.066741 -0.000594 -0.185873
v 0.100345 3.099913 0.169486
v -0.099489 3.103935 -0.155448
v 0.099489 -0.004784 0.155448
v -0.100332 -0.000762 -0.169486
v 0.130095 3.100159 0.146871
v 0.129239 -0.004538 0.132833
v -0.129239 3.103688 -0.132833
v 0.154877 3.100471 0.118872
v -0.130095 -0.001009 -0.146871
v 0.154020 -0.004226 0.104834
v -0.154020 3.103364 -0.104834
v 0.173716 3.100847 0.086579
v -0.154877 -0.001320 -0.118872
v 0.172859 -0.003850 0.072541
v -0.172859 3.103001 -0.072541
v 0.185899 3.101262 0.051223
v -0.173716 -0.001696 -0.086579
v 0.185042 -0.003435 0.037185
v -0.185042 3.102585 -0.037198
v 0.190959 3.101703 0.014181
v -0.185899 -0.002112 -0.051236
v -0.190103 3.102144 -0.000143
v 0.190103 -0.002994 0.000143
v -0.190946 -0.002553 -0.014181
v -1.278625 0.680309 0.198458
v -1.420566 0.950412 0.223201
v -1.507911 1.243545 0.239367
v -1.537324 1.548433 0.246334
v -1.507638 1.853373 0.243843
v -1.420034 2.146636 0.231971
v -1.277847 2.416947 0.211186
v -1.086551 2.653927 0.182292
v -0.323052 0.018479 0.041026
v -0.853515 2.848467 0.146378
v -0.587668 2.993093 0.104860
v -0.588952 0.105188 0.083686
v -0.854670 0.249412 0.127332
v -0.321768 3.080165 0.062303
v -1.087537 0.443615 0.166087
v 0.152645 2.439575 1.275524
v 0.159275 2.380204 1.313929
v 0.169823 2.354709 1.328162
v 0.192165 2.325477 1.341681
v 0.155590 2.462851 1.258528
v 0.167994 2.489410 1.236665
v 0.319484 2.253702 1.354928
v 0.385771 2.253806 1.337504
v 0.412836 2.259631 1.326800
v 0.442963 2.274863 1.309050
v 0.290629 2.259450 1.358938
v 0.255637 2.274591 1.358302
v 0.504773 2.380723 1.223081
v 0.487621 2.442027 1.186285
v 0.476645 2.465291 1.172948
v 0.455016 2.491784 1.160038
v 0.502659 2.355202 1.240662
v 0.489931 2.325931 1.263393
v 0.329643 2.559939 1.143508
v 0.270454 2.556592 1.161738
v 0.242935 2.550831 1.173259
v 0.213496 2.536144 1.191501
v 0.359290 2.554257 1.140005
v 0.423268 2.515216 1.151799
v -0.577625 2.440859 1.146246
v -0.590249 2.379451 1.184651
v -0.589484 2.353917 1.202335
v -0.578533 2.324634 1.225962
v -0.565650 2.464110 1.133778
v -0.543087 2.490578 1.122529
v -0.482587 2.250783 1.307273
v -0.418986 2.254247 1.327176
v -0.390507 2.259943 1.333339
v -0.355541 2.275032 1.335337
v -0.508783 2.256647 1.294571
v -0.555620 2.299217 1.250912
v -0.255961 2.380515 1.298333
v -0.249539 2.441820 1.258242
v -0.251174 2.465109 1.241077
v -0.261865 2.491681 1.218359
v -0.267599 2.355020 1.311723
v -0.290927 2.325840 1.323530
v -0.356656 2.560316 1.134997
v -0.416015 2.557241 1.117235
v -0.445311 2.551597 1.111513
v -0.479979 2.537066 1.110307
v -0.330085 2.554503 1.148556
v -0.283597 2.515216 1.193876
v 0.130082 2.409630 1.299021
v 0.291810 2.592908 1.126265
v 0.518903 2.412173 1.195627
v 0.358084 2.214091 1.366774
v -0.606117 2.408968 1.156068
v -0.378402 2.593414 1.099655
v -0.228844 2.411861 1.283374
v -0.457235 2.211029 1.338542
v -0.139787 0.979138 1.447618
v -0.134961 0.897788 1.413145
v -0.126618 0.863846 1.398043
v -0.104678 0.825092 1.379995
v -0.130225 1.015116 1.462111
v -0.105755 1.056284 1.477823
v 0.043529 0.730689 1.329343
v 0.117679 0.730689 1.324840
v 0.156122 0.739006 1.326242
v 0.232685 0.790891 1.344678
v 0.005540 0.739006 1.335376
v -0.068220 0.790891 1.362960
v 0.305005 0.897788 1.386418
v 0.313970 0.979138 1.420060
v 0.306224 1.015116 1.435604
v 0.283843 1.056284 1.454157
v 0.294898 0.863846 1.372431
v 0.270934 0.825092 1.357186
v 0.133274 1.154125 1.503668
v 0.049692 1.154125 1.508741
v 0.011846 1.145925 1.507755
v -0.032268 1.124413 1.501566
v 0.170719 1.145925 1.498102
v 0.213768 1.124413 1.486632
v -0.153177 0.936880 1.429441
v 0.092015 1.179945 1.514917
v 0.325063 0.936880 1.400391
v 0.079819 0.705389 1.314111
v 0.169836 2.420450 1.278443
v 0.298128 2.276654 1.340267
v 0.483119 2.394527 1.214038
v 0.478020 2.420905 1.197405
v -0.564819 2.421320 1.157742
v -0.571177 2.394956 1.173934
v -0.570230 2.363467 1.195744
v -0.556723 2.327345 1.224872
v -0.550041 2.449980 1.142354
v -0.522211 2.482624 1.128484
v -0.460790 2.269933 1.295933
v -0.431519 2.269842 1.306040
v -0.396397 2.276875 1.313630
v -0.353270 2.295480 1.316096
v -0.493096 2.277160 1.280273
v -0.528465 2.296012 1.255660
v -0.268780 2.394047 1.278262
v -0.263668 2.420412 1.261629
v -0.265679 2.449124 1.240454
v -0.278874 2.481898 1.212429
v -0.283117 2.362610 1.294791
v -0.311894 2.326619 1.309336
v -0.372939 2.536248 1.140369
v -0.403468 2.536339 1.129833
v -0.439615 2.529384 1.122775
v -0.482366 2.511454 1.121296
v -0.340166 2.529086 1.157093
v -0.305680 2.510922 1.182250
v -0.121104 0.961441 1.432620
v -0.121480 0.923646 1.416596
v -0.111192 0.881790 1.397978
v -0.084153 0.834031 1.375739
v -0.109310 1.005788 1.450473
v -0.079145 1.056531 1.469844
v 0.060059 0.755431 1.332677
v 0.101668 0.755431 1.330147
v 0.149064 0.765681 1.331860
v 0.202882 0.791864 1.340034
v 0.013221 0.765681 1.340111
v -0.039209 0.791864 1.354747
v 0.292043 0.923646 1.391478
v 0.293600 0.961441 1.407423
v 0.284064 1.005788 1.426587
v 0.256467 1.056531 1.449448
v 0.279575 0.881790 1.374247
v 0.250045 0.834031 1.355447
v 0.110880 1.137219 1.491589
v 0.070465 1.137219 1.494041
v 0.023808 1.127112 1.492821
v -0.030581 1.100592 1.485192
v 0.157043 1.127112 1.484725
v 0.210109 1.100592 1.470583
v 0.270726 2.542709 1.173168
v -0.131341 0.939371 1.431724
v -0.126826 0.899306 1.414287
v 0.275994 0.851391 1.369200
v 0.297077 0.899306 1.388545
v -0.551728 2.309687 1.246734
v -0.516840 2.283011 1.276536
v 0.180268 0.765954 1.337996
v 0.235189 0.802451 1.350530
v -0.545163 2.472504 1.136269
v -0.566934 2.439744 1.152227
v -0.388470 2.546446 1.135970
v -0.422191 2.543371 1.126875
v -0.108246 0.851391 1.392541
v -0.269740 2.381773 1.294545
v -0.260398 2.411200 1.277548
v -0.017010 0.765954 1.349972
v 0.036212 0.747699 1.338684
v -0.509055 2.505927 1.124579
v -0.464267 2.530902 1.121763
v 0.380413 2.530280 1.153499
v -0.069997 0.802451 1.369058
v 0.135026 1.139516 1.498932
v 0.091315 1.144083 1.503383
v -0.258517 2.438809 1.258631
v -0.480459 2.270063 1.297451
v -0.449320 2.266728 1.310153
v -0.104873 1.032048 1.468974
v -0.125853 0.981084 1.448942
v 0.047383 1.139516 1.504265
v -0.265653 2.471661 1.232695
v 0.482548 2.345717 1.253948
v 0.303668 0.939371 1.405308
v -0.416962 2.269881 1.319352
v -0.320120 2.530461 1.171494
v -0.356332 2.543176 1.149607
v -0.062771 1.083764 1.487982
v -0.577249 2.412160 1.168238
v -0.006617 1.121326 1.500113
v -0.286724 2.505252 1.201284
v 0.300295 0.981084 1.423058
v -0.375366 2.282583 1.325333
v 0.081013 0.743041 1.333819
v -0.580519 2.382708 1.187323
v -0.291719 2.345639 1.311593
v 0.281897 1.032048 1.445490
v -0.329397 2.309012 1.323439
v 0.126086 0.747699 1.333235
v -0.573902 2.346483 1.214246
v 0.188130 1.121326 1.488293
v 0.173975 2.471337 1.249212
v 0.242403 1.083764 1.469441
v 0.074603 2.248032 1.028503
v 0.079106 2.216867 1.048548
v 0.094480 2.179708 1.069294
v 0.127033 2.137126 1.088990
v 0.078885 2.281960 1.003734
v 0.096959 2.320651 0.971895
v 0.268170 2.069840 1.095698
v 0.303552 2.069892 1.086395
v 0.343007 2.078390 1.070799
v 0.386900 2.100590 1.044941
v 0.226133 2.078209 1.101536
v 0.175143 2.100278 1.100615
v 0.444611 2.217425 0.952446
v 0.438590 2.248577 0.932803
v 0.422593 2.282466 0.913367
v 0.391091 2.321092 0.894554
v 0.441510 2.180227 0.978045
v 0.422969 2.137567 1.011182
v 0.251161 2.384745 0.885640
v 0.214248 2.384693 0.895332
v 0.174157 2.376298 0.912121
v 0.131263 2.354903 0.938706
v 0.294353 2.376480 0.880515
v 0.344824 2.355227 0.882552
v -0.506317 2.249291 0.897239
v -0.513843 2.218113 0.916390
v -0.512727 2.180876 0.942170
v -0.496755 2.138164 0.976630
v -0.488854 2.283180 0.879049
v -0.455950 2.321792 0.862636
v -0.383306 2.070255 1.060666
v -0.348690 2.070152 1.072616
v -0.307159 2.078468 1.081594
v -0.256156 2.100473 1.084501
v -0.421503 2.078806 1.042139
v -0.463333 2.101096 1.013037
v -0.156239 2.217036 1.039765
v -0.150206 2.248214 1.020095
v -0.152567 2.282168 0.995054
v -0.168176 2.320923 0.961917
v -0.173197 2.179851 1.059304
v -0.207229 2.137295 1.076521
v -0.279419 2.385199 0.876701
v -0.315514 2.385303 0.864245
v -0.358265 2.377077 0.855903
v -0.408814 2.355889 0.854138
v -0.240651 2.376726 0.896474
v -0.199872 2.355254 0.926224
v -0.162000 1.086813 1.146272
v -0.162415 1.044750 1.128445
v -0.150971 0.998184 1.107725
v -0.120871 0.945015 1.082970
v -0.148870 1.136168 1.166149
v -0.115304 1.192647 1.187700
v 0.039624 0.857554 1.035042
v 0.085943 0.857554 1.032226
v 0.138685 0.868958 1.034133
v 0.198575 0.898099 1.043242
v -0.012507 0.868958 1.043319
v -0.070854 0.898099 1.059602
v 0.297804 1.044750 1.100498
v 0.299543 1.086813 1.118234
v 0.288916 1.136168 1.139551
v 0.258206 1.192647 1.165007
v 0.283934 0.998184 1.081309
v 0.251057 0.945015 1.060381
v 0.096193 1.282443 1.211897
v 0.051197 1.282443 1.214635
v -0.000727 1.271207 1.213273
v -0.061253 1.241677 1.204787
v 0.147559 1.271207 1.204268
v 0.206619 1.241677 1.188517
v -0.288696 2.484337 1.182354
v -0.212600 2.376947 0.906257
v 0.274632 2.277497 1.324438
v 0.248008 2.062445 1.106155
v 0.283804 0.989608 1.396538
v 0.293717 1.172030 1.154342
v -0.559513 2.397551 1.151553
v -0.526558 2.198807 0.925342
v -0.293367 2.335545 1.285177
v -0.151854 2.197665 1.054620
v 0.142486 2.109750 1.103145
v 0.079780 0.768120 1.313514
v 0.114215 0.844449 1.025012
v 0.230791 2.395721 0.883253
v 0.179450 1.120093 1.457245
v 0.124529 1.295833 1.215919
v -0.371331 2.276771 1.297996
v -0.223771 2.109944 1.089457
v -0.112697 0.989608 1.420618
v -0.182344 1.065263 1.138487
v 0.248228 1.231609 1.181939
v -0.518578 2.155122 0.957804
v 0.063393 2.266274 1.018875
v 0.176635 0.865494 1.030501
v 0.190946 2.391829 0.896733
v -0.503204 2.277160 1.252494
v -0.405908 2.062977 1.058123
v 0.475425 2.370706 1.210314
v 0.454471 2.233579 0.939082
v -0.177141 1.019099 1.118403
v 0.261203 0.868932 1.346430
v 0.311207 1.019099 1.088743
v -0.491838 2.110749 0.996974
v -0.353594 2.519680 1.134180
v -0.295001 2.396227 0.863428
v 0.239912 0.907531 1.044941
v 0.145431 2.376584 0.919750
v 0.443560 2.266845 0.918920
v -0.155733 0.963906 1.093336
v -0.529607 2.453795 1.121750
v -0.510184 2.267559 0.883032
v 0.287710 2.058578 1.098033
v -0.335664 2.392503 0.852464
v -0.011418 0.789438 1.328538
v 0.010678 0.844449 1.031305
v -0.140579 2.233150 1.034133
v 0.418895 2.306340 0.897771
v -0.111672 0.907531 1.066297
v 0.074162 1.301100 1.221031
v -0.495951 2.484960 1.110865
v 0.326270 2.062562 1.085577
v -0.386381 2.377466 0.846301
v 0.063899 2.232995 1.041775
v -0.138308 2.266443 1.011324
v -0.093183 1.037030 1.439276
v 0.376624 2.346690 0.880476
v 0.023549 1.295833 1.222043
v -0.368372 2.058955 1.073446
v 0.371888 2.078079 1.063741
v 0.318797 1.065263 1.108049
v 0.073540 2.197522 1.063041
v -0.146923 2.306041 0.980056
v -0.054013 1.085153 1.456947
v -0.038664 1.274879 1.217269
v -0.329358 2.062756 1.084540
v 0.416547 2.110165 1.031085
v 0.351038 2.266132 1.340228
v 0.197381 2.504902 1.219487
v 0.459920 2.471765 1.174038
v 0.383034 2.269440 1.329900
v 0.338090 2.542813 1.155458
v 0.420893 2.282324 1.311762
v 0.173288 2.381449 1.311191
v 0.457961 2.308948 1.284671
v 0.193891 2.345289 1.329848
v 0.230505 2.308610 1.344471
v 0.303798 2.545940 1.161984
v 0.188766 2.481937 1.230503
v 0.288073 2.536157 1.165682
v 0.319329 2.536209 1.157469
v 0.214222 2.326541 1.329654
v 0.464799 2.326917 1.263769
v 0.186664 2.362597 1.312969
v 0.434257 2.295610 1.292352
v 0.397085 2.276810 1.314253
v 0.355891 2.529203 1.153136
v 0.363689 2.269622 1.327448
v 0.517566 2.251055 1.293909
v 0.183291 2.250562 1.381799
v 0.153787 2.555658 1.184002
v 0.426187 2.568023 1.103768
v -0.254287 2.567945 1.155614
v -0.525377 2.556813 1.070903
v -0.285193 2.250900 1.364192
v -0.597710 2.239015 1.264820
v -0.109414 1.132004 1.499970
v 0.290149 1.132004 1.475708
v 0.242416 0.741730 1.314279
v -0.081571 0.741730 1.333962
v 0.314904 1.113320 1.128497
v 0.238433 1.091354 1.267195
v 0.062304 0.839091 1.025700
v 0.108817 0.854803 1.173817
v 0.185704 1.274879 1.203645
v 0.116252 1.180749 1.311658
v -0.176012 1.113320 1.158313
v -0.105327 1.014247 1.255751
v 0.205581 1.134365 1.287123
v 0.153891 0.869996 1.177774
v -0.101577 0.980928 1.241246
v 0.286918 0.963906 1.066453
v 0.251057 0.980928 1.219825
v 0.199574 0.900357 1.188206
v -0.086112 0.941058 1.223146
v -0.050627 0.865494 1.044306
v 0.034058 0.854803 1.178358
v -0.054298 0.900357 1.203619
v 0.079897 1.184550 1.315356
v -0.151841 1.172030 1.181407
v 0.043348 1.180749 1.316096
v 0.256532 1.014247 1.233772
v -0.103355 1.231609 1.203282
v -0.001570 1.165621 1.312644
v -0.035900 1.197278 1.220409
v 0.046669 0.882880 1.081477
v 0.259386 1.070530 1.149568
v 0.013636 1.221437 1.227363
v -0.080131 1.157148 1.206422
v 0.257972 1.036096 1.135049
v 0.056141 1.230636 1.228466
v -0.107611 1.110920 1.188790
v -0.043763 0.916069 1.101588
v 0.092962 1.230636 1.226234
v -0.084698 0.954473 1.120712
v 0.004009 0.892222 1.088250
v 0.219710 0.954473 1.102224
v -0.109323 0.997977 1.140979
v 0.176765 0.916069 1.088185
v 0.246620 0.997977 1.119350
v -0.118691 1.036096 1.157936
v 0.183343 1.197278 1.207097
v 0.127734 0.892222 1.080738
v 0.225562 1.157148 1.187855
v -0.118354 1.070530 1.172520
v 0.135013 1.221437 1.219980
v 0.084568 0.882880 1.079181
v 0.250694 1.110920 1.167018
v 0.197511 2.077820 1.109580
v 0.280626 2.189958 1.182173
v 0.098360 2.153941 1.085513
v 0.207501 2.222745 1.180097
v 0.272114 2.391958 0.875390
v 0.268702 2.420943 1.027698
v 0.074370 2.305834 0.988372
v 0.152684 2.331225 1.121686
v 0.241079 2.418245 1.037027
v 0.456625 2.198106 0.962319
v 0.423722 2.308571 1.066388
v 0.102576 2.346275 0.952537
v 0.209538 2.407684 1.052998
v 0.416170 2.331614 1.052415
v 0.308158 2.187285 1.176542
v 0.399070 2.359003 1.037753
v 0.334872 2.190036 1.167914
v 0.323104 2.376856 0.873042
v 0.153034 2.308169 1.137553
v 0.369774 2.386963 1.025765
v 0.366491 2.200805 1.152785
v 0.159716 2.283582 1.152292
v 0.446180 2.154473 0.994068
v 0.397435 2.223030 1.130158
v 0.394750 2.176543 1.034665
v 0.137543 2.209537 1.080167
v 0.366517 2.147583 1.061095
v 0.409281 2.209939 1.008729
v 0.125502 2.238639 1.063936
v 0.333562 2.346963 0.933957
v 0.332148 2.130198 1.081348
v 0.369800 2.320235 0.943351
v 0.121986 2.263031 1.048237
v 0.294041 2.363596 0.932361
v 0.301255 2.123555 1.093557
v 0.394464 2.289992 0.958077
v 0.166346 2.346716 0.977928
v 0.273555 2.123503 1.100848
v 0.406984 2.263459 0.973296
v 0.199937 2.363466 0.957104
v 0.139489 2.319885 1.003903
v 0.411707 2.239067 0.988684
v 0.231336 2.370044 0.943961
v 0.125334 2.289590 1.028840
v 0.200703 2.147337 1.104689
v 0.260230 2.370083 0.936357
v 0.163038 2.176192 1.095594
v 0.240625 2.130055 1.105415
v -0.172314 2.346561 0.942183
v -0.285997 2.406464 1.032447
v -0.522613 2.234305 0.902325
v -0.503048 2.283310 1.045642
v -0.178361 2.154097 1.075185
v -0.243999 2.282518 1.135010
v -0.279199 2.078066 1.091753
v -0.293730 2.221876 1.159091
v -0.497534 2.253105 1.068088
v -0.449774 2.078585 1.032901
v -0.419648 2.189413 1.137437
v -0.479045 2.222434 1.095153
v -0.256260 2.392270 0.879866
v -0.342968 2.419789 1.002839
v -0.483923 2.307053 0.863791
v -0.491734 2.330836 1.016384
v -0.371084 2.417220 0.995262
v -0.236214 2.307053 1.120842
v -0.440394 2.347365 0.849701
v -0.406141 2.406827 0.990993
v -0.234644 2.330070 1.105078
v -0.393699 2.186624 1.148024
v -0.240599 2.357446 1.083462
v -0.366725 2.189245 1.155692
v -0.321690 2.130146 1.083761
v -0.212977 2.319781 0.990163
v -0.477462 2.263757 0.939575
v -0.269675 2.363427 0.938965
v -0.354165 2.123646 1.076742
v -0.200781 2.289473 1.016086
v -0.401198 2.347131 0.905854
v -0.381243 2.123724 1.067400
v -0.198925 2.262914 1.035665
v -0.361652 2.363713 0.907230
v -0.438058 2.320456 0.912510
v -0.203648 2.238522 1.051052
v -0.328229 2.370135 0.913769
v -0.463800 2.290264 0.925342
v -0.443845 2.147856 1.030137
v -0.299984 2.370058 0.923513
v -0.469989 2.176841 1.001671
v -0.411123 2.130418 1.052908
v -0.243519 2.176153 1.079791
v -0.482470 2.210250 0.974710
v -0.281793 2.147363 1.086045
v -0.216908 2.209446 1.066336
v -0.483352 2.239365 0.954548
v -0.237771 2.346638 0.962242
v 0.122324 0.004285 -0.219593
v 0.161027 0.003999 -0.191556
v 0.014233 0.000107 0.234398
v -0.033513 0.000159 0.232607
v -0.014233 3.099030 -0.234398
v -0.061408 3.098991 -0.226846
v 0.107312 3.094645 0.228222
v 0.148000 3.094866 0.203168
v 0.183031 3.095151 0.170654
v 0.211043 3.095488 0.131938
v -0.106209 3.098862 -0.210213
v 0.078898 0.004493 -0.239522
v -0.243830 0.002391 0.005774
v -0.242040 0.002832 -0.041998
v -0.219646 0.001521 0.097802
v -0.236266 0.001949 0.052975
v 0.230972 3.095891 0.088499
v -0.162117 0.000782 0.173560
v -0.194618 0.001132 0.138516
v 0.032410 0.004622 -0.250603
v -0.146910 3.098654 -0.185172
v -0.242727 3.096760 0.023769
v -0.235176 3.096319 0.070983
v -0.078898 3.094645 0.239522
v -0.032410 3.094515 0.250603
v 0.242040 3.096319 0.041985
v -0.123414 0.000496 0.201585
v 0.061421 0.000159 0.226846
v -0.181929 3.098369 -0.152658
v -0.015336 0.004674 -0.252406
v 0.243830 3.096760 -0.005774
v -0.079988 0.000289 0.221527
v -0.062511 0.004622 -0.244842
v 0.146897 0.000496 0.185172
v 0.106209 0.000289 0.210213
v -0.209941 3.098018 -0.113942
v 0.236266 3.097201 -0.052975
v 0.209941 0.001132 0.113942
v 0.181929 0.000782 0.152658
v -0.229869 3.097629 -0.070504
v -0.107299 0.004493 -0.228222
v 0.229869 0.001521 0.070491
v 0.219646 3.097629 -0.097802
v -0.148000 0.004285 -0.203168
v -0.240937 3.097201 -0.023990
v 0.062511 3.094528 0.244842
v 0.194618 3.098018 -0.138516
v 0.240937 0.001949 0.023990
v -0.183031 0.003999 -0.170667
v 0.162117 3.098369 -0.173560
v 0.242727 0.002391 -0.023769
v -0.211043 0.003662 -0.131938
v 0.123414 3.098654 -0.201585
v 0.015336 3.094476 0.252393
v 0.235176 0.002832 -0.070983
v -0.230959 0.003260 -0.088499
v 0.079988 3.098862 -0.221527
v 0.218556 0.003260 -0.115797
v -0.218556 3.095891 0.115797
v -0.193515 3.095488 0.156511
v -0.161027 3.095151 0.191556
v 0.033513 3.098991 -0.232607
v 0.193515 0.003662 -0.156511
v -0.122324 3.094866 0.219593
v 0.100929 3.103805 -0.011236
v -0.100332 3.103481 0.021019
v -0.100929 -0.004655 0.011236
v 0.100332 -0.004330 -0.021019
v -0.095259 3.103143 0.040351
v 0.095843 3.104142 -0.030568
v -0.095843 -0.004992 0.030568
v 0.095246 -0.003993 -0.040351
v -0.086501 3.102832 0.058320
v 0.087098 3.104454 -0.048538
v -0.087098 -0.005303 0.048538
v 0.086501 -0.003682 -0.058320
v -0.074409 3.102560 0.074227
v 0.075006 3.104726 -0.064445
v -0.075006 -0.005576 0.064457
v 0.074422 -0.003409 -0.074227
v -0.059462 3.102326 0.087487
v 0.060059 3.104973 -0.077704
v -0.060046 -0.005822 0.077704
v 0.059462 -0.003175 -0.087487
v -0.042206 3.102131 0.097555
v 0.042803 3.105154 -0.087786
v -0.042803 -0.006004 0.087786
v 0.042206 -0.002981 -0.097555
v -0.023315 3.102002 0.104081
v 0.023912 3.105284 -0.094299
v -0.023912 -0.006134 0.094299
v 0.023315 -0.002851 -0.104081
v -0.003516 3.101937 0.106780
v 0.004113 3.105349 -0.096998
v -0.004113 -0.006199 0.096998
v 0.003516 -0.002786 -0.106780
v 0.016426 3.101937 0.105573
v -0.015829 3.105349 -0.095791
v 0.015829 -0.006199 0.095791
v -0.016426 -0.002786 -0.105573
v 0.035745 3.102002 0.100487
v -0.035148 3.105284 -0.090705
v 0.035148 -0.006134 0.090705
v -0.035745 -0.002851 -0.100487
v 0.053702 3.102131 0.091730
v -0.053105 3.105154 -0.081960
v 0.053105 -0.006004 0.081960
v -0.053702 -0.002981 -0.091730
v 0.069608 3.102326 0.079637
v 0.069011 -0.005822 0.069868
v -0.069011 3.104973 -0.069868
v 0.082855 3.102560 0.064678
v -0.069608 -0.003175 -0.079650
v 0.082258 -0.005576 0.054895
v -0.082258 3.104726 -0.054895
v 0.092923 3.102832 0.047422
v -0.082855 -0.003409 -0.064678
v 0.092327 -0.005303 0.037639
v -0.092327 3.104454 -0.037639
v 0.099437 3.103143 0.028518
v -0.092923 -0.003682 -0.047422
v 0.098840 -0.004992 0.018735
v -0.098840 3.104142 -0.018735
v 0.102135 3.103481 0.008719
v -0.099437 -0.003993 -0.028518
v -0.101552 3.103805 0.001064
v 0.101539 -0.004655 -0.001064
v -0.102135 -0.004330 -0.008719
v 0.139165 3.104519 -0.062005
v 0.123310 3.104908 -0.087799
v -0.093079 3.105544 -0.117368
v -0.115279 3.105258 -0.096764
v -0.152671 3.104090 -0.015232
v -0.153800 3.103649 0.015037
v -0.049991 3.101534 0.151737
v -0.020539 3.101405 0.158756
v -0.149700 -0.004940 0.033604
v -0.154488 -0.004499 0.003698
v -0.067986 -0.002384 -0.144562
v -0.039598 -0.002254 -0.155097
v -0.133028 3.104908 -0.072229
v -0.145652 3.104519 -0.044697
v -0.149012 3.103195 0.044944
v 0.102719 3.105258 -0.109998
v 0.078197 3.105544 -0.127760
v 0.009718 3.101366 0.159885
v 0.039598 3.101405 0.155097
v -0.123310 -0.005757 0.087799
v -0.139165 -0.005368 0.061992
v 0.115966 3.102027 0.108104
v 0.133715 3.102378 0.083569
v 0.153800 -0.004499 -0.015037
v 0.152671 -0.004940 0.015232
v 0.050678 3.105751 -0.140397
v 0.021226 3.105881 -0.147417
v 0.149012 -0.004045 -0.044944
v 0.154488 3.103649 -0.003698
v 0.149700 3.104090 -0.033604
v 0.067986 3.101534 0.144562
v 0.093780 3.101742 0.128694
v 0.146340 3.102767 0.056037
v 0.153359 3.103195 0.026572
v -0.078197 -0.006393 0.127760
v -0.102719 -0.006108 0.109998
v -0.009017 3.105920 -0.148558
v -0.038911 3.105881 -0.143771
v 0.122622 -0.003227 -0.099138
v 0.138477 -0.003617 -0.073332
v -0.115966 -0.002877 -0.108104
v -0.093767 -0.002592 -0.128694
v -0.153359 -0.004045 -0.026572
v -0.021226 -0.006731 0.147417
v -0.050678 -0.006601 0.140397
v -0.138477 3.102767 0.073332
v -0.067299 3.105751 -0.133235
v -0.146340 -0.003617 -0.056037
v -0.133715 -0.003227 -0.083569
v 0.077510 -0.002592 -0.139100
v 0.102032 -0.002877 -0.121338
v 0.038911 -0.006731 0.143758
v 0.009017 -0.006782 0.148558
v 0.133028 -0.005757 0.072229
v 0.115279 -0.006108 0.096764
v -0.122622 3.102378 0.099138
v -0.102032 3.102027 0.121338
v 0.020539 -0.002254 -0.158756
v 0.049991 -0.002384 -0.151737
v 0.093079 -0.006393 0.117355
v 0.067299 -0.006601 0.133235
v 0.145652 -0.005368 0.044697
v -0.077510 3.101742 0.139100
v -0.009718 -0.002215 -0.159898
v -0.258154 2.385445 1.057280
v -0.500323 2.307845 1.029722
v -0.262332 2.252405 1.149230
v -0.332044 2.199845 1.160687
v -0.449969 2.200195 1.119999
v -0.316189 2.417051 1.014205
v -0.473583 2.358147 1.003085
v -0.443482 2.386016 0.993342
v -0.319835 2.507834 1.154589
v -0.562562 2.370109 1.169341
v -0.272867 2.369227 1.269283
v -0.328476 2.301409 1.296219
v -0.556399 2.336337 1.194434
v -0.469288 2.265107 1.271995
v -0.535718 2.302032 1.224716
v -0.383553 2.522742 1.121478
v -0.549899 2.423266 1.136619
v -0.414977 2.519861 1.113006
v -0.264161 2.396655 1.253442
v -0.454199 2.508236 1.108231
v -0.262410 2.422397 1.235809
v -0.440264 2.261980 1.283841
v -0.269065 2.453017 1.211638
v -0.410098 2.264925 1.292417
v -0.292731 2.464291 1.127057
v -0.542296 2.355279 1.119246
v -0.271531 2.324880 1.232838
v -0.337467 2.261785 1.252871
v -0.541400 2.325685 1.139733
v -0.298569 2.291043 1.246526
v -0.468899 2.244555 1.219189
v -0.528711 2.291730 1.167122
v -0.355956 2.488087 1.087692
v -0.502153 2.262278 1.196055
v -0.522432 2.407009 1.089561
v -0.384655 2.488177 1.077793
v -0.258050 2.354423 1.217308
v -0.496275 2.437694 1.076508
v -0.418623 2.481638 1.071150
v -0.253249 2.379205 1.201673
v -0.438538 2.237756 1.233915
v -0.458818 2.464797 1.069761
v -0.255131 2.406204 1.181770
v -0.411020 2.237679 1.243412
v -0.325154 2.481366 1.103404
v -0.536314 2.380061 1.104014
v -0.267534 2.437006 1.155432
v -0.377999 2.244283 1.250548
v 0.245633 2.200624 1.184560
v 0.176920 2.253378 1.167875
v 0.297337 2.418336 1.022236
v 0.160287 2.358640 1.100537
v 0.425214 2.283985 1.082489
v 0.179840 2.386678 1.075717
v 0.332679 2.407865 1.020614
v 0.417974 2.253741 1.104494
v 0.313763 2.265574 1.321778
v 0.170719 2.423526 1.254142
v 0.473751 2.398199 1.192306
v 0.234281 2.509015 1.177333
v 0.465305 2.423966 1.176684
v 0.171108 2.397745 1.271878
v 0.413433 2.485842 1.146895
v 0.285076 2.245580 1.278716
v 0.206035 2.292574 1.268713
v 0.305031 2.490085 1.106505
v 0.244401 2.263186 1.277977
v 0.167631 2.408086 1.200713
v 0.275605 2.490033 1.114251
v 0.459337 2.356616 1.159804
v 0.182045 2.438952 1.175309
v 0.243622 2.483338 1.127641
v 0.454536 2.381462 1.144131
v 0.318602 2.238911 1.274058
v 0.209409 2.466276 1.148841
v 0.441782 2.408501 1.128627
v 0.346822 2.238950 1.266637
v 0.339491 2.483481 1.102431
v 0.164218 2.381034 1.220460
v 0.416651 2.439302 1.113628
v 0.378298 2.245723 1.254207
v 0.379751 2.466523 1.104053
v 0.167799 2.356175 1.236458
v 0.456872 2.326943 1.180227
v 0.413303 2.263433 1.233578
v 0.180073 2.326528 1.253000
v 0.442068 2.292924 1.206656
v 0.253730 1.048954 1.248537
v 0.071334 0.850937 1.174310
v 0.160430 1.165621 1.302797
v -0.100760 1.048954 1.270062
v 0.233528 0.941058 1.203736
v -0.010211 0.869996 1.187739
v -0.083309 1.091354 1.286747
v -0.048291 1.134365 1.302537
v 0.266691 1.037030 1.417414
v 0.121714 0.772454 1.312956
v 0.130044 1.137025 1.467145
v -0.117809 0.950789 1.404608
v 0.229947 1.085153 1.439704
v 0.172133 0.789438 1.317393
v -0.113618 0.913513 1.388390
v 0.280820 0.913513 1.364426
v 0.223226 0.823392 1.329057
v -0.096323 0.868932 1.368149
v 0.038093 0.772454 1.318042
v -0.060734 0.823392 1.346300
v 0.089368 1.141280 1.471284
v 0.048486 1.137025 1.472101
v 0.286944 0.950789 1.380021
v -0.001765 1.120093 1.468248
v 0.267483 1.031827 1.356018
v 0.096453 0.797067 1.265586
v 0.148377 1.145614 1.410537
v -0.112450 0.990244 1.361675
v 0.241598 1.079418 1.377465
v 0.140890 0.806681 1.267195
v 0.198134 1.120729 1.397277
v -0.112813 0.954798 1.346650
v 0.263279 0.915563 1.306936
v 0.191361 0.831228 1.274863
v -0.103160 0.915563 1.329200
v 0.235591 0.870762 1.289303
v 0.013506 0.806681 1.274927
v -0.077808 0.870762 1.308337
v 0.105094 1.155072 1.416973
v -0.035654 0.831228 1.288642
v -0.101396 1.031827 1.378425
v 0.067182 1.155072 1.419269
v 0.274969 0.954798 1.323102
v -0.073111 1.079418 1.396576
v 0.023432 1.145614 1.418127
v 0.276435 0.990244 1.338048
v 0.057425 0.797067 1.267947
v -0.027571 1.120729 1.410978
v 0.173638 2.394060 1.295414
v 0.173456 2.449176 1.257464
v 0.333730 2.269570 1.335337
v 0.254962 2.295337 1.339489
v 0.464488 2.449604 1.180953
v 0.437812 2.482300 1.165020
v 0.480498 2.363038 1.235718
v 0.254119 2.529047 1.179902
v 0.217803 2.510935 1.202413
v 0.398629 2.511207 1.154861
v 0.489425 2.411381 1.208316
v 0.318083 2.269336 1.346975
v 0.164867 2.438498 1.274538
v 0.276162 2.282103 1.349816
v 0.197809 2.336479 1.305781
v 0.332459 2.520925 1.142951
v 0.179217 2.454184 1.230503
v 0.201066 2.485518 1.202737
v 0.371966 2.509209 1.141134
v 0.467329 2.336895 1.234914
v 0.232957 2.530059 1.192280
v 0.480381 2.438978 1.191579
v 0.165295 2.410888 1.293546
v 0.424824 2.505239 1.159675
v 0.491215 2.381929 1.227596
v 0.231997 2.302240 1.319443
v 0.300425 2.523844 1.149049
v 0.269545 2.520821 1.159493
v 0.344538 2.262590 1.315486
v 0.446193 2.454573 1.160298
v 0.374418 2.265665 1.305833
v 0.409761 2.277705 1.288901
v 0.178581 2.370252 1.288369
v 0.444364 2.302564 1.263601
v -0.325284 3.080425 0.030438
v -0.594077 2.993535 0.046708
v -0.862818 2.849102 0.061966
v -1.098409 2.654731 0.074850
v -1.291781 2.417894 0.084853
v -1.435513 2.147687 0.091587
v -1.524077 1.854489 0.094818
v -1.554074 1.549575 0.094390
v -1.524349 1.244661 0.090342
v -1.436045 0.951463 0.082816
v -1.292560 0.681256 0.072112
v -1.099395 0.444419 0.058645
v -0.863973 0.250048 0.042907
v -0.595361 0.105616 0.025534
v -0.326568 0.018725 0.009160
v -0.322884 3.080918 -0.033565
v -0.589705 2.994391 -0.070062
v -0.856474 2.850361 -0.107559
v -1.090313 2.656327 -0.140929
v -1.282271 2.419776 -0.168876
v -1.424952 2.149776 -0.190336
v -1.512867 1.856708 -0.204478
v -1.542644 1.551833 -0.210758
v -1.513139 1.246880 -0.208942
v -1.425484 0.953552 -0.199107
v -1.283049 0.683137 -0.181604
v -1.091299 0.446015 -0.157134
v -0.857628 0.251307 -0.126618
v -0.590989 0.106485 -0.091237
v -0.324168 0.019232 -0.054843
v -0.308054 3.081398 -0.095869
v -0.562640 2.995234 -0.183745
v -0.817174 2.851568 -0.272595
v -1.040309 2.657871 -0.350974
v -1.223471 2.421579 -0.415859
v -1.359612 2.151774 -0.464773
v -1.443505 1.858836 -0.495821
v -1.471920 1.554012 -0.507809
v -1.443778 1.249008 -0.500284
v -1.360144 0.955563 -0.473544
v -1.224249 0.684941 -0.428600
v -1.041295 0.447559 -0.367179
v -0.818328 0.252513 -0.291654
v -0.563924 0.107315 -0.204919
v -0.309338 0.019699 -0.117134
v -0.281352 3.081839 -0.154072
v -0.513920 2.996000 -0.289955
v -0.746463 2.852683 -0.426784
v -0.950305 2.659285 -0.547226
v -1.117637 2.423240 -0.646624
v -1.242011 2.153630 -0.721188
v -1.318665 1.860808 -0.768026
v -1.344640 1.556010 -0.785347
v -1.318937 1.250980 -0.772489
v -1.242543 0.957418 -0.729946
v -1.118416 0.686614 -0.659352
v -0.951291 0.448973 -0.563431
v -0.747617 0.253629 -0.445843
v -0.515218 0.108081 -0.311129
v -0.282650 0.020140 -0.175337
v -0.243817 3.082215 -0.205945
v -0.445441 2.996675 -0.384617
v -0.647039 2.853656 -0.564210
v -0.823765 2.660531 -0.722135
v -0.968833 2.424706 -0.852296
v -1.076677 2.155251 -0.949708
v -1.143145 1.862520 -1.010624
v -1.165682 1.557775 -1.032706
v -1.143418 1.252705 -1.015100
v -1.077209 0.959040 -0.958479
v -0.969611 0.688068 -0.865024
v -0.824751 0.450219 -0.738328
v -0.648194 0.254602 -0.583269
v -0.446725 0.108756 -0.405778
v -0.245114 0.020529 -0.227223
v -0.196901 3.082540 -0.249500
v -0.359822 2.997219 -0.464085
v -0.522730 2.854461 -0.679592
v -0.665554 2.661543 -0.868981
v -0.782791 2.425900 -1.024961
v -0.869954 2.156588 -1.141575
v -0.923694 1.863935 -1.214311
v -0.941924 1.559215 -1.240376
v -0.923954 1.254120 -1.218774
v -0.870486 0.960377 -1.150346
v -0.783570 0.689274 -1.037701
v -0.666527 0.451231 -0.885186
v -0.523885 0.255406 -0.698638
v -0.361107 0.109300 -0.485260
v -0.198186 0.020840 -0.270778
v -0.142382 3.082773 -0.283052
v -0.260334 2.997634 -0.525312
v -0.378298 2.855058 -0.768480
v -0.481731 2.662308 -0.982119
v -0.566649 2.426795 -1.158001
v -0.629796 2.157574 -1.289394
v -0.668732 1.864985 -1.371237
v -0.681966 1.560279 -1.400378
v -0.669005 1.255170 -1.375700
v -0.630328 0.961363 -1.298165
v -0.567427 0.690169 -1.170742
v -0.482717 0.451996 -0.998324
v -0.379466 0.256003 -0.787540
v -0.261618 0.109716 -0.546486
v -0.143667 0.021087 -0.304330
v -0.082362 3.082916 -0.305316
v -0.150829 2.997881 -0.565948
v -0.219321 2.855421 -0.827476
v -0.279380 2.662775 -1.057202
v -0.328722 2.427340 -1.246293
v -0.365414 2.158184 -1.387494
v -0.388068 1.865634 -1.475384
v -0.395813 1.560941 -1.506561
v -0.388340 1.255819 -1.479847
v -0.365946 0.961972 -1.396265
v -0.329488 0.690714 -1.259034
v -0.280366 0.452450 -1.073407
v -0.220476 0.256366 -0.846535
v -0.152113 0.109962 -0.587122
v -0.083660 0.021230 -0.326594
v -0.019163 3.082968 -0.315449
v -0.035498 2.997972 -0.584437
v -0.051885 2.855538 -0.854307
v -0.066287 2.662931 -1.091351
v -0.078133 2.427534 -1.286449
v -0.086981 2.158391 -1.432114
v -0.092495 1.865855 -1.522741
v -0.094441 1.561161 -1.554852
v -0.092755 1.256027 -1.527217
v -0.087513 0.962180 -1.440884
v -0.078911 0.690896 -1.299177
v -0.067273 0.452619 -1.107556
v -0.053040 0.256483 -0.873353
v -0.036783 0.110053 -0.605598
v -0.020448 0.021268 -0.336727
v 0.044801 3.082916 -0.313049
v 0.081220 2.997881 -0.580039
v 0.117562 2.855421 -0.847936
v 0.149389 2.662775 -1.083242
v 0.175467 2.427340 -1.276926
v 0.194799 2.158184 -1.421526
v 0.206645 1.865634 -1.511505
v 0.210563 1.560941 -1.543396
v 0.206373 1.255819 -1.515968
v 0.194267 0.961972 -1.430297
v 0.174689 0.690714 -1.289653
v 0.148402 0.452450 -1.099447
v 0.116407 0.256366 -0.866996
v 0.079936 0.109962 -0.601213
v 0.043517 0.021230 -0.334327
v 0.107066 3.082773 -0.298206
v 0.194838 2.997634 -0.552961
v 0.282520 2.855058 -0.808624
v 0.359329 2.662308 -1.033199
v 0.422333 2.426795 -1.218073
v 0.469106 2.157574 -1.356135
v 0.497858 1.864985 -1.442091
v 0.507472 1.560279 -1.472620
v 0.497586 1.255170 -1.446554
v 0.468574 0.961363 -1.364906
v 0.421555 0.690156 -1.230801
v 0.358343 0.451996 -1.049404
v 0.281352 0.256003 -0.827670
v 0.193554 0.109716 -0.574135
v 0.105781 0.021087 -0.319484
v 0.165256 3.082540 -0.271492
v 0.301009 2.997219 -0.504229
v 0.436631 2.854461 -0.737861
v 0.555478 2.661543 -0.943143
v 0.652994 2.425900 -1.112175
v 0.725392 2.156588 -1.238469
v 0.769934 1.863935 -1.317173
v 0.784880 1.559215 -1.345249
v 0.769661 1.254120 -1.321636
v 0.724860 0.960377 -1.247240
v 0.652216 0.689274 -1.124903
v 0.554505 0.451231 -0.959348
v 0.435477 0.255406 -0.756907
v 0.299711 0.109300 -0.525390
v 0.163959 0.020840 -0.292770
v 0.217103 3.082215 -0.233944
v 0.395619 2.996675 -0.435697
v 0.573992 2.853656 -0.638372
v 0.730309 2.660531 -0.816525
v 0.858562 2.424706 -0.963293
v 0.953821 2.155251 -1.073031
v 1.012427 1.862520 -1.141549
v 1.032122 1.557775 -1.166188
v 1.012155 1.252705 -1.146026
v 0.953289 0.959040 -1.081815
v 0.857797 0.688068 -0.976021
v 0.729323 0.450219 -0.832730
v 0.572838 0.254602 -0.657431
v 0.394334 0.108756 -0.456871
v 0.215818 0.020529 -0.255209
v 0.260645 3.081839 -0.186989
v 0.475062 2.996000 -0.350026
v 0.689323 2.852683 -0.513998
v 0.877090 2.659285 -0.658210
v 1.031162 2.423240 -0.777147
v 1.145598 2.153630 -0.866204
v 1.216010 1.860808 -0.921969
v 1.239702 1.556010 -0.942313
v 1.215738 1.250980 -0.926445
v 1.145066 0.957418 -0.874975
v 1.030384 0.686614 -0.789875
v 0.876104 0.448973 -0.674415
v 0.688168 0.253629 -0.533045
v 0.473777 0.108081 -0.371201
v 0.259348 0.020140 -0.208267
v 0.294184 3.081398 -0.132444
v 0.536263 2.995234 -0.250486
v 0.778185 2.851568 -0.369501
v 0.990189 2.657871 -0.474309
v 1.164151 2.421579 -0.560888
v 1.293364 2.151774 -0.625903
v 1.372885 1.858836 -0.666877
v 1.399639 1.554012 -0.682226
v 1.372613 1.249008 -0.671353
v 1.292832 0.955563 -0.634674
v 1.163373 0.684941 -0.573616
v 0.989203 0.447559 -0.490514
v 0.777018 0.252513 -0.388548
v 0.534978 0.107315 -0.271660
v 0.292887 0.019699 -0.153722
v 0.316448 3.080918 -0.072398
v 0.576886 2.994391 -0.140929
v 0.837154 2.850361 -0.210434
v 1.065246 2.656327 -0.271855
v 1.252404 2.419776 -0.322832
v 1.391439 2.149776 -0.361392
v 1.476992 1.856708 -0.386070
v 1.505796 1.551833 -0.395917
v 1.476720 1.246880 -0.390546
v 1.390907 0.953552 -0.370163
v 1.251638 0.683137 -0.335560
v 1.064260 0.446015 -0.288060
v 0.836000 0.251307 -0.229493
v 0.575601 0.106485 -0.162103
v 0.315151 0.019232 -0.093676
v 0.326568 3.080425 -0.009160
v 0.595361 2.993535 -0.025534
v 0.863973 2.849102 -0.042920
v 1.099395 2.654731 -0.058645
v 1.292560 2.417894 -0.072112
v 1.436045 2.147687 -0.082829
v 1.524349 1.854489 -0.090342
v 1.554074 1.549575 -0.094390
v 1.524077 1.244661 -0.094818
v 1.435513 0.951463 -0.091587
v 1.291781 0.681256 -0.084853
v 1.098409 0.444419 -0.074850
v 0.862818 0.250048 -0.061966
v 0.594077 0.105616 -0.046708
v 0.325284 0.018725 -0.030438
v 0.324168 3.079919 0.054843
v 0.590989 2.992665 0.091237
v 0.857628 2.847844 0.126618
v 1.091299 2.653135 0.157134
v 1.283049 2.416013 0.181604
v 1.425484 2.145598 0.199094
v 1.513139 1.852271 0.208942
v 1.542644 1.547318 0.210758
v 1.512867 1.242443 0.204478
v 1.424952 0.949374 0.190336
v 1.282271 0.679375 0.168876
v 1.090326 0.442823 0.140929
v 0.856460 0.248790 0.107559
v 0.589705 0.104746 0.070062
v 0.322884 0.018232 0.033565
v 0.309338 3.079452 0.117134
v 0.563924 2.991835 0.204919
v 0.818328 2.846637 0.291654
v 1.041295 2.651591 0.367179
v 1.224249 2.414197 0.428600
v 1.360144 2.143587 0.473544
v 1.443778 1.850130 0.500284
v 1.471920 1.545138 0.507809
v 1.443505 1.240315 0.495821
v 1.359612 0.947363 0.464773
v 1.223471 0.677571 0.415859
v 1.040309 0.441279 0.350974
v 0.817174 0.247583 0.272595
v 0.562640 0.103916 0.183745
v 0.308054 0.017752 0.095856
v 0.282650 3.079011 0.175337
v 0.515218 2.991069 0.311129
v 0.747617 2.845521 0.445843
v 0.951291 2.650177 0.563431
v 1.118403 2.412536 0.659352
v 1.242543 2.141732 0.729946
v 1.318937 1.848171 0.772489
v 1.344640 1.543140 0.785347
v 1.318665 1.238343 0.768026
v 1.242011 0.945521 0.721175
v 1.117637 0.675898 0.646624
v 0.950305 0.439865 0.547226
v 0.746463 0.246467 0.426784
v 0.513933 0.103151 0.289955
v 0.281352 0.017311 0.154072
v 0.245114 3.078621 0.227223
v 0.446725 2.990395 0.405778
v 0.648194 2.844548 0.583269
v 0.824751 2.648932 0.738328
v 0.969611 2.411070 0.865024
v 1.077209 2.140110 0.958479
v 1.143418 1.846445 1.015087
v 1.165682 1.541375 1.032706
v 1.143145 1.236630 1.010624
v 1.076677 0.943899 0.949708
v 0.968846 0.674444 0.852296
v 0.823765 0.438620 0.722122
v 0.647039 0.245494 0.564210
v 0.445441 0.102476 0.384617
v 0.243817 0.016922 0.205945
v 0.198186 3.078297 0.270765
v 0.361107 2.989837 0.485260
v 0.523885 2.843744 0.698638
v 0.666527 2.647920 0.885173
v 0.783570 2.409876 1.037701
v 0.870486 2.138774 1.150333
v 0.923954 1.845031 1.218774
v 0.941924 1.539935 1.240376
v 0.923681 1.235216 1.214311
v 0.869954 0.942563 1.141562
v 0.782791 0.673251 1.024961
v 0.665554 0.437608 0.868968
v 0.522730 0.244690 0.679592
v 0.359809 0.101931 0.464085
v 0.196901 0.016611 0.249500
v -0.189882 3.101924 0.018579
v 0.143667 3.078063 0.304330
v 0.261618 2.989435 0.546486
v 0.379466 2.843147 0.787540
v 0.477345 2.640342 1.011986
v 0.584489 2.409863 1.164462
v 0.619844 2.151035 1.300682
v 0.669005 1.843980 1.375700
v 0.681966 1.538871 1.400378
v 0.668732 1.234165 1.371237
v 0.629796 0.941577 1.289394
v 0.566649 0.672356 1.158001
v 0.481731 0.436842 0.982119
v 0.378311 0.244093 0.768480
v 0.260334 0.101516 0.525312
v 0.142382 0.016377 0.283052
v 0.083660 3.077921 0.326594
v 0.152113 2.989175 0.587122
v 0.220476 2.842784 0.846535
v 0.276720 2.661854 1.062003
v 0.368126 2.121622 1.404452
v 0.388340 1.843331 1.479847
v 0.395813 1.538210 1.506561
v 0.379401 1.222838 1.479133
v 0.389858 0.939981 1.383433
v 0.320146 0.676728 1.255881
v 0.279393 0.436375 1.057202
v 0.219321 0.243730 0.827476
v 0.150829 0.101269 0.565948
v 0.082362 0.016234 0.305316
v 0.020448 3.077869 0.336727
v 0.036783 2.989097 0.605598
v 0.053040 2.842667 0.873353
v 0.076329 2.637838 1.118805
v 0.060137 2.408592 1.302628
v 0.097841 2.150243 1.437926
v 0.092755 1.843124 1.527217
v 0.094441 1.537989 1.554852
v 0.092949 1.257078 1.530331
v 0.077354 0.647315 1.273513
v 0.066287 0.436220 1.091351
v 0.051885 0.243613 0.854307
v 0.035498 0.101179 0.584424
v 0.019163 0.016183 0.315449
v -0.043517 3.077921 0.334314
v -0.079936 2.989175 0.601213
v -0.116407 2.842784 0.866996
v -0.160482 2.639927 1.107816
v -0.157005 2.409240 1.293922
v -0.204323 2.150464 1.426574
v -0.206386 1.843331 1.515968
v -0.210563 1.538210 1.543396
v -0.197602 1.222838 1.514177
v -0.219555 0.939981 1.420450
v -0.165788 0.676728 1.285398
v -0.149376 0.436375 1.083242
v -0.117562 0.243730 0.847936
v -0.081220 0.101269 0.580039
v -0.044801 0.016234 0.313049
v -0.105781 3.078063 0.319471
v -0.193554 2.989435 0.574135
v -0.281352 2.843147 0.827670
v -0.354983 2.662308 1.037909
v -0.471079 2.121323 1.373508
v -0.497586 1.843980 1.446554
v -0.507472 1.538871 1.472620
v -0.497858 1.234165 1.442091
v -0.469106 0.941577 1.356135
v -0.422333 0.672356 1.218073
v -0.359329 0.436842 1.033199
v -0.282507 0.244093 0.808611
v -0.194838 0.101516 0.552961
v -0.107079 0.016377 0.298206
v -0.163959 3.078297 0.292770
v -0.299711 2.989837 0.525390
v -0.435477 2.843744 0.756907
v -0.553246 2.639188 0.973711
v -0.668875 2.409772 1.118039
v -0.712301 2.149945 1.252676
v -0.769661 1.845031 1.321636
v -0.784880 1.539935 1.345249
v -0.769934 1.235216 1.317173
v -0.725392 0.942563 1.238469
v -0.652981 0.673251 1.112175
v -0.555478 0.437608 0.943143
v -0.436631 0.244690 0.737861
v -0.300996 0.101931 0.504216
v -0.165256 0.016611 0.271492
v -0.215818 3.078621 0.255209
v -0.394334 2.990395 0.456871
v -0.572838 2.844548 0.657431
v -0.729323 2.648932 0.832730
v -0.857784 2.411070 0.976021
v -0.953289 2.140110 1.081802
v -1.012155 1.846445 1.146026
v -1.032122 1.541375 1.166188
v -1.012427 1.236630 1.141549
v -0.953821 0.943899 1.073031
v -0.858562 0.674444 0.963293
v -0.730309 0.438620 0.816512
v -0.573992 0.245494 0.638372
v -0.395619 0.102476 0.435697
v -0.217103 0.016922 0.233944
v -0.259348 3.079011 0.208267
v -0.473764 2.991069 0.371201
v -0.688155 2.845521 0.533045
v -0.876104 2.650177 0.674415
v -1.030384 2.412536 0.789875
v -1.145066 2.141732 0.874962
v -1.215738 1.848171 0.926445
v -1.239702 1.543140 0.942313
v -1.216010 1.238343 0.921969
v -1.145598 0.945521 0.866204
v -1.031162 0.675898 0.777134
v -0.877090 0.439865 0.658210
v -0.689323 0.246467 0.513998
v -0.475049 0.103151 0.350026
v -0.260632 0.017311 0.186989
v -0.190738 -0.002773 0.004541
v -0.292887 3.079452 0.153722
v -0.534978 2.991835 0.271660
v -0.777018 2.846637 0.388548
v -0.989203 2.651591 0.490501
v -1.163373 2.414197 0.573616
v -1.292832 2.143587 0.634674
v -1.372613 1.850143 0.671353
v -1.399639 1.545138 0.682226
v -1.372885 1.240315 0.666877
v -1.293364 0.947363 0.625903
v -1.164138 0.677571 0.560875
v -0.990189 0.441279 0.474296
v -0.778172 0.247583 0.369488
v -0.536263 0.103916 0.250486
v -0.294184 0.017752 0.132444
v -0.315151 3.079919 0.093676
v -0.575601 2.992665 0.162090
v -0.836000 2.847844 0.229480
v -1.064260 2.653135 0.288060
v -1.251638 2.416013 0.335560
v -1.390907 2.145598 0.370163
v -1.476720 1.852271 0.390546
v -1.505796 1.547318 0.395917
v -1.476992 1.242443 0.386070
v -1.391439 0.949374 0.361392
v -1.252404 0.679375 0.322819
v -1.065246 0.442823 0.271855
v -0.837154 0.248790 0.210434
v -0.576886 0.104746 0.140929
v -0.316448 0.018232 0.072398
v 0.152269 2.410655 1.296011
v 0.353413 2.249446 1.349181
v 0.501011 2.411667 1.204022
v 0.300178 2.561276 1.150722
v 0.167812 2.374793 1.316290
v 0.186885 2.342240 1.332949
v 0.216181 2.291523 1.356226
v 0.158354 2.444622 1.271346
v 0.167021 2.474217 1.248394
v 0.391026 2.262330 1.331678
v 0.425084 2.274396 1.315045
v 0.476255 2.291912 1.287837
v 0.312011 2.262213 1.352450
v 0.274151 2.274176 1.354734
v 0.482743 2.445971 1.185533
v 0.463826 2.475540 1.169834
v 0.432155 2.505460 1.157080
v 0.498507 2.375299 1.229348
v 0.490177 2.342694 1.253195
v 0.263720 2.549015 1.169873
v 0.229779 2.537234 1.187323
v 0.183096 2.520121 1.209782
v 0.341204 2.550585 1.148322
v 0.393232 2.542904 1.138526
v -0.588576 2.411459 1.163762
v -0.452097 2.249122 1.319508
v -0.248384 2.411446 1.280416
v -0.385161 2.561782 1.124618
v -0.586396 2.375156 1.189789
v -0.579922 2.342551 1.214194
v -0.559863 2.309713 1.243270
v -0.570554 2.445880 1.145961
v -0.550470 2.475410 1.131715
v -0.411331 2.262732 1.325269
v -0.373731 2.274643 1.330380
v -0.316007 2.291899 1.336219
v -0.488049 2.261344 1.299709
v -0.539597 2.268753 1.274979
v -0.253159 2.445790 1.254921
v -0.260048 2.475410 1.231385
v -0.279186 2.505434 1.203204
v -0.264680 2.375118 1.300046
v -0.284972 2.342577 1.315213
v -0.426148 2.549703 1.120258
v -0.464124 2.538077 1.115899
v -0.515477 2.521185 1.108594
v -0.349754 2.550909 1.145403
v -0.301087 2.543008 1.166175
v -0.142460 0.938670 1.431491
v 0.080585 0.728444 1.326683
v 0.314671 0.938670 1.403725
v 0.091626 1.158303 1.508469
v -0.130835 0.890431 1.410290
v -0.113462 0.847226 1.390634
v -0.078872 0.803502 1.369628
v -0.132132 0.988843 1.451978
v -0.112554 1.034734 1.469986
v 0.131536 0.739940 1.328902
v 0.198251 0.755315 1.329965
v 0.244064 0.803502 1.350024
v 0.030270 0.739940 1.335052
v -0.035823 0.755315 1.344173
v 0.306899 0.988843 1.425315
v 0.289643 1.034734 1.445555
v 0.258400 1.099502 1.472322
v 0.300568 0.890431 1.384082
v 0.280937 0.847226 1.366683
v 0.039352 1.146263 1.506951
v -0.009342 1.129227 1.502941
v -0.078314 1.099502 1.492769
v 0.143316 1.146263 1.500632
v 0.191166 1.129227 1.490771
v 0.170965 2.407515 1.287033
v 0.481303 2.407982 1.205436
v 0.170563 2.433957 1.268842
v 0.317253 2.271996 1.338191
v 0.277123 2.284218 1.340916
v 0.472636 2.434411 1.189412
v 0.419453 2.497856 1.158870
v 0.483015 2.379788 1.223899
v 0.235747 2.521613 1.190087
v -0.568699 2.408397 1.165500
v -0.446271 2.269220 1.301318
v -0.265471 2.407489 1.270114
v -0.388029 2.536936 1.134621
v -0.571826 2.380229 1.183768
v -0.565494 2.345562 1.209536
v -0.544268 2.310336 1.240623
v -0.558825 2.434800 1.150177
v -0.537988 2.466160 1.134906
v -0.415301 2.272243 1.310127
v -0.375495 2.284400 1.315849
v -0.331499 2.309700 1.314033
v -0.476074 2.272424 1.289160
v -0.510884 2.284802 1.269141
v -0.263655 2.433918 1.252014
v -0.270493 2.465343 1.227194
v -0.290655 2.497506 1.197132
v -0.274411 2.379334 1.286384
v -0.295443 2.344744 1.302706
v -0.420309 2.533978 1.125928
v -0.460569 2.522041 1.121024
v -0.503437 2.498142 1.123722
v -0.357279 2.533796 1.147673
v -0.322624 2.521626 1.168614
v -0.122311 0.942303 1.424614
v 0.080844 0.754484 1.330964
v 0.293834 0.942303 1.399340
v 0.090692 1.138141 1.493159
v -0.117990 0.903977 1.407942
v -0.100215 0.858138 1.387118
v -0.063614 0.811313 1.364672
v -0.117043 0.982213 1.441079
v -0.096984 1.030958 1.460255
v 0.123958 0.758947 1.330394
v 0.175792 0.776411 1.334948
v 0.228325 0.811313 1.346936
v 0.037976 0.758947 1.335609
v -0.012923 0.776411 1.346404
v 0.290603 0.982213 1.416311
v 0.273010 1.030958 1.437784
v 0.235228 1.080430 1.460696
v 0.287528 0.903977 1.383304
v 0.267366 0.858138 1.364802
v 0.048667 1.133768 1.494002
v -0.002997 1.116356 1.490045
v -0.056712 1.080430 1.478420
v 0.132509 1.133768 1.488903
v 0.183304 1.116356 1.478718
v 0.053481 2.233008 1.044539
v 0.289241 2.049470 1.103794
v 0.464903 2.233618 0.936370
v 0.229273 2.404622 0.877557
v 0.064237 2.194966 1.067296
v 0.090899 2.149595 1.090469
v 0.136803 2.104054 1.108516
v 0.053183 2.269012 1.019758
v 0.065353 2.310271 0.987737
v 0.330772 2.054024 1.090145
v 0.378220 2.070930 1.066920
v 0.424137 2.104495 1.032966
v 0.246347 2.053895 1.112344
v 0.193567 2.070658 1.115458
v 0.452888 2.269609 0.914664
v 0.426433 2.310816 0.892789
v 0.382294 2.352464 0.875066
v 0.466823 2.195563 0.961437
v 0.455120 2.150139 0.994704
v 0.186457 2.400132 0.892179
v 0.139178 2.383642 0.916558
v 0.094960 2.352036 0.950603
v 0.273762 2.400275 0.869227
v 0.326958 2.383927 0.867177
v -0.532863 2.234357 0.898822
v -0.370357 2.049795 1.079103
v -0.130355 2.233137 1.037688
v -0.293055 2.405154 0.857823
v -0.536704 2.196277 0.923694
v -0.527596 2.150788 0.957765
v -0.499610 2.105053 0.998285
v -0.519188 2.270361 0.878063
v -0.491098 2.311555 0.858225
v -0.328177 2.054167 1.090858
v -0.275708 2.070865 1.097942
v -0.218491 2.104210 1.095269
v -0.410773 2.054414 1.062353
v -0.456365 2.071410 1.035613
v -0.128149 2.269181 1.012972
v -0.137828 2.310492 0.980108
v -0.164543 2.352321 0.940834
v -0.142849 2.195083 1.059577
v -0.171264 2.149724 1.080699
v -0.336831 2.400859 0.846172
v -0.389793 2.384589 0.840139
v -0.445649 2.353178 0.843849
v -0.251420 2.400599 0.875637
v -0.206074 2.384031 0.903519
v -0.192555 1.065289 1.139123
v 0.062057 0.829749 1.021743
v 0.329008 1.065289 1.107440
v 0.074409 1.310598 1.225027
v -0.186677 1.016037 1.117702
v -0.163686 0.959170 1.091818
v -0.118133 0.901667 1.064195
v -0.185354 1.116292 1.160155
v -0.159470 1.176701 1.183859
v 0.117251 0.835834 1.021146
v 0.181513 0.858319 1.027153
v 0.246062 0.901667 1.042074
v 0.007201 0.835834 1.027828
v -0.055868 0.858319 1.041568
v 0.324402 1.116292 1.129198
v 0.301580 1.176701 1.155847
v 0.254690 1.237383 1.183989
v 0.320574 1.016037 1.086888
v 0.294638 0.959170 1.063988
v 0.020487 1.304616 1.225936
v -0.043607 1.282080 1.220616
v -0.109518 1.237383 1.206111
v 0.128032 1.304616 1.219397
v 0.191024 1.282080 1.206370
v 0.271907 2.533731 1.171780
v 0.348794 2.268934 1.331743
v 0.201689 2.497532 1.216127
v 0.453044 2.465809 1.172610
v 0.379440 2.272087 1.321843
v 0.376923 2.521833 1.152967
v 0.336416 2.533835 1.154822
v 0.415690 2.284426 1.304483
v 0.178620 2.379334 1.303938
v 0.474711 2.345120 1.249121
v 0.451163 2.309921 1.278547
v 0.198341 2.344705 1.321791
v 0.233398 2.309596 1.335804
v 0.303565 2.536832 1.161076
v 0.179282 2.465394 1.244593
v 0.256662 1.089447 1.157677
v 0.240625 1.133859 1.177229
v 0.065599 0.882024 1.079921
v 0.104860 0.886085 1.079402
v 0.158925 1.211641 1.214518
v 0.112658 1.227496 1.223795
v -0.114656 1.089447 1.180227
v -0.119443 1.053093 1.165228
v 0.206217 1.178919 1.198092
v 0.152074 0.901991 1.083553
v -0.115512 1.018178 1.150035
v 0.235487 0.976439 1.110748
v 0.253859 1.018178 1.127602
v 0.199924 0.933792 1.094478
v -0.099320 0.976439 1.131079
v -0.019812 0.901991 1.093998
v 0.026546 0.886085 1.084163
v -0.065988 0.933792 1.110631
v 0.074565 1.231479 1.227661
v -0.096388 1.133859 1.197690
v 0.036290 1.227496 1.228440
v 0.259594 1.053093 1.142211
v -0.059696 1.178919 1.214246
v -0.010769 1.211641 1.224820
v 0.221202 2.137048 1.106012
v 0.258310 2.125747 1.103495
v 0.148351 2.192994 1.088328
v 0.180774 2.160519 1.101277
v 0.276033 2.367878 0.933918
v 0.245659 2.370654 0.939705
v 0.130718 2.304588 1.016942
v 0.122648 2.275525 1.039362
v 0.216376 2.367787 0.949605
v 0.411603 2.225430 0.997792
v 0.410021 2.251509 0.980730
v 0.151439 2.334313 0.990617
v 0.182941 2.356590 0.966523
v 0.402002 2.275940 0.965913
v 0.287489 2.122919 1.097527
v 0.383890 2.304977 0.950370
v 0.315813 2.125838 1.088367
v 0.313490 2.356785 0.932193
v 0.123024 2.251081 1.056190
v 0.352816 2.334624 0.937668
v 0.349339 2.137243 1.072317
v 0.130108 2.225015 1.071811
v 0.403922 2.193371 1.021133
v 0.382151 2.160818 1.048328
v -0.223875 2.334222 0.976008
v -0.253444 2.356538 0.949630
v -0.481056 2.251808 0.946750
v -0.483949 2.225742 0.963643
v -0.228312 2.192930 1.073654
v -0.208851 2.224912 1.058565
v -0.302345 2.137113 1.085824
v -0.261657 2.160506 1.084137
v -0.478085 2.193682 0.987477
v -0.427575 2.137489 1.042619
v -0.395372 2.126033 1.061133
v -0.458467 2.161103 1.016229
v -0.285504 2.367787 0.930259
v -0.313944 2.370693 0.918193
v -0.452655 2.305224 0.918453
v -0.471922 2.276226 0.932582
v -0.343799 2.367956 0.910149
v -0.200586 2.250964 1.043514
v -0.420686 2.334819 0.908112
v -0.381035 2.356914 0.905608
v -0.198912 2.275408 1.026764
v -0.367814 2.123075 1.072382
v -0.205231 2.304484 1.003812
v -0.339167 2.125864 1.080517
v -0.188481 3.102365 -0.018787
v -0.189337 -0.002332 -0.032825
v -0.179827 3.102793 -0.055168
v -0.180683 -0.001904 -0.069206
v -0.164231 3.103195 -0.089148
v -0.165088 -0.001502 -0.103199
v -0.142317 3.103533 -0.119443
v -0.143174 -0.001151 -0.133482
v -0.114915 3.103818 -0.144874
v -0.115772 -0.000879 -0.158912
v -0.083089 3.104039 -0.164465
v -0.083945 -0.000658 -0.178503
v -0.048045 3.104155 -0.177478
v -0.048901 -0.000529 -0.191517
v -0.011132 3.104207 -0.183382
v -0.011988 -0.000490 -0.197433
v 0.026209 3.104155 -0.181981
v 0.025352 -0.000529 -0.196019
v 0.062576 3.104039 -0.173314
v 0.061720 -0.000658 -0.187352
v 0.096543 3.103818 -0.157718
v 0.095687 -0.000879 -0.171756
v 0.126826 3.103533 -0.135791
v 0.125970 -0.001151 -0.149830
v 0.152243 3.103195 -0.108376
v 0.151387 -0.001502 -0.122414
v 0.171821 3.102793 -0.076524
v 0.170965 -0.001904 -0.090562
v 0.184822 3.102365 -0.041467
v 0.183966 -0.002332 -0.055505
v 0.190738 3.101924 -0.004541
v 0.189882 -0.002773 -0.018579
v 0.189337 3.101482 0.032825
v 0.188481 -0.003214 0.018787
v 0.180683 3.101054 0.069206
v 0.179827 -0.003643 0.055168
v 0.165088 3.100652 0.103186
v 0.164231 -0.004045 0.089148
v 0.143174 3.100302 0.133482
v 0.142317 -0.004382 0.119443
v 0.115772 3.100029 0.158912
v 0.114915 -0.004668 0.144874
v 0.083945 3.099809 0.178503
v 0.083089 -0.004888 0.164465
v 0.048901 3.099679 0.191517
v 0.048045 -0.005005 0.177478
v 0.011988 3.099640 0.197420
v 0.011132 -0.005057 0.183382
v -0.025365 3.099679 0.196019
v -0.026209 -0.005005 0.181981
v -0.061720 3.099809 0.187352
v -0.062576 -0.004888 0.173314
v -0.095687 3.100029 0.171756
v -0.096543 -0.004668 0.157718
v -0.125970 3.100302 0.149830
v -0.126813 -0.004382 0.135791
v -0.151387 3.100652 0.122414
v -0.152243 -0.004045 0.108376
v -0.170978 3.101054 0.090562
v -0.171821 -0.003643 0.076524
v -0.183979 3.101482 0.055505
v -0.184822 -0.003214 0.041467
v -0.124101 3.103649 0.012650
v -0.124711 -0.004499 0.002465
v -0.123180 3.104039 -0.011781
v -0.123803 -0.004097 -0.021966
v -0.117523 3.104415 -0.035563
v -0.118133 -0.003720 -0.045748
v -0.107325 3.104765 -0.057776
v -0.107948 -0.003370 -0.067960
v -0.093001 3.105076 -0.077575
v -0.093624 -0.003059 -0.087759
v -0.075096 3.105323 -0.094208
v -0.075706 -0.002812 -0.104380
v -0.054285 3.105518 -0.107014
v -0.054908 -0.002631 -0.117199
v -0.031372 3.105634 -0.115512
v -0.031995 -0.002514 -0.125697
v -0.007253 3.105673 -0.119379
v -0.007876 -0.002475 -0.129563
v 0.017165 3.105634 -0.118457
v 0.016543 -0.002514 -0.128642
v 0.040935 3.105518 -0.112801
v 0.040312 -0.002631 -0.122972
v 0.063134 3.105323 -0.102603
v 0.062524 -0.002812 -0.112787
v 0.082933 3.105076 -0.088266
v 0.082310 -0.003059 -0.098450
v 0.099553 3.104765 -0.070335
v 0.098931 -0.003370 -0.080533
v 0.112346 3.104415 -0.049524
v 0.111737 -0.003720 -0.059709
v 0.120845 3.104039 -0.026598
v 0.120235 -0.004097 -0.036783
v 0.124711 3.103649 -0.002465
v 0.124101 -0.004499 -0.012650
v 0.123803 3.103247 0.021966
v 0.123180 -0.004888 0.011781
v 0.118146 3.102871 0.045748
v 0.117523 -0.005264 0.035563
v 0.107948 3.102520 0.067960
v 0.107325 -0.005615 0.057776
v 0.093624 3.102209 0.087759
v 0.093001 -0.005926 0.077575
v 0.075719 3.101963 0.104380
v 0.075096 -0.006173 0.094195
v 0.054908 3.101768 0.117199
v 0.054285 -0.006367 0.107014
v 0.031995 3.101664 0.125697
v 0.031372 -0.006484 0.115512
v 0.007876 3.101612 0.129563
v 0.007253 -0.006523 0.119379
v -0.016543 3.101664 0.128642
v -0.017165 -0.006484 0.118457
v -0.040312 3.101768 0.122972
v -0.040935 -0.006367 0.112788
v -0.062524 3.101963 0.112787
v -0.063134 -0.006173 0.102603
v -0.082310 3.102209 0.098450
v -0.082933 -0.005926 0.088266
v -0.098931 3.102520 0.080520
v -0.099553 -0.005615 0.070348
v -0.111737 3.102871 0.059709
v -0.112346 -0.005264 0.049524
v -0.120235 3.103247 0.036783
v -0.120845 -0.004888 0.026598
v -0.278615 2.451680 1.141043
v -0.539973 2.367917 1.111306
v -0.283117 2.308078 1.240273
v -0.358356 2.251354 1.252637
v -0.485623 2.251743 1.208732
v -0.341243 2.485790 1.094556
v -0.511105 2.422202 1.082554
v -0.478617 2.452277 1.072045
v -0.308664 2.474347 1.114238
v -0.542905 2.341436 1.128484
v -0.263331 2.340592 1.224937
v -0.316993 2.275136 1.250925
v -0.536950 2.308844 1.152708
v -0.452888 2.240105 1.227545
v -0.517008 2.275746 1.181926
v -0.370150 2.488735 1.082282
v -0.530684 2.392737 1.096904
v -0.400484 2.485959 1.074108
v -0.254936 2.367060 1.209653
v -0.438318 2.474736 1.069502
v -0.253237 2.391906 1.192630
v -0.424889 2.237095 1.238988
v -0.259659 2.421449 1.169302
v -0.395775 2.239936 1.247253
v 0.265277 2.252703 1.279326
v 0.191076 2.309687 1.261304
v 0.321132 2.487840 1.104027
v 0.173119 2.423370 1.188595
v 0.459233 2.342733 1.169094
v 0.194228 2.453639 1.161777
v 0.359290 2.476526 1.102276
v 0.451422 2.310076 1.192851
v 0.303085 2.241195 1.276757
v 0.224096 2.276602 1.274499
v 0.290201 2.490655 1.109918
v 0.164906 2.393762 1.211430
v 0.260372 2.487749 1.119999
v 0.457624 2.369292 1.151695
v 0.226301 2.476332 1.137242
v 0.449463 2.394190 1.136606
v 0.332809 2.238301 1.270672
v 0.431000 2.423759 1.120777
v 0.361665 2.241272 1.261356
v 0.165282 2.368851 1.228569
v 0.399356 2.453951 1.107842
v 0.395813 2.252898 1.245008
v 0.172496 2.342305 1.244489
v 0.429236 2.276913 1.220564
v 0.273620 1.009719 1.346391
v 0.076913 0.796184 1.266351
v 0.173002 1.135520 1.404906
v -0.108649 1.009719 1.369615
v 0.251822 0.893376 1.298074
v -0.011015 0.816736 1.280831
v -0.089836 1.055441 1.387585
v -0.052067 1.101825 1.404634
v 0.257116 1.055441 1.366515
v 0.117341 0.800362 1.265806
v 0.125373 1.151842 1.414468
v -0.113579 0.972300 1.354163
v 0.221695 1.101825 1.388000
v 0.165957 0.816736 1.270088
v -0.109531 0.936361 1.338529
v 0.270726 0.936361 1.315434
v 0.215221 0.849471 1.281324
v -0.092859 0.893376 1.319015
v 0.036718 0.800362 1.270711
v -0.058554 0.849471 1.297957
v 0.086151 1.155942 1.418451
v 0.046747 1.151842 1.419243
v 0.276643 0.972300 1.330471
v -0.001700 1.135520 1.415519
v -0.130485 0.919857 1.423343
v -0.126826 0.899306 1.414287
v -0.131341 0.939371 1.431724
v 0.288761 0.876120 1.379074
v 0.297077 0.899306 1.388545
v 0.275994 0.851391 1.369200
v -0.535212 2.294714 1.262433
v -0.516840 2.283011 1.276536
v -0.551728 2.309687 1.246734
v 0.208591 0.782107 1.343316
v 0.235189 0.802451 1.350530
v 0.180268 0.765954 1.337996
v -0.557748 2.455598 1.144040
v -0.566934 2.439744 1.152227
v -0.545163 2.472504 1.136269
v -0.404597 2.545836 1.130975
v -0.422191 2.543371 1.126875
v -0.388470 2.546446 1.135970
v -0.119729 0.876120 1.403894
v -0.108246 0.851391 1.392541
v 0.257894 0.826181 1.359418
v -0.263863 2.397148 1.286059
v -0.260398 2.411200 1.277548
v -0.269740 2.381773 1.294545
v 0.010328 0.754744 1.343394
v 0.036212 0.747699 1.338684
v -0.017010 0.765954 1.349972
v -0.528672 2.489708 1.129548
v -0.509055 2.505927 1.124579
v -0.442366 2.538570 1.123593
v -0.464267 2.530902 1.121763
v -0.091470 0.826181 1.380631
v -0.069997 0.802451 1.369058
v 0.112424 1.143123 1.501735
v 0.091315 1.144083 1.503383
v 0.135026 1.139516 1.498932
v -0.258530 2.424693 1.268674
v -0.258517 2.438809 1.258631
v -0.044477 0.782107 1.358691
v -0.464501 2.267468 1.304522
v -0.449320 2.266728 1.310153
v -0.480459 2.270063 1.297451
v -0.487037 2.519835 1.122036
v -0.117757 1.005736 1.458763
v -0.125853 0.981084 1.448942
v -0.104873 1.032048 1.468974
v 0.070166 1.143123 1.504304
v 0.047383 1.139516 1.504265
v -0.260619 2.454703 1.246552
v -0.265653 2.471661 1.232695
v 0.301787 0.919857 1.397095
v 0.303668 0.939371 1.405308
v -0.433907 2.267364 1.315084
v -0.416962 2.269881 1.319352
v -0.338453 2.538259 1.159441
v -0.356332 2.543176 1.149607
v -0.320120 2.530461 1.171494
v -0.086229 1.058776 1.479004
v -0.062771 1.083764 1.487982
v -0.573188 2.425653 1.160116
v -0.577249 2.412160 1.168238
v 0.021395 1.132562 1.503032
v -0.006617 1.121326 1.500113
v -0.274411 2.488943 1.217282
v -0.286724 2.505252 1.201284
v 0.303422 0.959365 1.413755
v 0.300295 0.981084 1.423058
v -0.397202 2.274721 1.323011
v -0.375366 2.282583 1.325333
v -0.302423 2.519277 1.185740
v 0.059294 0.744027 1.335609
v 0.081013 0.743041 1.333819
v -0.579844 2.398108 1.177048
v -0.580519 2.382708 1.187323
v -0.035459 1.104835 1.495066
v -0.278848 2.364297 1.303329
v -0.291719 2.345639 1.311593
v 0.293458 1.005736 1.433787
v 0.281897 1.032048 1.445490
v -0.352154 2.294170 1.325593
v -0.329397 2.309012 1.323439
v 0.102797 0.744027 1.332976
v 0.126086 0.747699 1.333235
v -0.578845 2.365205 1.199831
v -0.573902 2.346483 1.214246
v 0.160676 1.132562 1.494560
v 0.188130 1.121326 1.488293
v -0.308910 2.326697 1.318535
v -0.130082 0.959365 1.440093
v 0.264602 1.058776 1.457699
v 0.242403 1.083764 1.469441
v -0.498247 2.275019 1.288162
v 0.152334 0.754744 1.334766
v -0.564742 2.327462 1.230282
v 0.216142 1.104835 1.479782
v -0.372693 2.545732 1.141978
v -0.191244 2.363466 0.923422
v -0.212600 2.376947 0.906257
v -0.172314 2.346561 0.942183
v 0.223953 2.068309 1.108763
v 0.248008 2.062445 1.106155
v 0.197511 2.077820 1.109580
v 0.307029 1.141721 1.140862
v 0.293717 1.172030 1.154342
v 0.314904 1.113320 1.128497
v -0.525740 2.217360 0.912951
v -0.526558 2.198807 0.925342
v -0.522613 2.234305 0.902325
v -0.162830 2.176608 1.065207
v -0.151854 2.197665 1.054620
v -0.178361 2.154097 1.075185
v 0.118354 2.131093 1.095412
v 0.142486 2.109750 1.103145
v 0.098360 2.153941 1.085513
v 0.087396 0.840233 1.024714
v 0.114215 0.844449 1.025012
v 0.062304 0.839091 1.025700
v 0.250616 2.394956 0.878712
v 0.230791 2.395721 0.883253
v 0.272114 2.391958 0.875390
v 0.154072 1.287827 1.210872
v 0.124529 1.295833 1.215919
v 0.185704 1.274879 1.203645
v -0.251213 2.092040 1.092052
v -0.223771 2.109944 1.089457
v -0.279199 2.078066 1.091753
v 0.169616 2.091819 1.107790
v -0.180891 1.088305 1.148115
v -0.182344 1.065263 1.138487
v -0.176012 1.113320 1.158313
v 0.273788 1.202832 1.168407
v 0.248228 1.231609 1.181939
v -0.524547 2.177697 0.940418
v -0.518578 2.155122 0.957804
v 0.067052 2.285412 1.004565
v 0.063393 2.266274 1.018875
v 0.074370 2.305834 0.988372
v -0.199081 2.131248 1.083553
v 0.144458 0.852571 1.026790
v 0.176635 0.865494 1.030501
v 0.211290 2.394891 0.889052
v 0.190946 2.391829 0.896733
v 0.217972 1.255884 1.193837
v -0.427354 2.068958 1.046926
v -0.405908 2.062977 1.058123
v -0.449774 2.078585 1.032901
v 0.456755 2.216647 0.949903
v 0.454471 2.233579 0.939082
v 0.456625 2.198106 0.962319
v -0.181345 1.042791 1.128834
v -0.177141 1.019099 1.118403
v 0.301631 0.992398 1.077832
v 0.311207 1.019099 1.088743
v 0.286918 0.963906 1.066453
v -0.507537 2.132183 0.977136
v -0.491838 2.110749 0.996974
v 0.086306 2.326645 0.970636
v 0.102576 2.346275 0.952537
v -0.275981 2.395358 0.870668
v -0.295001 2.396227 0.863428
v -0.256260 2.392270 0.879866
v 0.209279 0.884100 1.036638
v 0.239912 0.907531 1.044941
v 0.168565 2.385938 0.906944
v 0.145431 2.376584 0.919750
v -0.471935 2.092701 1.015904
v 0.450345 2.249849 0.928975
v 0.443560 2.266845 0.918920
v -0.168967 0.992398 1.106414
v -0.155733 0.963906 1.093336
v 0.266068 0.934869 1.055178
v -0.499104 2.286683 0.873172
v -0.510184 2.267559 0.883032
v -0.483923 2.307053 0.863791
v 0.268741 2.059396 1.102548
v 0.287710 2.058578 1.098033
v -0.314450 2.395474 0.857408
v -0.335664 2.392503 0.852464
v -0.019124 0.852571 1.036715
v 0.010678 0.844449 1.031305
v -0.050627 0.865494 1.044306
v 0.122856 2.363142 0.935268
v -0.144757 2.216206 1.044396
v -0.140579 2.233150 1.034133
v 0.433297 2.285970 0.908268
v 0.418895 2.306340 0.897771
v -0.136401 0.934869 1.079635
v -0.111672 0.907531 1.066297
v 0.098477 1.299998 1.219137
v 0.074162 1.301100 1.221031
v -0.464059 2.327812 0.855695
v -0.440394 2.347365 0.849701
v 0.306445 2.059448 1.092636
v 0.326270 2.062562 1.085577
v -0.359978 2.386717 0.848507
v -0.386381 2.377466 0.846301
v -0.082271 0.884100 1.054348
v 0.296649 2.386133 0.873262
v 0.323104 2.376856 0.873042
v 0.062485 2.249265 1.030955
v 0.063899 2.232995 1.041775
v -0.138334 2.249420 1.023443
v -0.138308 2.266443 1.011324
v -0.166697 1.141721 1.169626
v -0.151841 1.172030 1.181407
v 0.399732 2.327112 0.888222
v 0.376624 2.346690 0.880476
v 0.049796 1.299998 1.222095
v 0.023549 1.295833 1.222043
v -0.386666 2.059837 1.066661
v -0.368372 2.058955 1.073446
v 0.348495 2.068491 1.076028
v 0.371888 2.078079 1.063741
v -0.413848 2.364128 0.846639
v 0.316643 1.042791 1.098591
v 0.318797 1.065263 1.108049
v 0.350429 2.363479 0.875429
v 0.067273 2.216063 1.052311
v 0.073540 2.197522 1.063041
v -0.140851 2.285606 0.996767
v -0.146923 2.306041 0.980056
v -0.130368 1.202832 1.192942
v -0.103355 1.231609 1.203282
v 0.453459 2.177010 0.977188
v 0.446180 2.154473 0.994068
v -0.006383 1.287827 1.220629
v -0.038664 1.274879 1.217269
v -0.349793 2.059733 1.079388
v -0.329358 2.062756 1.084540
v 0.395256 2.092156 1.048457
v 0.416547 2.110165 1.031085
v -0.234696 2.386341 0.891725
v 0.318524 1.088305 1.117780
v -0.517722 2.250562 0.892556
v 0.083660 2.176452 1.074419
v -0.157485 2.326891 0.961463
v 0.037276 0.840233 1.027763
v 0.433699 2.131560 1.012492
v -0.071879 1.255884 1.211443
v -0.305537 2.068582 1.088951
v 0.183888 2.488605 1.234499
v 0.173975 2.471337 1.249212
v 0.197381 2.504902 1.219487
v 0.287606 2.545252 1.166798
v 0.270726 2.542709 1.173168
v 0.303798 2.545940 1.161984
v 0.320250 2.545304 1.158209
v 0.338090 2.542813 1.155458
v 0.210473 2.326308 1.338048
v 0.230505 2.308610 1.344471
v 0.193891 2.345289 1.329848
v 0.472194 2.326710 1.269245
v 0.482548 2.345717 1.253948
v 0.457961 2.308948 1.284671
v 0.181695 2.363973 1.320637
v 0.173288 2.381449 1.311191
v 0.440290 2.294001 1.299086
v 0.420893 2.282324 1.311762
v 0.401470 2.274358 1.321973
v 0.383034 2.269440 1.329900
v 0.358447 2.537987 1.153693
v 0.380413 2.530280 1.153499
v 0.366582 2.266858 1.335765
v 0.351038 2.266132 1.340228
v 0.491332 2.397317 1.217295
v 0.489425 2.411381 1.208316
v 0.491215 2.381929 1.227596
v 0.167890 2.454392 1.262666
v 0.164867 2.438498 1.274538
v 0.253016 2.293715 1.348337
v 0.276162 2.282103 1.349816
v 0.298115 2.274202 1.349142
v 0.318083 2.269336 1.346975
v 0.488594 2.364427 1.239935
v 0.168085 2.396837 1.302291
v 0.165295 2.410888 1.293546
v 0.403079 2.519186 1.155484
v 0.424824 2.505239 1.159675
v 0.444001 2.488995 1.166097
v 0.459920 2.471765 1.174038
v 0.164102 2.424395 1.284567
v 0.471857 2.454846 1.182743
v 0.480381 2.438978 1.191579
v 0.214222 2.518901 1.205150
v 0.232957 2.530059 1.192280
v 0.335287 2.266806 1.343991
v 0.486012 2.424875 1.199922
v 0.252147 2.537818 1.181641
v -0.059696 1.178919 1.214246
v -0.035900 1.197278 1.220409
v -0.010769 1.211641 1.224820
v 0.065599 0.882024 1.079921
v 0.046669 0.882880 1.081477
v 0.026546 0.886085 1.084163
v 0.256662 1.089447 1.157677
v 0.259386 1.070530 1.149568
v 0.259594 1.053093 1.142211
v 0.013636 1.221437 1.227363
v 0.036290 1.227496 1.228440
v -0.096388 1.133859 1.197690
v -0.080131 1.157148 1.206422
v 0.257972 1.036096 1.135049
v 0.253859 1.018178 1.127602
v 0.056141 1.230636 1.228466
v 0.074565 1.231479 1.227661
v -0.114656 1.089447 1.180227
v -0.107611 1.110920 1.188790
v -0.019812 0.901991 1.093998
v -0.043763 0.916069 1.101588
v -0.065988 0.933792 1.110631
v 0.092962 1.230636 1.226234
v 0.112658 1.227496 1.223795
v -0.084698 0.954473 1.120712
v -0.099320 0.976439 1.131079
v 0.004009 0.892222 1.088250
v 0.235487 0.976439 1.110748
v 0.219710 0.954473 1.102224
v 0.199924 0.933792 1.094478
v -0.109323 0.997977 1.140979
v -0.115512 1.018178 1.150035
v 0.176765 0.916069 1.088185
v 0.152074 0.901991 1.083553
v 0.246620 0.997977 1.119350
v -0.118691 1.036096 1.157936
v -0.119443 1.053093 1.165228
v 0.158925 1.211641 1.214518
v 0.183343 1.197278 1.207097
v 0.206217 1.178919 1.198092
v 0.127734 0.892222 1.080738
v 0.104860 0.886085 1.079402
v 0.225562 1.157148 1.187855
v 0.240625 1.133859 1.177229
v -0.118354 1.070530 1.172520
v 0.135013 1.221437 1.219980
v 0.084568 0.882880 1.079181
v 0.250694 1.110920 1.167018
v 0.403922 2.193371 1.021133
v 0.394750 2.176543 1.034665
v 0.382151 2.160818 1.048328
v 0.148351 2.192994 1.088328
v 0.137543 2.209537 1.080167
v 0.130108 2.225015 1.071811
v 0.366517 2.147583 1.061095
v 0.349339 2.137243 1.072317
v 0.411603 2.225430 0.997792
v 0.409281 2.209939 1.008729
v 0.125502 2.238639 1.063936
v 0.123024 2.251081 1.056190
v 0.313490 2.356785 0.932193
v 0.333562 2.346963 0.933957
v 0.352816 2.334624 0.937668
v 0.332148 2.130198 1.081348
v 0.315813 2.125838 1.088367
v 0.369800 2.320235 0.943351
v 0.383890 2.304977 0.950370
v 0.121986 2.263031 1.048237
v 0.122648 2.275525 1.039362
v 0.276033 2.367878 0.933918
v 0.294041 2.363596 0.932361
v 0.301255 2.123555 1.093557
v 0.287489 2.122919 1.097527
v 0.394464 2.289992 0.958077
v 0.402002 2.275940 0.965913
v 0.151439 2.334313 0.990617
v 0.166346 2.346716 0.977928
v 0.182941 2.356590 0.966523
v 0.273555 2.123503 1.100848
v 0.258310 2.125747 1.103495
v 0.406984 2.263459 0.973296
v 0.410021 2.251509 0.980730
v 0.199937 2.363466 0.957104
v 0.216376 2.367787 0.949605
v 0.130718 2.304588 1.016942
v 0.139489 2.319885 1.003903
v 0.411707 2.239067 0.988684
v 0.231336 2.370044 0.943961
v 0.245659 2.370654 0.939705
v 0.125334 2.289590 1.028840
v 0.221202 2.137048 1.106012
v 0.200703 2.147337 1.104689
v 0.180774 2.160519 1.101277
v 0.260230 2.370083 0.936357
v 0.163038 2.176192 1.095594
v 0.240625 2.130055 1.105415
v -0.302345 2.137113 1.085824
v -0.321690 2.130146 1.083761
v -0.339167 2.125864 1.080517
v -0.223875 2.334222 0.976008
v -0.212977 2.319781 0.990163
v -0.205231 2.304484 1.003812
v -0.481056 2.251808 0.946750
v -0.477462 2.263757 0.939575
v -0.471922 2.276226 0.932582
v -0.285504 2.367787 0.930259
v -0.269675 2.363427 0.938965
v -0.253444 2.356538 0.949630
v -0.354165 2.123646 1.076742
v -0.367814 2.123075 1.072382
v -0.200781 2.289473 1.016086
v -0.198912 2.275408 1.026764
v -0.420686 2.334819 0.908112
v -0.401198 2.347131 0.905854
v -0.381035 2.356914 0.905608
v -0.381243 2.123724 1.067400
v -0.395372 2.126033 1.061133
v -0.198925 2.262914 1.035665
v -0.200586 2.250964 1.043514
v -0.361652 2.363713 0.907230
v -0.343799 2.367956 0.910149
v -0.452655 2.305224 0.918453
v -0.438058 2.320456 0.912510
v -0.203648 2.238522 1.051052
v -0.208851 2.224912 1.058565
v -0.328229 2.370135 0.913769
v -0.313944 2.370693 0.918193
v -0.463800 2.290264 0.925342
v -0.427575 2.137489 1.042619
v -0.443845 2.147856 1.030137
v -0.458467 2.161103 1.016229
v -0.299984 2.370058 0.923513
v -0.469989 2.176841 1.001671
v -0.478085 2.193682 0.987477
v -0.411123 2.130418 1.052908
v -0.228312 2.192930 1.073654
v -0.243519 2.176153 1.079791
v -0.261657 2.160506 1.084137
v -0.482470 2.210250 0.974710
v -0.483949 2.225742 0.963643
v -0.281793 2.147363 1.086045
v -0.216908 2.209446 1.066336
v -0.483352 2.239365 0.954548
v -0.237771 2.346638 0.962242
vn -0.7740 0.6327 -0.0243
vn -0.8321 0.5540 -0.0271
vn -0.8311 0.5534 0.0546
vn -0.7731 0.6322 0.0517
vn -0.7076 0.7050 0.0483
vn -0.7084 0.7055 -0.0213
vn -0.7024 0.7060 -0.0906
vn -0.7674 0.6333 -0.1000
vn -0.8250 0.5546 -0.1085
vn -0.4732 0.8809 -0.0112
vn -0.5573 0.8302 -0.0147
vn -0.5567 0.8297 0.0400
vn -0.4727 0.8805 0.0353
vn -0.3841 0.9228 0.0302
vn -0.3846 0.9231 -0.0076
vn -0.3813 0.9233 -0.0452
vn -0.4692 0.8812 -0.0575
vn -0.5526 0.8306 -0.0693
vn -0.4741 -0.8802 -0.0243
vn -0.3854 -0.9225 -0.0213
vn -0.3850 -0.9228 0.0165
vn -0.4735 -0.8805 0.0222
vn -0.5574 -0.8298 0.0277
vn -0.5581 -0.8293 -0.0270
vn -0.5534 -0.8289 -0.0816
vn -0.4700 -0.8798 -0.0706
vn -0.3821 -0.9222 -0.0589
vn -0.7745 -0.6316 -0.0337
vn -0.7091 -0.7044 -0.0318
vn -0.7082 -0.7050 0.0378
vn -0.7737 -0.6322 0.0423
vn -0.8316 -0.5534 0.0464
vn -0.8326 -0.5528 -0.0353
vn -0.8255 -0.5522 -0.1167
vn -0.7680 -0.6311 -0.1094
vn -0.7030 -0.7039 -0.1011
vn -0.9568 -0.2881 -0.0380
vn -0.9241 -0.3802 -0.0374
vn -0.9231 -0.3809 0.0532
vn -0.9557 -0.2888 0.0559
vn -0.9793 -0.1941 0.0580
vn -0.9804 -0.1934 -0.0382
vn -0.9721 -0.1927 -0.1340
vn -0.9487 -0.2875 -0.1315
vn -0.9163 -0.3795 -0.1278
vn -0.9945 0.0982 -0.0365
vn -0.9993 0.0007 -0.0374
vn -0.9982 -0.0000 0.0606
vn -0.9934 0.0975 0.0611
vn -0.9791 0.1941 0.0609
vn -0.9802 0.1948 -0.0353
vn -0.9719 0.1955 -0.1311
vn -0.9861 0.0989 -0.1338
vn -0.9908 0.0014 -0.1352
vn -0.8822 0.4700 -0.0296
vn -0.9238 0.3815 -0.0318
vn -0.9227 0.3809 0.0589
vn -0.8812 0.4693 0.0570
vn -0.8747 0.4706 -0.1159
vn -0.9160 0.3822 -0.1221
vn -0.6360 0.7715 -0.0181
vn -0.6352 0.7710 0.0444
vn -0.6306 0.7719 -0.0804
vn -0.3055 -0.9520 -0.0187
vn -0.2330 -0.9723 -0.0166
vn -0.2333 -0.9724 0.0064
vn -0.3053 -0.9522 0.0114
vn -0.3028 -0.9518 -0.0484
vn -0.2306 -0.9723 -0.0392
vn -0.3049 0.9524 -0.0043
vn -0.3044 0.9522 0.0256
vn -0.2324 0.9724 0.0220
vn -0.2332 0.9724 -0.0010
vn -0.2317 0.9725 -0.0238
vn -0.3023 0.9526 -0.0341
vn -0.6367 -0.7706 -0.0296
vn -0.6359 -0.7710 0.0329
vn -0.6313 -0.7701 -0.0918
vn -0.8826 -0.4687 -0.0365
vn -0.8816 -0.4693 0.0500
vn -0.8751 -0.4681 -0.1228
vn -0.9946 -0.0968 -0.0380
vn -0.9934 -0.0975 0.0596
vn -0.9861 -0.0961 -0.1352
vn -0.9566 0.2895 -0.0337
vn -0.9555 0.2888 0.0602
vn -0.9485 0.2902 -0.1272
vn -0.8592 -0.4675 -0.2080
vn -0.8105 -0.5516 -0.1970
vn -0.8996 -0.3789 -0.2170
vn -0.8743 -0.3783 -0.3041
vn -0.8350 -0.4669 -0.2912
vn -0.7877 -0.5510 -0.2754
vn -0.9682 -0.0954 -0.2312
vn -0.9544 -0.1920 -0.2286
vn -0.9728 0.0021 -0.2316
vn -0.9454 0.0028 -0.3258
vn -0.9410 -0.0947 -0.3250
vn -0.9275 -0.1913 -0.3210
vn -0.9312 0.2909 -0.2196
vn -0.9542 0.1962 -0.2257
vn -0.8993 0.3829 -0.2113
vn -0.8740 0.3835 -0.2984
vn -0.9050 0.2916 -0.3097
vn -0.9274 0.1968 -0.3181
vn -0.7535 0.6338 -0.1747
vn -0.8100 0.5552 -0.1888
vn -0.6896 0.7065 -0.1590
vn -0.6702 0.7070 -0.2258
vn -0.7323 0.6344 -0.2477
vn -0.7872 0.5557 -0.2672
vn -0.4607 0.8815 -0.1032
vn -0.5426 0.8310 -0.1231
vn -0.3744 0.9236 -0.0823
vn -0.3638 0.9239 -0.1186
vn -0.4477 0.8819 -0.1479
vn -0.5273 0.8314 -0.1756
vn -0.4615 -0.8795 -0.1163
vn -0.3752 -0.9220 -0.0960
vn -0.5433 -0.8286 -0.1354
vn -0.5280 -0.8282 -0.1880
vn -0.4485 -0.8792 -0.1609
vn -0.3646 -0.9217 -0.1323
vn -0.7540 -0.6305 -0.1841
vn -0.6902 -0.7035 -0.1695
vn -0.7328 -0.6300 -0.2571
vn -0.6708 -0.7030 -0.2363
vn -0.9315 -0.2868 -0.2239
vn -0.9053 -0.2862 -0.3140
vn -0.9681 0.0996 -0.2298
vn -0.9409 0.1003 -0.3235
vn -0.8588 0.4713 -0.2010
vn -0.8346 0.4719 -0.2842
vn -0.6191 0.7724 -0.1417
vn -0.6017 0.7729 -0.2017
vn -0.2972 -0.9516 -0.0777
vn -0.2259 -0.9722 -0.0614
vn -0.2887 -0.9515 -0.1065
vn -0.2190 -0.9722 -0.0832
vn -0.2969 0.9528 -0.0636
vn -0.2280 0.9725 -0.0466
vn -0.2220 0.9726 -0.0689
vn -0.2886 0.9530 -0.0924
vn -0.6198 -0.7697 -0.1532
vn -0.6023 -0.7693 -0.2132
vn -0.8028 -0.4663 -0.3716
vn -0.7573 -0.5505 -0.3513
vn -0.8406 -0.3777 -0.3882
vn -0.7988 -0.3772 -0.4687
vn -0.7629 -0.4658 -0.4484
vn -0.7196 -0.5500 -0.4238
vn -0.9047 -0.0941 -0.4156
vn -0.8918 -0.1907 -0.4104
vn -0.9090 0.0035 -0.4168
vn -0.8637 0.0041 -0.5039
vn -0.8597 -0.0934 -0.5022
vn -0.8474 -0.1901 -0.4958
vn -0.8701 0.2922 -0.3969
vn -0.8916 0.1975 -0.4075
vn -0.8403 0.3841 -0.3826
vn -0.7985 0.3847 -0.4631
vn -0.8268 0.2928 -0.4803
vn -0.8472 0.1981 -0.4929
vn -0.7040 0.6349 -0.3183
vn -0.7568 0.5563 -0.3431
vn -0.6443 0.7075 -0.2904
vn -0.6122 0.7079 -0.3521
vn -0.6689 0.6354 -0.3857
vn -0.7192 0.5568 -0.4156
vn -0.4304 0.8822 -0.1910
vn -0.5069 0.8317 -0.2265
vn -0.3497 0.9242 -0.1537
vn -0.3323 0.9244 -0.1873
vn -0.4090 0.8825 -0.2323
vn -0.4816 0.8321 -0.2751
vn -0.4312 -0.8789 -0.2041
vn -0.3506 -0.9215 -0.1674
vn -0.5076 -0.8278 -0.2388
vn -0.4824 -0.8275 -0.2874
vn -0.4098 -0.8786 -0.2454
vn -0.3331 -0.9212 -0.2010
vn -0.7045 -0.6295 -0.3277
vn -0.6449 -0.7025 -0.3009
vn -0.6695 -0.6291 -0.3951
vn -0.6128 -0.7021 -0.3626
vn -0.8703 -0.2856 -0.4012
vn -0.8270 -0.2850 -0.4846
vn -0.9046 0.1009 -0.4141
vn -0.8596 0.1016 -0.5008
vn -0.8024 0.4725 -0.3646
vn -0.7625 0.4730 -0.4415
vn -0.5784 0.7733 -0.2597
vn -0.5496 0.7737 -0.3151
vn -0.2775 -0.9513 -0.1342
vn -0.2102 -0.9721 -0.1040
vn -0.2637 -0.9511 -0.1607
vn -0.1993 -0.9721 -0.1238
vn -0.2776 0.9531 -0.1203
vn -0.2139 0.9727 -0.0905
vn -0.2036 0.9727 -0.1113
vn -0.2638 0.9533 -0.1470
vn -0.5791 -0.7689 -0.2711
vn -0.5503 -0.7685 -0.3266
vn -0.7156 -0.4653 -0.5210
vn -0.6750 -0.5496 -0.4923
vn -0.7493 -0.3766 -0.5448
vn -0.6925 -0.3762 -0.6156
vn -0.6614 -0.4648 -0.5886
vn -0.6239 -0.5491 -0.5561
vn -0.8064 -0.0929 -0.5841
vn -0.7949 -0.1895 -0.5764
vn -0.8102 0.0046 -0.5861
vn -0.7489 0.0052 -0.6627
vn -0.7453 -0.0923 -0.6603
vn -0.7347 -0.1890 -0.6515
vn -0.7755 0.2934 -0.5590
vn -0.7947 0.1987 -0.5736
vn -0.7489 0.3853 -0.5391
vn -0.6922 0.3858 -0.6099
vn -0.7168 0.2939 -0.6323
vn -0.7345 0.1992 -0.6487
vn -0.6274 0.6359 -0.4494
vn -0.6746 0.5574 -0.4841
vn -0.5743 0.7084 -0.4104
vn -0.5307 0.7088 -0.4647
vn -0.5799 0.6363 -0.5087
vn -0.6235 0.5578 -0.5478
vn -0.3836 0.8828 -0.2712
vn -0.4518 0.8324 -0.3209
vn -0.3117 0.9246 -0.2189
vn -0.2880 0.9248 -0.2484
vn -0.3545 0.8830 -0.3075
vn -0.4175 0.8327 -0.3636
vn -0.3844 -0.8783 -0.2843
vn -0.3125 -0.9210 -0.2326
vn -0.4525 -0.8272 -0.3332
vn -0.4182 -0.8269 -0.3760
vn -0.3553 -0.8781 -0.3206
vn -0.2889 -0.9208 -0.2621
vn -0.6280 -0.6286 -0.4588
vn -0.5749 -0.7017 -0.4209
vn -0.5804 -0.6282 -0.5181
vn -0.5314 -0.7013 -0.4752
vn -0.7758 -0.2844 -0.5633
vn -0.7170 -0.2839 -0.6366
vn -0.8063 0.1021 -0.5826
vn -0.7452 0.1027 -0.6588
vn -0.7152 0.4735 -0.5141
vn -0.6610 0.4740 -0.5817
vn -0.5155 0.7741 -0.3675
vn -0.4764 0.7745 -0.4162
vn -0.2473 -0.9510 -0.1857
vn -0.1867 -0.9720 -0.1425
vn -0.2285 -0.9508 -0.2090
vn -0.1723 -0.9720 -0.1598
vn -0.2474 0.9535 -0.1722
vn -0.1913 0.9728 -0.1310
vn -0.1771 0.9728 -0.1494
vn -0.2287 0.9536 -0.1957
vn -0.5162 -0.7681 -0.3789
vn -0.4771 -0.7678 -0.4276
vn -0.6009 -0.4644 -0.6506
vn -0.5668 -0.5487 -0.6145
vn -0.6291 -0.3757 -0.6805
vn -0.5597 -0.3753 -0.7388
vn -0.5345 -0.4641 -0.7064
vn -0.5042 -0.5484 -0.6671
vn -0.6771 -0.0919 -0.7302
vn -0.6674 -0.1885 -0.7204
vn -0.6803 0.0057 -0.7329
vn -0.6051 0.0061 -0.7961
vn -0.6023 -0.0915 -0.7930
vn -0.5937 -0.1881 -0.7824
vn -0.6512 0.2944 -0.6995
vn -0.6673 0.1997 -0.7175
vn -0.6288 0.3862 -0.6748
vn -0.5593 0.3867 -0.7332
vn -0.5792 0.2948 -0.7600
vn -0.5936 0.2001 -0.7795
vn -0.5268 0.6367 -0.5632
vn -0.5663 0.5582 -0.6063
vn -0.4821 0.7091 -0.5145
vn -0.4288 0.7094 -0.5593
vn -0.4685 0.6371 -0.6121
vn -0.5037 0.5586 -0.6589
vn -0.3220 0.8833 -0.3408
vn -0.3792 0.8330 -0.4028
vn -0.2616 0.9250 -0.2754
vn -0.2327 0.9252 -0.2997
vn -0.2864 0.8835 -0.3707
vn -0.3373 0.8333 -0.4380
vn -0.3228 -0.8778 -0.3539
vn -0.2624 -0.9206 -0.2891
vn -0.3799 -0.8266 -0.4151
vn -0.3380 -0.8264 -0.4503
vn -0.2871 -0.8776 -0.3838
vn -0.2334 -0.9205 -0.3135
vn -0.5273 -0.6279 -0.5725
vn -0.4827 -0.7010 -0.5249
vn -0.4691 -0.6276 -0.6214
vn -0.4294 -0.7007 -0.5697
vn -0.6514 -0.2835 -0.7038
vn -0.5794 -0.2831 -0.7643
vn -0.6770 0.1032 -0.7287
vn -0.6022 0.1036 -0.7916
vn -0.6005 0.4745 -0.6437
vn -0.5341 0.4749 -0.6994
vn -0.4328 0.7748 -0.4609
vn -0.3849 0.7751 -0.5011
vn -0.2076 -0.9507 -0.2303
vn -0.1563 -0.9720 -0.1757
vn -0.1846 -0.9506 -0.2495
vn -0.1389 -0.9719 -0.1899
vn -0.2078 0.9538 -0.2171
vn -0.1612 0.9728 -0.1662
vn -0.1435 0.9729 -0.1814
vn -0.1846 0.9539 -0.2367
vn -0.4334 -0.7675 -0.4723
vn -0.3856 -0.7672 -0.5125
vn -0.4630 -0.4638 -0.7553
vn -0.4368 -0.5481 -0.7133
vn -0.4848 -0.3750 -0.7902
vn -0.4053 -0.3747 -0.8339
vn -0.3870 -0.4635 -0.7971
vn -0.3651 -0.5479 -0.7527
vn -0.5217 -0.0911 -0.8482
vn -0.5143 -0.1878 -0.8368
vn -0.5242 0.0065 -0.8516
vn -0.4382 0.0068 -0.8989
vn -0.4361 -0.0908 -0.8953
vn -0.4299 -0.1875 -0.8832
vn -0.5017 0.2952 -0.8131
vn -0.5141 0.2005 -0.8340
vn -0.4845 0.3870 -0.7845
vn -0.4049 0.3873 -0.8283
vn -0.4193 0.2955 -0.8584
vn -0.4297 0.2008 -0.8803
vn -0.4058 0.6374 -0.6550
vn -0.4363 0.5589 -0.7051
vn -0.3714 0.7097 -0.5986
vn -0.3104 0.7100 -0.6321
vn -0.3392 0.6376 -0.6917
vn -0.3647 0.5592 -0.7445
vn -0.2480 0.8837 -0.3970
vn -0.2921 0.8335 -0.4690
vn -0.2015 0.9254 -0.3211
vn -0.1683 0.9255 -0.3393
vn -0.2072 0.8838 -0.4194
vn -0.2441 0.8337 -0.4954
vn -0.2488 -0.8775 -0.4100
vn -0.2023 -0.9203 -0.3348
vn -0.2928 -0.8262 -0.4813
vn -0.2448 -0.8260 -0.5077
vn -0.2080 -0.8773 -0.4324
vn -0.1692 -0.9202 -0.3530
vn -0.4064 -0.6273 -0.6644
vn -0.3720 -0.7005 -0.6091
vn -0.3397 -0.6271 -0.7010
vn -0.3110 -0.7003 -0.6426
vn -0.5019 -0.2827 -0.8174
vn -0.4196 -0.2824 -0.8626
vn -0.5216 0.1040 -0.8468
vn -0.4360 0.1043 -0.8939
vn -0.4626 0.4752 -0.7484
vn -0.3867 0.4755 -0.7902
vn -0.3333 0.7753 -0.5364
vn -0.2786 0.7755 -0.5665
vn -0.1599 -0.9505 -0.2664
vn -0.1202 -0.9719 -0.2024
vn -0.1338 -0.9504 -0.2807
vn -0.1005 -0.9719 -0.2130
vn -0.1601 0.9540 -0.2536
vn -0.1243 0.9729 -0.1949
vn -0.1039 0.9729 -0.2064
vn -0.1337 0.9541 -0.2681
vn -0.3340 -0.7670 -0.5478
vn -0.2793 -0.7668 -0.5779
vn -0.3074 -0.4633 -0.8312
vn -0.2900 -0.5477 -0.7848
vn -0.3218 -0.3745 -0.8696
vn -0.2353 -0.3744 -0.8969
vn -0.2247 -0.4631 -0.8573
vn -0.2120 -0.5475 -0.8095
vn -0.3463 -0.0906 -0.9337
vn -0.3414 -0.1873 -0.9211
vn -0.3479 0.0070 -0.9375
vn -0.2543 0.0072 -0.9671
vn -0.2531 -0.0904 -0.9632
vn -0.2495 -0.1871 -0.9501
vn -0.3329 0.2957 -0.8954
vn -0.3412 0.2011 -0.9182
vn -0.3215 0.3875 -0.8640
vn -0.2349 0.3877 -0.8913
vn -0.2433 0.2959 -0.9237
vn -0.2494 0.2012 -0.9473
vn -0.2692 0.6378 -0.7216
vn -0.2895 0.5594 -0.7767
vn -0.2464 0.7102 -0.6595
vn -0.1800 0.7103 -0.6805
vn -0.1967 0.6380 -0.7445
vn -0.2115 0.5596 -0.8013
vn -0.1644 0.8840 -0.4377
vn -0.1937 0.8338 -0.5169
vn -0.1335 0.9256 -0.3542
vn -0.0975 0.9257 -0.3656
vn -0.1201 0.8841 -0.4517
vn -0.1415 0.8339 -0.5334
vn -0.1652 -0.8772 -0.4507
vn -0.1344 -0.9201 -0.3679
vn -0.1945 -0.8259 -0.5292
vn -0.1422 -0.8258 -0.5457
vn -0.1209 -0.8771 -0.4648
vn -0.0983 -0.9200 -0.3793
vn -0.2698 -0.6269 -0.7309
vn -0.2470 -0.7001 -0.6700
vn -0.1973 -0.6267 -0.7538
vn -0.1806 -0.7000 -0.6909
vn -0.3332 -0.2822 -0.8996
vn -0.2436 -0.2821 -0.9280
vn -0.3462 0.1045 -0.9323
vn -0.2530 0.1047 -0.9618
vn -0.3070 0.4757 -0.8243
vn -0.2243 0.4759 -0.8504
vn -0.2211 0.7757 -0.5911
vn -0.1615 0.7758 -0.6099
vn -0.1063 -0.9504 -0.2923
vn -0.0799 -0.9719 -0.2216
vn -0.0778 -0.9503 -0.3013
vn -0.0584 -0.9718 -0.2283
vn -0.1060 0.9541 -0.2800
vn -0.0824 0.9730 -0.2158
vn -0.0602 0.9730 -0.2230
vn -0.0774 0.9542 -0.2891
vn -0.2218 -0.7667 -0.6025
vn -0.1622 -0.7666 -0.6213
vn -0.1399 -0.4631 -0.8752
vn -0.1320 -0.5475 -0.8264
vn -0.1465 -0.3743 -0.9157
vn -0.0562 -0.3742 -0.9256
vn -0.0537 -0.4630 -0.8847
vn -0.0507 -0.5474 -0.8353
vn -0.1575 -0.0903 -0.9834
vn -0.1553 -0.1870 -0.9700
vn -0.1582 0.0073 -0.9874
vn -0.0606 0.0073 -0.9981
vn -0.0604 -0.0902 -0.9941
vn -0.0596 -0.1870 -0.9806
vn -0.1514 0.2960 -0.9431
vn -0.1551 0.2014 -0.9672
vn -0.1461 0.3878 -0.9101
vn -0.0559 0.3879 -0.9200
vn -0.0579 0.2960 -0.9534
vn -0.0594 0.2014 -0.9777
vn -0.1223 0.6380 -0.7602
vn -0.1315 0.5597 -0.8182
vn -0.1119 0.7104 -0.6949
vn -0.0427 0.7104 -0.7025
vn -0.0467 0.6381 -0.7685
vn -0.0503 0.5597 -0.8272
vn -0.0746 0.8841 -0.4613
vn -0.0879 0.8340 -0.5447
vn -0.0605 0.9257 -0.3734
vn -0.0229 0.9257 -0.3775
vn -0.0284 0.8841 -0.4664
vn -0.0335 0.8340 -0.5507
vn -0.0754 -0.8771 -0.4744
vn -0.0613 -0.9200 -0.3871
vn -0.0886 -0.8258 -0.5570
vn -0.0342 -0.8258 -0.5630
vn -0.0291 -0.8771 -0.4794
vn -0.0238 -0.9200 -0.3912
vn -0.1228 -0.6267 -0.7695
vn -0.1125 -0.6999 -0.7053
vn -0.0472 -0.6266 -0.7779
vn -0.0433 -0.6999 -0.7129
vn -0.1516 -0.2820 -0.9474
vn -0.0582 -0.2819 -0.9577
vn -0.1574 0.1048 -0.9820
vn -0.0603 0.1049 -0.9927
vn -0.1395 0.4760 -0.8683
vn -0.0533 0.4760 -0.8778
vn -0.1004 0.7759 -0.6228
vn -0.0383 0.7759 -0.6297
vn -0.0486 -0.9503 -0.3075
vn -0.0366 -0.9718 -0.2328
vn -0.0189 -0.9503 -0.3108
vn -0.0143 -0.9718 -0.2352
vn -0.0481 0.9542 -0.2952
vn -0.0373 0.9730 -0.2279
vn -0.0140 0.9730 -0.2304
vn -0.0181 0.9542 -0.2986
vn -0.1010 -0.7665 -0.6342
vn -0.0389 -0.7665 -0.6411
vn 0.0329 -0.4631 -0.8857
vn 0.0310 -0.5475 -0.8362
vn 0.0345 -0.3743 -0.9267
vn 0.1250 -0.3744 -0.9188
vn 0.1193 -0.4631 -0.8782
vn 0.1125 -0.5475 -0.8292
vn 0.0373 -0.0903 -0.9952
vn 0.0368 -0.1870 -0.9817
vn 0.0375 0.0073 -0.9993
vn 0.1354 0.0072 -0.9908
vn 0.1347 -0.0904 -0.9868
vn 0.1327 -0.1871 -0.9733
vn 0.0361 0.2960 -0.9545
vn 0.0369 0.2013 -0.9788
vn 0.0349 0.3878 -0.9211
vn 0.1253 0.3877 -0.9132
vn 0.1297 0.2959 -0.9464
vn 0.1329 0.2012 -0.9705
vn 0.0294 0.6380 -0.7694
vn 0.0315 0.5597 -0.8281
vn 0.0270 0.7104 -0.7033
vn 0.0963 0.7103 -0.6973
vn 0.1052 0.6380 -0.7629
vn 0.1130 0.5596 -0.8210
vn 0.0182 0.8841 -0.4669
vn 0.0213 0.8340 -0.5513
vn 0.0149 0.9257 -0.3780
vn 0.0525 0.9257 -0.3747
vn 0.0645 0.8841 -0.4629
vn 0.0759 0.8339 -0.5466
vn 0.0174 -0.8771 -0.4800
vn 0.0140 -0.9200 -0.3917
vn 0.0206 -0.8258 -0.5636
vn 0.0751 -0.8258 -0.5589
vn 0.0637 -0.8771 -0.4760
vn 0.0517 -0.9200 -0.3884
vn 0.0288 -0.6267 -0.7788
vn 0.0263 -0.6999 -0.7137
vn 0.1046 -0.6267 -0.7722
vn 0.0956 -0.7000 -0.7077
vn 0.0358 -0.2820 -0.9588
vn 0.1295 -0.2821 -0.9506
vn 0.0374 0.1048 -0.9938
vn 0.1348 0.1047 -0.9853
vn 0.0334 0.4760 -0.8788
vn 0.1197 0.4759 -0.8713
vn 0.0243 0.7759 -0.6304
vn 0.0865 0.7758 -0.6250
vn 0.0110 -0.9503 -0.3111
vn 0.0081 -0.9718 -0.2355
vn 0.0407 -0.9503 -0.3085
vn 0.0303 -0.9718 -0.2337
vn 0.0120 0.9542 -0.2989
vn 0.0094 0.9730 -0.2307
vn 0.0328 0.9730 -0.2286
vn 0.0419 0.9542 -0.2963
vn 0.0235 -0.7665 -0.6418
vn 0.0858 -0.7666 -0.6364
vn 0.2045 -0.4633 -0.8623
vn 0.1929 -0.5477 -0.8142
vn 0.2142 -0.3745 -0.9021
vn 0.3013 -0.3748 -0.8768
vn 0.2877 -0.4635 -0.8381
vn 0.2714 -0.5479 -0.7913
vn 0.2307 -0.0905 -0.9688
vn 0.2274 -0.1872 -0.9556
vn 0.2319 0.0070 -0.9727
vn 0.3261 0.0068 -0.9453
vn 0.3245 -0.0908 -0.9415
vn 0.3198 -0.1875 -0.9287
vn 0.2221 0.2957 -0.9291
vn 0.2276 0.2011 -0.9528
vn 0.2146 0.3876 -0.8965
vn 0.3017 0.3873 -0.8712
vn 0.3124 0.2955 -0.9028
vn 0.3200 0.2008 -0.9259
vn 0.1799 0.6378 -0.7489
vn 0.1934 0.5594 -0.8060
vn 0.1648 0.7101 -0.6845
vn 0.2316 0.7100 -0.6651
vn 0.2530 0.6376 -0.7276
vn 0.2719 0.5592 -0.7832
vn 0.1102 0.8840 -0.4544
vn 0.1297 0.8338 -0.5366
vn 0.0897 0.9256 -0.3678
vn 0.1260 0.9255 -0.3572
vn 0.1549 0.8838 -0.4414
vn 0.1823 0.8337 -0.5213
vn 0.1095 -0.8772 -0.4674
vn 0.0889 -0.9201 -0.3814
vn 0.1290 -0.8259 -0.5488
vn 0.1816 -0.8260 -0.5336
vn 0.1541 -0.8773 -0.4545
vn 0.1252 -0.9202 -0.3709
vn 0.1793 -0.6269 -0.7582
vn 0.1641 -0.7001 -0.6949
vn 0.2524 -0.6271 -0.7370
vn 0.2309 -0.7003 -0.6755
vn 0.2218 -0.2822 -0.9333
vn 0.3121 -0.2825 -0.9071
vn 0.2308 0.1045 -0.9674
vn 0.3246 0.1043 -0.9401
vn 0.2050 0.4757 -0.8554
vn 0.2882 0.4755 -0.8312
vn 0.1480 0.7757 -0.6135
vn 0.2080 0.7755 -0.5961
vn 0.0702 -0.9504 -0.3031
vn 0.0525 -0.9719 -0.2296
vn 0.0988 -0.9504 -0.2948
vn 0.0740 -0.9719 -0.2236
vn 0.0714 0.9541 -0.2908
vn 0.0557 0.9730 -0.2241
vn 0.0782 0.9729 -0.2174
vn 0.1003 0.9541 -0.2823
vn 0.1473 -0.7667 -0.6249
vn 0.2073 -0.7668 -0.6075
vn 0.3682 -0.4638 -0.8058
vn 0.3472 -0.5481 -0.7609
vn 0.3856 -0.3750 -0.8430
vn 0.4661 -0.3753 -0.8011
vn 0.4451 -0.4641 -0.7659
vn 0.4198 -0.5484 -0.7232
vn 0.4152 -0.0911 -0.9051
vn 0.4092 -0.1878 -0.8929
vn 0.4173 0.0065 -0.9088
vn 0.5044 0.0061 -0.8635
vn 0.5019 -0.0915 -0.8601
vn 0.4947 -0.1881 -0.8485
vn 0.3996 0.2952 -0.8679
vn 0.4094 0.2005 -0.8900
vn 0.3860 0.3870 -0.8374
vn 0.4665 0.3867 -0.7955
vn 0.4830 0.2948 -0.8245
vn 0.4949 0.2001 -0.8456
vn 0.3235 0.6374 -0.6993
vn 0.3478 0.5589 -0.7528
vn 0.2962 0.7097 -0.6392
vn 0.3580 0.7094 -0.6071
vn 0.3910 0.6371 -0.6643
vn 0.4203 0.5586 -0.7151
vn 0.1981 0.8837 -0.4241
vn 0.2332 0.8335 -0.5009
vn 0.1611 0.9254 -0.3432
vn 0.1947 0.9252 -0.3257
vn 0.2394 0.8835 -0.4026
vn 0.2818 0.8333 -0.4757
vn 0.1973 -0.8775 -0.4372
vn 0.1602 -0.9203 -0.3568
vn 0.2324 -0.8262 -0.5132
vn 0.2810 -0.8264 -0.4879
vn 0.2386 -0.8776 -0.4157
vn 0.1938 -0.9205 -0.3394
vn 0.3229 -0.6273 -0.7087
vn 0.2955 -0.7005 -0.6496
vn 0.3904 -0.6275 -0.6736
vn 0.3573 -0.7007 -0.6175
vn 0.3993 -0.2827 -0.8721
vn 0.4827 -0.2831 -0.8288
vn 0.4153 0.1040 -0.9037
vn 0.5020 0.1036 -0.8586
vn 0.3686 0.4752 -0.7989
vn 0.4456 0.4749 -0.7589
vn 0.2660 0.7753 -0.5728
vn 0.3215 0.7751 -0.5440
vn 0.1265 -0.9505 -0.2838
vn 0.0948 -0.9719 -0.2155
vn 0.1531 -0.9506 -0.2701
vn 0.1149 -0.9719 -0.2053
vn 0.1282 0.9540 -0.2711
vn 0.0998 0.9729 -0.2085
vn 0.1205 0.9729 -0.1975
vn 0.1546 0.9539 -0.2573
vn 0.2652 -0.7670 -0.5842
vn 0.3207 -0.7673 -0.5554
vn 0.5177 -0.4644 -0.7186
vn 0.4882 -0.5487 -0.6786
vn 0.5421 -0.3757 -0.7516
vn 0.6129 -0.3762 -0.6949
vn 0.5853 -0.4648 -0.6644
vn 0.5520 -0.5491 -0.6275
vn 0.5837 -0.0919 -0.8067
vn 0.5753 -0.1885 -0.7959
vn 0.5866 0.0057 -0.8099
vn 0.6631 0.0052 -0.7485
vn 0.6599 -0.0923 -0.7456
vn 0.6504 -0.1890 -0.7357
vn 0.5617 0.2944 -0.7732
vn 0.5755 0.1997 -0.7930
vn 0.5425 0.3863 -0.7460
vn 0.6133 0.3858 -0.6892
vn 0.6350 0.2939 -0.7144
vn 0.6506 0.1992 -0.7328
vn 0.4547 0.6367 -0.6227
vn 0.4888 0.5582 -0.6704
vn 0.4163 0.7091 -0.5691
vn 0.4706 0.7088 -0.5256
vn 0.5140 0.6363 -0.5752
vn 0.5526 0.5578 -0.6193
vn 0.2783 0.8833 -0.3773
vn 0.3277 0.8330 -0.4458
vn 0.2263 0.9250 -0.3051
vn 0.2558 0.9248 -0.2814
vn 0.3147 0.8830 -0.3482
vn 0.3704 0.8327 -0.4115
vn 0.2776 -0.8778 -0.3903
vn 0.2255 -0.9206 -0.3188
vn 0.3269 -0.8266 -0.4581
vn 0.3697 -0.8269 -0.4238
vn 0.3139 -0.8781 -0.3612
vn 0.2550 -0.9208 -0.2951
vn 0.4541 -0.6279 -0.6321
vn 0.4157 -0.7010 -0.5795
vn 0.5134 -0.6282 -0.5845
vn 0.4699 -0.7013 -0.5360
vn 0.5614 -0.2835 -0.7775
vn 0.6347 -0.2839 -0.7187
vn 0.5838 0.1032 -0.8053
vn 0.6600 0.1027 -0.7442
vn 0.5181 0.4745 -0.7116
vn 0.5857 0.4740 -0.6574
vn 0.3738 0.7748 -0.5099
vn 0.4226 0.7745 -0.4708
vn 0.1781 -0.9507 -0.2538
vn 0.1339 -0.9720 -0.1933
vn 0.2015 -0.9508 -0.2351
vn 0.1517 -0.9720 -0.1795
vn 0.1801 0.9538 -0.2407
vn 0.1399 0.9728 -0.1845
vn 0.1577 0.9728 -0.1697
vn 0.2033 0.9536 -0.2220
vn 0.3731 -0.7675 -0.5213
vn 0.4218 -0.7678 -0.4822
vn 0.6473 -0.4653 -0.6038
vn 0.6105 -0.5496 -0.5703
vn 0.6778 -0.3766 -0.6314
vn 0.7362 -0.3771 -0.5620
vn 0.7030 -0.4658 -0.5374
vn 0.6630 -0.5500 -0.5078
vn 0.7298 -0.0929 -0.6774
vn 0.7193 -0.1895 -0.6684
vn 0.7333 0.0047 -0.6799
vn 0.7964 0.0041 -0.6048
vn 0.7926 -0.0935 -0.6026
vn 0.7812 -0.1901 -0.5947
vn 0.7022 0.2934 -0.6488
vn 0.7195 0.1987 -0.6655
vn 0.6782 0.3853 -0.6258
vn 0.7365 0.3847 -0.5563
vn 0.7626 0.2928 -0.5768
vn 0.7814 0.1981 -0.5918
vn 0.5684 0.6359 -0.5221
vn 0.6110 0.5573 -0.5622
vn 0.5204 0.7084 -0.4769
vn 0.5651 0.7079 -0.4236
vn 0.6173 0.6354 -0.4639
vn 0.6636 0.5568 -0.4996
vn 0.3480 0.8828 -0.3157
vn 0.4096 0.8324 -0.3732
vn 0.2829 0.9246 -0.2550
vn 0.3072 0.9244 -0.2261
vn 0.3778 0.8825 -0.2801
vn 0.4448 0.8321 -0.3313
vn 0.3471 -0.8783 -0.3287
vn 0.2820 -0.9210 -0.2687
vn 0.4088 -0.8272 -0.3855
vn 0.4440 -0.8275 -0.3437
vn 0.3770 -0.8786 -0.2932
vn 0.3063 -0.9212 -0.2398
vn 0.5678 -0.6286 -0.5314
vn 0.5197 -0.7017 -0.4874
vn 0.6167 -0.6291 -0.4732
vn 0.5644 -0.7021 -0.4341
vn 0.7019 -0.2844 -0.6530
vn 0.7623 -0.2850 -0.5811
vn 0.7299 0.1022 -0.6759
vn 0.7927 0.1016 -0.6011
vn 0.6477 0.4735 -0.5968
vn 0.7034 0.4730 -0.5305
vn 0.4673 0.7741 -0.4272
vn 0.5074 0.7737 -0.3793
vn 0.2230 -0.9510 -0.2143
vn 0.1680 -0.9720 -0.1640
vn 0.2423 -0.9511 -0.1915
vn 0.1828 -0.9721 -0.1471
vn 0.2247 0.9535 -0.2009
vn 0.1740 0.9728 -0.1532
vn 0.1887 0.9727 -0.1351
vn 0.2441 0.9533 -0.1778
vn 0.4665 -0.7681 -0.4386
vn 0.5067 -0.7685 -0.3908
vn 0.7519 -0.4663 -0.4660
vn 0.7092 -0.5505 -0.4404
vn 0.7874 -0.3777 -0.4871
vn 0.8311 -0.3783 -0.4076
vn 0.7936 -0.4669 -0.3901
vn 0.7486 -0.5510 -0.3688
vn 0.8477 -0.0941 -0.5220
vn 0.8355 -0.1907 -0.5153
vn 0.8518 0.0035 -0.5238
vn 0.8991 0.0028 -0.4378
vn 0.8947 -0.0947 -0.4364
vn 0.8819 -0.1913 -0.4309
vn 0.8157 0.2922 -0.4993
vn 0.8357 0.1975 -0.5124
vn 0.7878 0.3841 -0.4815
vn 0.8315 0.3835 -0.4020
vn 0.8609 0.2916 -0.4170
vn 0.8821 0.1969 -0.4281
vn 0.6603 0.6349 -0.4012
vn 0.7098 0.5563 -0.4322
vn 0.6044 0.7075 -0.3663
vn 0.6380 0.7070 -0.3052
vn 0.6969 0.6344 -0.3345
vn 0.7491 0.5558 -0.3605
vn 0.4041 0.8822 -0.2417
vn 0.4757 0.8317 -0.2862
vn 0.3286 0.9241 -0.1949
vn 0.3468 0.9239 -0.1618
vn 0.4265 0.8819 -0.2009
vn 0.5021 0.8314 -0.2381
vn 0.4033 -0.8789 -0.2548
vn 0.3277 -0.9215 -0.2086
vn 0.4750 -0.8278 -0.2985
vn 0.5014 -0.8282 -0.2505
vn 0.4257 -0.8792 -0.2140
vn 0.3459 -0.9217 -0.1755
vn 0.6597 -0.6295 -0.4105
vn 0.6038 -0.7025 -0.3767
vn 0.6963 -0.6300 -0.3439
vn 0.6373 -0.7030 -0.3157
vn 0.8154 -0.2855 -0.5036
vn 0.8606 -0.2862 -0.4213
vn 0.8478 0.1010 -0.5206
vn 0.8948 0.1003 -0.4350
vn 0.7524 0.4724 -0.4590
vn 0.7941 0.4718 -0.3831
vn 0.5427 0.7733 -0.3278
vn 0.5728 0.7729 -0.2730
vn 0.2592 -0.9513 -0.1668
vn 0.1960 -0.9721 -0.1287
vn 0.2737 -0.9515 -0.1407
vn 0.2073 -0.9722 -0.1091
vn 0.2610 0.9531 -0.1530
vn 0.2014 0.9727 -0.1157
vn 0.2121 0.9726 -0.0953
vn 0.2753 0.9530 -0.1267
vn 0.5420 -0.7689 -0.3392
vn 0.5721 -0.7693 -0.2845
vn 0.8277 -0.4675 -0.3104
vn 0.7807 -0.5516 -0.2936
vn 0.8668 -0.3789 -0.3242
vn 0.8941 -0.3796 -0.2378
vn 0.8538 -0.4681 -0.2278
vn 0.8053 -0.5522 -0.2157
vn 0.9331 -0.0954 -0.3467
vn 0.9197 -0.1920 -0.3424
vn 0.9376 0.0021 -0.3476
vn 0.9672 0.0014 -0.2541
vn 0.9625 -0.0961 -0.2536
vn 0.9487 -0.1927 -0.2507
vn 0.8978 0.2909 -0.3307
vn 0.9199 0.1962 -0.3396
vn 0.8671 0.3829 -0.3186
vn 0.8945 0.3822 -0.2321
vn 0.9261 0.2902 -0.2411
vn 0.9489 0.1955 -0.2478
vn 0.7268 0.6338 -0.2646
vn 0.7812 0.5552 -0.2854
vn 0.6653 0.7065 -0.2413
vn 0.6863 0.7060 -0.1750
vn 0.7497 0.6333 -0.1922
vn 0.8058 0.5546 -0.2076
vn 0.4448 0.8815 -0.1582
vn 0.5237 0.8310 -0.1878
vn 0.3617 0.9236 -0.1271
vn 0.3730 0.9233 -0.0911
vn 0.4588 0.8812 -0.1139
vn 0.5402 0.8306 -0.1357
vn 0.4440 -0.8795 -0.1713
vn 0.3608 -0.9220 -0.1407
vn 0.5229 -0.8286 -0.2002
vn 0.5394 -0.8289 -0.1480
vn 0.4580 -0.8798 -0.1270
vn 0.3722 -0.9222 -0.1047
vn 0.7262 -0.6305 -0.2740
vn 0.6647 -0.7035 -0.2518
vn 0.7491 -0.6311 -0.2016
vn 0.6856 -0.7039 -0.1854
vn 0.8975 -0.2868 -0.3349
vn 0.9258 -0.2874 -0.2454
vn 0.9332 0.0996 -0.3452
vn 0.9626 0.0989 -0.2522
vn 0.8282 0.4712 -0.3035
vn 0.8542 0.4706 -0.2209
vn 0.5974 0.7724 -0.2156
vn 0.6162 0.7720 -0.1561
vn 0.2856 -0.9516 -0.1131
vn 0.2168 -0.9722 -0.0883
vn 0.2947 -0.9518 -0.0847
vn 0.2241 -0.9723 -0.0669
vn 0.2870 0.9528 -0.0991
vn 0.2207 0.9726 -0.0738
vn 0.2271 0.9725 -0.0517
vn 0.2960 0.9526 -0.0705
vn 0.5967 -0.7697 -0.2271
vn 0.6155 -0.7701 -0.1675
vn 0.8717 -0.4687 -0.1431
vn 0.8222 -0.5528 -0.1358
vn 0.9128 -0.3802 -0.1490
vn 0.9227 -0.3809 -0.0589
vn 0.8812 -0.4693 -0.0570
vn 0.8311 -0.5534 -0.0546
vn 0.9827 -0.0968 -0.1581
vn 0.9686 -0.1933 -0.1566
vn 0.9874 0.0007 -0.1581
vn 0.9982 -0.0000 -0.0606
vn 0.9934 -0.0975 -0.0611
vn 0.9791 -0.1941 -0.0609
vn 0.9455 0.2895 -0.1492
vn 0.9687 0.1948 -0.1537
vn 0.9132 0.3815 -0.1434
vn 0.9231 0.3809 -0.0532
vn 0.9557 0.2888 -0.0559
vn 0.9793 0.1941 -0.0580
vn 0.7653 0.6327 -0.1178
vn 0.8227 0.5540 -0.1276
vn 0.7006 0.7055 -0.1069
vn 0.7082 0.7050 -0.0378
vn 0.7737 0.6322 -0.0423
vn 0.8316 0.5534 -0.0464
vn 0.4684 0.8809 -0.0684
vn 0.5515 0.8301 -0.0821
vn 0.3808 0.9231 -0.0541
vn 0.3850 0.9228 -0.0165
vn 0.4735 0.8805 -0.0222
vn 0.5575 0.8297 -0.0277
vn 0.4676 -0.8802 -0.0815
vn 0.3800 -0.9225 -0.0678
vn 0.5507 -0.8293 -0.0944
vn 0.5567 -0.8297 -0.0400
vn 0.4727 -0.8805 -0.0353
vn 0.3841 -0.9228 -0.0302
vn 0.7648 -0.6316 -0.1272
vn 0.7000 -0.7044 -0.1174
vn 0.7731 -0.6322 -0.0517
vn 0.7076 -0.7050 -0.0482
vn 0.9452 -0.2881 -0.1535
vn 0.9555 -0.2888 -0.0602
vn 0.9828 0.0982 -0.1566
vn 0.9934 0.0975 -0.0596
vn 0.8721 0.4700 -0.1361
vn 0.8816 0.4693 -0.0500
vn 0.6291 0.7715 -0.0950
vn 0.6359 0.7710 -0.0329
vn 0.3010 -0.9520 -0.0555
vn 0.2293 -0.9723 -0.0447
vn 0.3044 -0.9522 -0.0256
vn 0.2324 -0.9724 -0.0219
vn 0.3021 0.9524 -0.0411
vn 0.2313 0.9724 -0.0292
vn 0.2333 0.9724 -0.0064
vn 0.3052 0.9522 -0.0114
vn 0.6284 -0.7706 -0.1064
vn 0.6352 -0.7710 -0.0443
vn 0.8822 -0.4700 0.0296
vn 0.8321 -0.5540 0.0271
vn 0.9238 -0.3815 0.0318
vn 0.9160 -0.3822 0.1222
vn 0.8747 -0.4706 0.1159
vn 0.8250 -0.5546 0.1085
vn 0.9945 -0.0982 0.0365
vn 0.9802 -0.1948 0.0353
vn 0.9993 -0.0007 0.0374
vn 0.9908 -0.0014 0.1352
vn 0.9861 -0.0989 0.1338
vn 0.9719 -0.1955 0.1312
vn 0.9568 0.2881 0.0380
vn 0.9804 0.1934 0.0382
vn 0.9241 0.3802 0.0375
vn 0.9163 0.3796 0.1278
vn 0.9487 0.2875 0.1315
vn 0.9721 0.1927 0.1340
vn 0.7745 0.6316 0.0337
vn 0.8326 0.5528 0.0353
vn 0.7090 0.7044 0.0318
vn 0.7030 0.7039 0.1011
vn 0.7680 0.6311 0.1094
vn 0.8255 0.5522 0.1167
vn 0.4741 0.8802 0.0243
vn 0.5581 0.8293 0.0271
vn 0.3854 0.9225 0.0213
vn 0.3821 0.9222 0.0589
vn 0.4700 0.8798 0.0706
vn 0.5534 0.8289 0.0816
vn 0.4733 -0.8808 0.0112
vn 0.3846 -0.9231 0.0075
vn 0.5573 -0.8302 0.0147
vn 0.5526 -0.8305 0.0693
vn 0.4693 -0.8812 0.0575
vn 0.3813 -0.9234 0.0452
vn 0.7740 -0.6327 0.0243
vn 0.7084 -0.7055 0.0213
vn 0.7674 -0.6333 0.1000
vn 0.7024 -0.7060 0.0906
vn 0.9566 -0.2895 0.0337
vn 0.9485 -0.2902 0.1273
vn 0.9946 0.0968 0.0380
vn 0.9861 0.0961 0.1352
vn 0.8826 0.4687 0.0366
vn 0.8751 0.4681 0.1228
vn 0.6367 0.7706 0.0296
vn 0.6313 0.7701 0.0918
vn 0.3048 -0.9524 0.0043
vn 0.2332 -0.9724 0.0010
vn 0.3023 -0.9526 0.0341
vn 0.2317 -0.9725 0.0238
vn 0.3055 0.9520 0.0187
vn 0.2329 0.9724 0.0163
vn 0.2306 0.9723 0.0392
vn 0.3028 0.9518 0.0484
vn 0.6360 -0.7715 0.0181
vn 0.6306 -0.7720 0.0803
vn 0.8588 -0.4713 0.2010
vn 0.8100 -0.5552 0.1888
vn 0.8993 -0.3829 0.2113
vn 0.8740 -0.3835 0.2984
vn 0.8346 -0.4719 0.2842
vn 0.7872 -0.5557 0.2672
vn 0.9681 -0.0996 0.2298
vn 0.9542 -0.1962 0.2258
vn 0.9728 -0.0021 0.2316
vn 0.9454 -0.0028 0.3258
vn 0.9409 -0.1003 0.3235
vn 0.9274 -0.1968 0.3181
vn 0.9315 0.2868 0.2239
vn 0.9544 0.1920 0.2286
vn 0.8996 0.3789 0.2170
vn 0.8743 0.3783 0.3040
vn 0.9053 0.2862 0.3140
vn 0.9275 0.1913 0.3210
vn 0.7540 0.6305 0.1841
vn 0.8105 0.5516 0.1970
vn 0.6902 0.7035 0.1695
vn 0.6708 0.7030 0.2363
vn 0.7328 0.6300 0.2571
vn 0.7877 0.5510 0.2754
vn 0.4615 0.8795 0.1163
vn 0.5433 0.8286 0.1354
vn 0.3752 0.9220 0.0960
vn 0.3646 0.9217 0.1323
vn 0.4485 0.8792 0.1609
vn 0.5280 0.8282 0.1880
vn 0.4607 -0.8815 0.1033
vn 0.3743 -0.9236 0.0824
vn 0.5426 -0.8309 0.1231
vn 0.5273 -0.8313 0.1757
vn 0.4477 -0.8819 0.1479
vn 0.3638 -0.9239 0.1186
vn 0.7535 -0.6338 0.1748
vn 0.6896 -0.7065 0.1590
vn 0.7323 -0.6344 0.2477
vn 0.6702 -0.7070 0.2258
vn 0.9312 -0.2909 0.2196
vn 0.9050 -0.2916 0.3097
vn 0.9682 0.0954 0.2312
vn 0.9410 0.0947 0.3249
vn 0.8592 0.4675 0.2080
vn 0.8350 0.4669 0.2911
vn 0.6198 0.7697 0.1532
vn 0.6023 0.7693 0.2132
vn 0.2969 -0.9528 0.0637
vn 0.2280 -0.9725 0.0466
vn 0.2886 -0.9530 0.0924
vn 0.2220 -0.9726 0.0689
vn 0.2972 0.9516 0.0777
vn 0.2259 0.9722 0.0614
vn 0.2190 0.9722 0.0832
vn 0.2887 0.9515 0.1065
vn 0.6191 -0.7724 0.1417
vn 0.6017 -0.7729 0.2017
vn 0.8024 -0.4724 0.3646
vn 0.7568 -0.5563 0.3431
vn 0.8403 -0.3841 0.3826
vn 0.7985 -0.3847 0.4631
vn 0.7625 -0.4730 0.4415
vn 0.7192 -0.5569 0.4156
vn 0.9046 -0.1009 0.4141
vn 0.8916 -0.1975 0.4075
vn 0.9090 -0.0035 0.4168
vn 0.8637 -0.0041 0.5039
vn 0.8596 -0.1016 0.5008
vn 0.8472 -0.1981 0.4929
vn 0.8703 0.2856 0.4012
vn 0.8918 0.1907 0.4104
vn 0.8406 0.3777 0.3882
vn 0.7988 0.3772 0.4687
vn 0.8270 0.2850 0.4846
vn 0.8474 0.1901 0.4958
vn 0.7045 0.6295 0.3277
vn 0.7573 0.5505 0.3513
vn 0.6449 0.7025 0.3009
vn 0.6129 0.7021 0.3626
vn 0.6695 0.6290 0.3951
vn 0.7196 0.5500 0.4238
vn 0.4312 0.8789 0.2041
vn 0.5076 0.8278 0.2388
vn 0.3506 0.9215 0.1674
vn 0.3331 0.9212 0.2010
vn 0.4098 0.8786 0.2454
vn 0.4824 0.8275 0.2874
vn 0.4304 -0.8822 0.1910
vn 0.3497 -0.9242 0.1537
vn 0.5069 -0.8317 0.2265
vn 0.4816 -0.8321 0.2751
vn 0.4090 -0.8825 0.2323
vn 0.3323 -0.9244 0.1873
vn 0.7040 -0.6349 0.3183
vn 0.6443 -0.7075 0.2904
vn 0.6689 -0.6354 0.3857
vn 0.6122 -0.7079 0.3521
vn 0.8701 -0.2922 0.3969
vn 0.8268 -0.2928 0.4803
vn 0.9047 0.0941 0.4156
vn 0.8597 0.0934 0.5023
vn 0.8028 0.4663 0.3716
vn 0.7629 0.4658 0.4484
vn 0.5791 0.7689 0.2711
vn 0.5503 0.7685 0.3266
vn 0.2776 -0.9531 0.1203
vn 0.2139 -0.9727 0.0905
vn 0.2638 -0.9533 0.1470
vn 0.2036 -0.9727 0.1113
vn 0.2775 0.9513 0.1342
vn 0.2102 0.9721 0.1040
vn 0.1993 0.9721 0.1239
vn 0.2636 0.9511 0.1608
vn 0.5784 -0.7733 0.2597
vn 0.5496 -0.7737 0.3151
vn 0.7152 -0.4735 0.5141
vn 0.6746 -0.5574 0.4841
vn 0.7490 -0.3853 0.5391
vn 0.6922 -0.3858 0.6099
vn 0.6610 -0.4740 0.5817
vn 0.6235 -0.5578 0.5478
vn 0.8063 -0.1021 0.5826
vn 0.7947 -0.1987 0.5736
vn 0.8102 -0.0046 0.5861
vn 0.7489 -0.0052 0.6627
vn 0.7452 -0.1027 0.6588
vn 0.7345 -0.1992 0.6487
vn 0.7758 0.2844 0.5633
vn 0.7949 0.1895 0.5764
vn 0.7493 0.3766 0.5448
vn 0.6925 0.3762 0.6156
vn 0.7170 0.2839 0.6366
vn 0.7347 0.1890 0.6516
vn 0.6280 0.6286 0.4588
vn 0.6750 0.5496 0.4923
vn 0.5749 0.7017 0.4209
vn 0.5313 0.7013 0.4752
vn 0.5804 0.6282 0.5181
vn 0.6239 0.5491 0.5560
vn 0.3844 0.8783 0.2843
vn 0.4525 0.8272 0.3332
vn 0.3125 0.9210 0.2326
vn 0.2888 0.9208 0.2621
vn 0.3553 0.8781 0.3206
vn 0.4182 0.8269 0.3760
vn 0.3836 -0.8828 0.2712
vn 0.3117 -0.9246 0.2189
vn 0.4517 -0.8324 0.3209
vn 0.4175 -0.8327 0.3636
vn 0.3545 -0.8830 0.3075
vn 0.2880 -0.9248 0.2484
vn 0.6274 -0.6359 0.4494
vn 0.5743 -0.7084 0.4104
vn 0.5799 -0.6363 0.5087
vn 0.5307 -0.7087 0.4647
vn 0.7755 -0.2934 0.5590
vn 0.7168 -0.2939 0.6323
vn 0.8064 0.0929 0.5841
vn 0.7453 0.0924 0.6603
vn 0.7156 0.4653 0.5210
vn 0.6614 0.4648 0.5886
vn 0.5162 0.7681 0.3789
vn 0.4771 0.7678 0.4276
vn 0.2475 -0.9535 0.1722
vn 0.1913 -0.9728 0.1309
vn 0.2288 -0.9536 0.1957
vn 0.1771 -0.9728 0.1492
vn 0.2473 0.9510 0.1857
vn 0.1867 0.9720 0.1425
vn 0.1723 0.9720 0.1598
vn 0.2286 0.9508 0.2090
vn 0.5155 -0.7741 0.3675
vn 0.4764 -0.7744 0.4162
vn 0.6005 -0.4745 0.6437
vn 0.5663 -0.5583 0.6063
vn 0.6288 -0.3862 0.6748
vn 0.5593 -0.3866 0.7332
vn 0.5341 -0.4749 0.6994
vn 0.5037 -0.5586 0.6589
vn 0.6770 -0.1032 0.7287
vn 0.6673 -0.1997 0.7176
vn 0.6803 -0.0057 0.7329
vn 0.6051 -0.0061 0.7961
vn 0.6022 -0.1036 0.7916
vn 0.5936 -0.2001 0.7795
vn 0.6514 0.2835 0.7038
vn 0.6674 0.1885 0.7204
vn 0.6291 0.3757 0.6805
vn 0.5597 0.3753 0.7389
vn 0.5795 0.2831 0.7643
vn 0.5937 0.1882 0.7824
vn 0.5273 0.6279 0.5725
vn 0.5668 0.5488 0.6145
vn 0.4827 0.7010 0.5249
vn 0.4294 0.7007 0.5697
vn 0.4691 0.6276 0.6214
vn 0.5042 0.5484 0.6671
vn 0.3227 0.8779 0.3539
vn 0.3799 0.8266 0.4151
vn 0.2624 0.9206 0.2892
vn 0.2335 0.9205 0.3135
vn 0.2871 0.8777 0.3838
vn 0.3380 0.8264 0.4503
vn 0.3220 -0.8833 0.3408
vn 0.2616 -0.9250 0.2754
vn 0.3793 -0.8330 0.4028
vn 0.3373 -0.8333 0.4381
vn 0.2864 -0.8835 0.3707
vn 0.2326 -0.9252 0.2998
vn 0.5267 -0.6367 0.5631
vn 0.4821 -0.7091 0.5145
vn 0.4685 -0.6371 0.6121
vn 0.4288 -0.7094 0.5593
vn 0.6512 -0.2944 0.6995
vn 0.5792 -0.2948 0.7600
vn 0.6771 0.0919 0.7301
vn 0.6023 0.0915 0.7930
vn 0.6009 0.4644 0.6506
vn 0.5345 0.4641 0.7064
vn 0.4334 0.7675 0.4723
vn 0.3856 0.7672 0.5125
vn 0.2078 -0.9537 0.2172
vn 0.1611 -0.9728 0.1662
vn 0.1848 -0.9539 0.2366
vn 0.1434 -0.9729 0.1815
vn 0.2075 0.9507 0.2304
vn 0.1562 0.9720 0.1758
vn 0.1389 0.9719 0.1899
vn 0.1846 0.9506 0.2495
vn 0.4328 -0.7748 0.4609
vn 0.3849 -0.7751 0.5011
vn 0.4626 -0.4752 0.7484
vn 0.4363 -0.5589 0.7051
vn 0.4845 -0.3870 0.7845
vn 0.4049 -0.3873 0.8283
vn 0.3866 -0.4755 0.7902
vn 0.3647 -0.5592 0.7445
vn 0.5216 -0.1040 0.8468
vn 0.5141 -0.2005 0.8339
vn 0.5242 -0.0065 0.8516
vn 0.4382 -0.0068 0.8989
vn 0.4360 -0.1043 0.8939
vn 0.4297 -0.2008 0.8803
vn 0.5033 0.2815 0.8170
vn 0.5143 0.1878 0.8368
vn 0.4898 0.3731 0.7880
vn 0.4043 0.3763 0.8336
vn 0.4215 0.2782 0.8631
vn 0.4299 0.1875 0.8832
vn 0.4137 0.6281 0.6590
vn 0.4466 0.5485 0.7069
vn 0.3759 0.7014 0.6056
vn 0.3139 0.6982 0.6434
vn 0.3623 0.6257 0.6908
vn 0.3973 0.5498 0.7348
vn 0.2488 0.8775 0.4100
vn 0.2928 0.8262 0.4813
vn 0.2023 0.9203 0.3348
vn 0.1692 0.9202 0.3530
vn 0.2080 0.8773 0.4324
vn 0.2448 0.8260 0.5077
vn 0.2480 -0.8837 0.3970
vn 0.2015 -0.9254 0.3211
vn 0.2921 -0.8335 0.4690
vn 0.2441 -0.8337 0.4954
vn 0.2072 -0.8838 0.4194
vn 0.1683 -0.9255 0.3393
vn 0.4058 -0.6374 0.6550
vn 0.3714 -0.7097 0.5986
vn 0.3392 -0.6376 0.6917
vn 0.3104 -0.7100 0.6322
vn 0.5017 -0.2952 0.8131
vn 0.4193 -0.2955 0.8584
vn 0.5217 0.0911 0.8482
vn 0.4361 0.0908 0.8953
vn 0.4720 0.4628 0.7504
vn 0.4123 0.4668 0.7824
vn 0.3350 0.7677 0.5463
vn 0.2805 0.7698 0.5733
vn 0.1601 -0.9540 0.2536
vn 0.1243 -0.9729 0.1949
vn 0.1337 -0.9541 0.2681
vn 0.1039 -0.9729 0.2064
vn 0.1600 0.9505 0.2663
vn 0.1202 0.9719 0.2024
vn 0.1005 0.9719 0.2130
vn 0.1338 0.9504 0.2807
vn 0.3334 -0.7753 0.5364
vn 0.2786 -0.7755 0.5665
vn 0.3178 -0.4768 0.8195
vn 0.2958 -0.5611 0.7731
vn 0.3352 -0.3880 0.8585
vn 0.2782 -0.3902 0.8777
vn 0.2563 -0.4760 0.8413
vn 0.2171 -0.5623 0.7979
vn 0.3481 -0.1026 0.9318
vn 0.3483 -0.1981 0.9162
vn 0.3479 -0.0070 0.9375
vn 0.2543 -0.0072 0.9671
vn 0.2558 -0.0978 0.9618
vn 0.2535 -0.1972 0.9470
vn 0.3347 0.2745 0.9014
vn 0.3414 0.1873 0.9211
vn 0.3204 0.3539 0.8787
vn 0.2377 0.3495 0.9063
vn 0.2442 0.2728 0.9305
vn 0.2495 0.1871 0.9501
vn 0.0758 0.4808 0.8735
vn 0.0240 0.4655 0.8847
vn 0.0569 0.3758 0.9250
vn 0.1099 0.4325 0.8949
vn 0.1360 0.4589 0.8780
vn 0.1265 0.4776 0.8694
vn 0.1310 0.4973 0.8576
vn 0.1065 0.5053 0.8564
vn 0.1100 0.5182 0.8481
vn 0.0937 0.5187 0.8498
vn 0.0994 0.5489 0.8300
vn 0.0534 0.5471 0.8354
vn 0.0101 0.5474 0.8368
vn 0.1652 0.8772 0.4507
vn 0.1945 0.8259 0.5292
vn 0.1344 0.9201 0.3679
vn 0.0983 0.9200 0.3793
vn 0.1209 0.8772 0.4647
vn 0.1423 0.8258 0.5457
vn 0.1644 -0.8840 0.4377
vn 0.1335 -0.9256 0.3542
vn 0.1937 -0.8338 0.5169
vn 0.1415 -0.8339 0.5334
vn 0.1201 -0.8841 0.4517
vn 0.0975 -0.9257 0.3656
vn 0.2710 -0.6391 0.7198
vn 0.2464 -0.7101 0.6595
vn 0.1995 -0.6435 0.7390
vn 0.1800 -0.7103 0.6805
vn 0.3454 -0.2943 0.8911
vn 0.2806 -0.2973 0.9126
vn 0.3463 0.0906 0.9337
vn 0.2531 0.0904 0.9632
vn 0.2382 0.6666 0.7063
vn 0.2869 0.6536 0.7003
vn 0.2386 0.7187 0.6531
vn 0.1722 0.7205 0.6717
vn 0.1844 0.6664 0.7224
vn 0.1965 0.6274 0.7535
vn 0.2105 0.6335 0.7446
vn 0.2090 0.6291 0.7487
vn 0.2306 0.6361 0.7363
vn 0.2597 0.6356 0.7270
vn 0.2210 0.7726 0.5952
vn 0.1592 0.7735 0.6134
vn 0.1060 -0.9541 0.2800
vn 0.0824 -0.9730 0.2158
vn 0.0774 -0.9542 0.2891
vn 0.0602 -0.9730 0.2230
vn 0.1063 0.9504 0.2924
vn 0.0799 0.9719 0.2216
vn 0.0584 0.9718 0.2283
vn 0.0778 0.9503 0.3014
vn 0.2211 -0.7757 0.5911
vn 0.1615 -0.7758 0.6099
vn 0.1322 -0.2305 0.9640
vn 0.1969 -0.2524 0.9474
vn 0.1540 -0.1669 0.9739
vn 0.0598 -0.1603 0.9853
vn 0.0590 -0.2299 0.9714
vn 0.0579 -0.2939 0.9541
vn 0.0817 -0.2800 0.9565
vn 0.0808 -0.2832 0.9557
vn 0.0944 -0.2765 0.9564
vn 0.1037 -0.2975 0.9491
vn 0.1320 -0.2833 0.9499
vn 0.1607 -0.2863 0.9446
vn 0.1589 -0.0927 0.9829
vn 0.1582 -0.0073 0.9874
vn 0.0606 -0.0073 0.9981
vn 0.0604 -0.0906 0.9941
vn 0.1512 0.2743 0.9497
vn 0.1553 0.1870 0.9700
vn 0.1522 0.3536 0.9229
vn 0.0568 0.2777 0.9590
vn 0.0596 0.1870 0.9806
vn 0.3626 0.4823 0.7975
vn 0.3432 0.4328 0.8336
vn 0.3647 0.5534 0.7488
vn 0.3291 0.5523 0.7660
vn 0.3422 0.5201 0.7826
vn 0.3197 0.5187 0.7929
vn 0.3271 0.5056 0.7983
vn 0.3066 0.4974 0.8115
vn 0.3159 0.4781 0.8195
vn 0.3123 0.4590 0.8318
vn 0.0754 0.8771 0.4743
vn 0.0886 0.8258 0.5570
vn 0.0614 0.9200 0.3871
vn 0.0238 0.9200 0.3912
vn 0.0291 0.8771 0.4794
vn 0.0342 0.8258 0.5630
vn 0.0746 -0.8841 0.4613
vn 0.0605 -0.9257 0.3734
vn 0.0879 -0.8340 0.5447
vn 0.0335 -0.8340 0.5507
vn 0.0283 -0.8841 0.4664
vn 0.0229 -0.9257 0.3775
vn 0.1232 -0.6486 0.7511
vn 0.1119 -0.7103 0.6949
vn 0.1289 -0.5928 0.7949
vn 0.0485 -0.6004 0.7982
vn 0.0460 -0.6510 0.7577
vn 0.0427 -0.7104 0.7025
vn -0.1158 -0.4750 0.8723
vn -0.1526 -0.4760 0.8661
vn -0.1189 -0.5623 0.8183
vn -0.0701 -0.5160 0.8537
vn -0.0258 -0.4928 0.8698
vn -0.0419 -0.4853 0.8733
vn -0.0740 -0.5044 0.8603
vn -0.0825 -0.4990 0.8626
vn -0.0514 -0.4458 0.8937
vn -0.1576 -0.4417 0.8832
vn -0.1449 -0.4331 0.8896
vn -0.1175 -0.4266 0.8968
vn -0.0906 -0.3923 0.9153
vn -0.1459 -0.3978 0.9058
vn -0.1700 -0.3902 0.9049
vn 0.1575 0.0903 0.9834
vn 0.0604 0.0902 0.9941
vn -0.2944 0.6637 0.6877
vn -0.2886 0.7163 0.6353
vn -0.3606 0.6984 0.6183
vn -0.3437 0.6533 0.6746
vn -0.3308 0.6300 0.7026
vn -0.3060 0.6333 0.7109
vn -0.2870 0.6257 0.7253
vn -0.2767 0.6362 0.7202
vn -0.2642 0.6312 0.7292
vn -0.2656 0.6343 0.7260
vn -0.2528 0.6277 0.7363
vn -0.2454 0.6668 0.7037
vn -0.2271 0.7208 0.6549
vn 0.0980 0.7717 0.6284
vn 0.1103 0.7158 0.6896
vn 0.0362 0.7691 0.6381
vn 0.0410 0.6975 0.7154
vn 0.0481 -0.9542 0.2953
vn 0.0374 -0.9730 0.2279
vn 0.0181 -0.9542 0.2986
vn 0.0140 -0.9730 0.2305
vn 0.0486 0.9503 0.3075
vn 0.0365 0.9718 0.2328
vn 0.0143 0.9718 0.2352
vn 0.0189 0.9503 0.3108
vn 0.1004 -0.7759 0.6228
vn 0.0383 -0.7759 0.6297
vn -0.0388 -0.0927 0.9949
vn -0.0350 -0.1669 0.9853
vn -0.0375 -0.0073 0.9993
vn -0.1354 -0.0072 0.9908
vn -0.1375 -0.0978 0.9857
vn -0.1370 -0.1972 0.9708
vn -0.0359 0.2795 0.9595
vn -0.0368 0.1870 0.9817
vn -0.0346 0.3705 0.9282
vn -0.1256 0.3759 0.9181
vn -0.1281 0.2778 0.9521
vn -0.1327 0.1871 0.9733
vn -0.0301 0.6285 0.7772
vn -0.0320 0.5479 0.8359
vn 0.0174 0.6248 0.7806
vn -0.0267 0.7020 0.7117
vn -0.0937 0.6979 0.7100
vn -0.0801 0.6253 0.7762
vn -0.0758 0.5494 0.8321
vn -0.0174 0.8771 0.4800
vn -0.0206 0.8258 0.5636
vn -0.0141 0.9200 0.3917
vn -0.0517 0.9200 0.3884
vn -0.0637 0.8772 0.4760
vn -0.0752 0.8258 0.5589
vn -0.0182 -0.8841 0.4669
vn -0.0149 -0.9257 0.3780
vn -0.0213 -0.8340 0.5513
vn -0.0759 -0.8339 0.5466
vn -0.0645 -0.8841 0.4629
vn -0.0525 -0.9257 0.3747
vn -0.0314 -0.6486 0.7605
vn -0.0270 -0.7104 0.7033
vn -0.0317 -0.5928 0.8047
vn -0.1086 -0.6435 0.7577
vn -0.0963 -0.7103 0.6973
vn 0.2206 -0.4750 0.8519
vn 0.1729 -0.5160 0.8389
vn 0.2546 -0.3977 0.8815
vn 0.2009 -0.3923 0.8976
vn 0.2250 -0.4267 0.8759
vn 0.2520 -0.4332 0.8654
vn 0.2636 -0.4417 0.8576
vn 0.1592 -0.4455 0.8810
vn 0.1866 -0.4993 0.8461
vn 0.1779 -0.5048 0.8447
vn 0.1474 -0.4854 0.8618
vn 0.1309 -0.4927 0.8603
vn -0.0373 0.0903 0.9952
vn -0.1347 0.0904 0.9868
vn -0.0332 0.4609 0.8868
vn -0.0901 0.4663 0.8800
vn -0.0234 0.7678 0.6403
vn -0.0822 0.7695 0.6333
vn -0.0120 -0.9542 0.2989
vn -0.0095 -0.9730 0.2307
vn -0.0419 -0.9542 0.2963
vn -0.0327 -0.9730 0.2286
vn -0.0110 0.9503 0.3111
vn -0.0081 0.9718 0.2355
vn -0.0303 0.9719 0.2336
vn -0.0407 0.9503 0.3086
vn -0.0243 -0.7759 0.6304
vn -0.0865 -0.7758 0.6250
vn -0.2163 -0.4768 0.8520
vn -0.2000 -0.5611 0.8032
vn -0.2289 -0.3880 0.8928
vn -0.3017 -0.3873 0.8712
vn -0.2882 -0.4755 0.8312
vn -0.2719 -0.5592 0.7832
vn -0.2328 -0.1025 0.9671
vn -0.2349 -0.1981 0.9516
vn -0.2319 -0.0070 0.9727
vn -0.3261 -0.0068 0.9453
vn -0.3246 -0.1043 0.9401
vn -0.3200 -0.2008 0.9259
vn -0.2214 0.2744 0.9358
vn -0.2274 0.1872 0.9556
vn -0.2198 0.3536 0.9092
vn -0.3028 0.3476 0.8874
vn -0.3126 0.2724 0.9100
vn -0.3198 0.1875 0.9287
vn -0.4195 0.4703 0.7764
vn -0.4644 0.4661 0.7530
vn -0.4642 0.3771 0.8014
vn -0.3981 0.4328 0.8088
vn -0.3598 0.4515 0.8165
vn -0.3730 0.4519 0.8103
vn -0.3802 0.4524 0.8067
vn -0.3883 0.4598 0.7986
vn -0.3728 0.4941 0.7855
vn -0.4111 0.5003 0.7620
vn -0.4032 0.5118 0.7586
vn -0.4132 0.5116 0.7534
vn -0.3884 0.5456 0.7426
vn -0.4233 0.5407 0.7269
vn -0.4513 0.5463 0.7057
vn -0.1095 0.8772 0.4674
vn -0.1290 0.8259 0.5488
vn -0.0889 0.9201 0.3814
vn -0.1252 0.9202 0.3709
vn -0.1541 0.8773 0.4545
vn -0.1816 0.8260 0.5336
vn -0.1103 -0.8840 0.4544
vn -0.0897 -0.9256 0.3678
vn -0.1298 -0.8338 0.5366
vn -0.1823 -0.8337 0.5213
vn -0.1549 -0.8838 0.4414
vn -0.1260 -0.9255 0.3572
vn -0.1819 -0.6391 0.7473
vn -0.1647 -0.7101 0.6845
vn -0.2530 -0.6376 0.7276
vn -0.2316 -0.7099 0.6651
vn -0.2350 -0.2943 0.9264
vn -0.1681 -0.2973 0.9399
vn -0.3124 -0.2955 0.9028
vn -0.2307 0.0905 0.9688
vn -0.3245 0.0908 0.9415
vn -0.1917 0.6667 0.7202
vn -0.1480 0.6535 0.7423
vn -0.1617 0.7187 0.6763
vn -0.2360 0.6337 0.7367
vn -0.2396 0.6294 0.7392
vn -0.2148 0.6364 0.7409
vn -0.1854 0.6358 0.7493
vn -0.1439 0.7726 0.6183
vn -0.2053 0.7738 0.5993
vn -0.0714 -0.9541 0.2908
vn -0.0557 -0.9730 0.2241
vn -0.1003 -0.9541 0.2823
vn -0.0782 -0.9729 0.2174
vn -0.0702 0.9504 0.3031
vn -0.0525 0.9719 0.2296
vn -0.0740 0.9719 0.2236
vn -0.0988 0.9504 0.2948
vn -0.1479 -0.7757 0.6135
vn -0.2080 -0.7755 0.5961
vn -0.3686 -0.4752 0.7989
vn -0.3478 -0.5589 0.7528
vn -0.3860 -0.3870 0.8374
vn -0.4665 -0.3867 0.7955
vn -0.4455 -0.4749 0.7589
vn -0.4203 -0.5586 0.7151
vn -0.4153 -0.1040 0.9037
vn -0.4094 -0.2005 0.8900
vn -0.4173 -0.0065 0.9088
vn -0.5044 -0.0061 0.8635
vn -0.5020 -0.1036 0.8586
vn -0.4949 -0.2001 0.8456
vn -0.4013 0.2740 0.8740
vn -0.4092 0.1878 0.8929
vn -0.3852 0.3516 0.8532
vn -0.4850 0.2786 0.8289
vn -0.4947 0.1882 0.8485
vn -0.1399 0.4820 0.8649
vn -0.1762 0.4327 0.8842
vn -0.1106 0.5531 0.8258
vn -0.1500 0.5523 0.8201
vn -0.1485 0.5198 0.8413
vn -0.1733 0.5183 0.8375
vn -0.1701 0.5054 0.8460
vn -0.1940 0.4976 0.8455
vn -0.1906 0.4780 0.8574
vn -0.2007 0.4589 0.8655
vn -0.1973 0.8775 0.4371
vn -0.2324 0.8262 0.5132
vn -0.1603 0.9203 0.3568
vn -0.1938 0.9205 0.3394
vn -0.2386 0.8777 0.4157
vn -0.2810 0.8264 0.4879
vn -0.1981 -0.8837 0.4241
vn -0.1611 -0.9254 0.3431
vn -0.2332 -0.8335 0.5009
vn -0.2818 -0.8333 0.4756
vn -0.2394 -0.8835 0.4026
vn -0.1947 -0.9252 0.3257
vn -0.3236 -0.6374 0.6993
vn -0.2962 -0.7097 0.6392
vn -0.3910 -0.6371 0.6643
vn -0.3580 -0.7094 0.6071
vn -0.3996 -0.2952 0.8679
vn -0.4830 -0.2948 0.8245
vn -0.4152 0.0911 0.9051
vn -0.5019 0.0915 0.8601
vn -0.2645 0.7722 0.5777
vn -0.3213 0.7698 0.5515
vn -0.1282 -0.9540 0.2711
vn -0.0998 -0.9729 0.2085
vn -0.1548 -0.9539 0.2572
vn -0.1203 -0.9729 0.1975
vn -0.1266 0.9505 0.2837
vn -0.0948 0.9719 0.2155
vn -0.1149 0.9719 0.2053
vn -0.1531 0.9506 0.2700
vn -0.2660 -0.7753 0.5728
vn -0.3215 -0.7751 0.5440
vn -0.5181 -0.4745 0.7116
vn -0.4888 -0.5582 0.6704
vn -0.5425 -0.3862 0.7460
vn -0.6133 -0.3858 0.6892
vn -0.5857 -0.4740 0.6574
vn -0.5526 -0.5578 0.6193
vn -0.5838 -0.1032 0.8053
vn -0.5755 -0.1997 0.7930
vn -0.5866 -0.0057 0.8099
vn -0.6631 -0.0052 0.7485
vn -0.6600 -0.1027 0.7442
vn -0.6506 -0.1992 0.7328
vn -0.5626 0.2824 0.7770
vn -0.5753 0.1886 0.7959
vn -0.5461 0.3744 0.7494
vn -0.6129 0.3762 0.6948
vn -0.6347 0.2839 0.7187
vn -0.6504 0.1890 0.7357
vn -0.4619 0.6287 0.6256
vn -0.4977 0.5484 0.6720
vn -0.4165 0.6252 0.6601
vn -0.4195 0.7022 0.5753
vn -0.4699 0.7013 0.5360
vn -0.5135 0.6282 0.5846
vn -0.5520 0.5491 0.6275
vn -0.2775 0.8778 0.3903
vn -0.3269 0.8266 0.4581
vn -0.2254 0.9206 0.3188
vn -0.2550 0.9208 0.2951
vn -0.3138 0.8781 0.3612
vn -0.3697 0.8269 0.4238
vn -0.2784 -0.8833 0.3772
vn -0.2263 -0.9250 0.3051
vn -0.3277 -0.8330 0.4457
vn -0.3704 -0.8327 0.4115
vn -0.3147 -0.8830 0.3482
vn -0.2558 -0.9248 0.2815
vn -0.4547 -0.6367 0.6227
vn -0.4163 -0.7091 0.5691
vn -0.5141 -0.6363 0.5752
vn -0.4706 -0.7087 0.5256
vn -0.5617 -0.2944 0.7732
vn -0.6350 -0.2939 0.7144
vn -0.5837 0.0919 0.8067
vn -0.6599 0.0923 0.7456
vn -0.5250 0.4634 0.7139
vn -0.5853 0.4648 0.6643
vn -0.3739 0.7681 0.5198
vn -0.4218 0.7678 0.4822
vn -0.1800 -0.9537 0.2408
vn -0.1398 -0.9728 0.1845
vn -0.2034 -0.9536 0.2219
vn -0.1578 -0.9728 0.1696
vn -0.1781 0.9507 0.2538
vn -0.1338 0.9720 0.1934
vn -0.1517 0.9720 0.1795
vn -0.2016 0.9508 0.2351
vn -0.3738 -0.7748 0.5099
vn -0.4226 -0.7744 0.4708
vn -0.6477 -0.4735 0.5968
vn -0.6110 -0.5574 0.5622
vn -0.6782 -0.3853 0.6258
vn -0.7365 -0.3847 0.5563
vn -0.7034 -0.4730 0.5305
vn -0.6636 -0.5569 0.4996
vn -0.7299 -0.1022 0.6759
vn -0.7195 -0.1987 0.6655
vn -0.7333 -0.0046 0.6799
vn -0.7964 -0.0041 0.6047
vn -0.7927 -0.1016 0.6011
vn -0.7814 -0.1981 0.5918
vn -0.7019 0.2844 0.6530
vn -0.7193 0.1895 0.6684
vn -0.6778 0.3766 0.6314
vn -0.7362 0.3772 0.5620
vn -0.7623 0.2850 0.5811
vn -0.7812 0.1901 0.5947
vn -0.5678 0.6286 0.5314
vn -0.6105 0.5496 0.5704
vn -0.5197 0.7017 0.4874
vn -0.5645 0.7021 0.4341
vn -0.6167 0.6291 0.4732
vn -0.6630 0.5500 0.5078
vn -0.3472 0.8783 0.3287
vn -0.4088 0.8272 0.3855
vn -0.2820 0.9210 0.2687
vn -0.3063 0.9212 0.2398
vn -0.3770 0.8786 0.2932
vn -0.4440 0.8275 0.3436
vn -0.3479 -0.8828 0.3157
vn -0.2829 -0.9246 0.2550
vn -0.4096 -0.8324 0.3732
vn -0.4448 -0.8321 0.3313
vn -0.3778 -0.8825 0.2801
vn -0.3072 -0.9244 0.2261
vn -0.5684 -0.6359 0.5221
vn -0.5204 -0.7083 0.4769
vn -0.6173 -0.6354 0.4639
vn -0.5651 -0.7079 0.4237
vn -0.7022 -0.2934 0.6488
vn -0.7626 -0.2928 0.5768
vn -0.7298 0.0929 0.6774
vn -0.7926 0.0935 0.6026
vn -0.6472 0.4653 0.6038
vn -0.7030 0.4658 0.5375
vn -0.4665 0.7681 0.4386
vn -0.5067 0.7685 0.3908
vn -0.2248 -0.9535 0.2009
vn -0.1741 -0.9728 0.1531
vn -0.2441 -0.9533 0.1778
vn -0.1886 -0.9727 0.1351
vn -0.2230 0.9510 0.2143
vn -0.1681 0.9720 0.1641
vn -0.1828 0.9721 0.1471
vn -0.2422 0.9511 0.1915
vn -0.4673 -0.7741 0.4272
vn -0.5074 -0.7737 0.3793
vn -0.7524 -0.4725 0.4590
vn -0.7098 -0.5563 0.4321
vn -0.7878 -0.3841 0.4815
vn -0.8315 -0.3835 0.4020
vn -0.7941 -0.4719 0.3831
vn -0.7491 -0.5558 0.3605
vn -0.8478 -0.1009 0.5206
vn -0.8357 -0.1975 0.5124
vn -0.8518 -0.0035 0.5238
vn -0.8991 -0.0028 0.4378
vn -0.8948 -0.1003 0.4350
vn -0.8821 -0.1969 0.4281
vn -0.8154 0.2856 0.5036
vn -0.8355 0.1907 0.5153
vn -0.7874 0.3777 0.4871
vn -0.8311 0.3783 0.4076
vn -0.8606 0.2862 0.4213
vn -0.8819 0.1913 0.4309
vn -0.6597 0.6295 0.4105
vn -0.7092 0.5505 0.4404
vn -0.6038 0.7025 0.3767
vn -0.6373 0.7030 0.3157
vn -0.6963 0.6300 0.3439
vn -0.7486 0.5511 0.3688
vn -0.4033 0.8789 0.2548
vn -0.4750 0.8278 0.2985
vn -0.3277 0.9215 0.2086
vn -0.3459 0.9217 0.1755
vn -0.4257 0.8792 0.2140
vn -0.5014 0.8282 0.2505
vn -0.4041 -0.8822 0.2417
vn -0.3286 -0.9242 0.1949
vn -0.4758 -0.8317 0.2861
vn -0.5021 -0.8313 0.2382
vn -0.4265 -0.8819 0.2010
vn -0.3468 -0.9239 0.1618
vn -0.6603 -0.6349 0.4011
vn -0.6045 -0.7075 0.3662
vn -0.6969 -0.6344 0.3345
vn -0.6380 -0.7070 0.3053
vn -0.8157 -0.2922 0.4993
vn -0.8609 -0.2915 0.4170
vn -0.8477 0.0940 0.5220
vn -0.8947 0.0947 0.4365
vn -0.7519 0.4663 0.4660
vn -0.7936 0.4669 0.3901
vn -0.5420 0.7689 0.3393
vn -0.5721 0.7693 0.2845
vn -0.2610 -0.9531 0.1531
vn -0.2014 -0.9727 0.1157
vn -0.2753 -0.9530 0.1267
vn -0.2121 -0.9726 0.0953
vn -0.2592 0.9513 0.1668
vn -0.1960 0.9721 0.1287
vn -0.2073 0.9722 0.1091
vn -0.2737 0.9515 0.1407
vn -0.5427 -0.7733 0.3278
vn -0.5728 -0.7729 0.2730
vn -0.8281 -0.4713 0.3035
vn -0.7812 -0.5552 0.2855
vn -0.8671 -0.3829 0.3186
vn -0.8944 -0.3822 0.2321
vn -0.8542 -0.4706 0.2209
vn -0.8058 -0.5546 0.2076
vn -0.9332 -0.0996 0.3452
vn -0.9199 -0.1962 0.3396
vn -0.9376 -0.0021 0.3476
vn -0.9672 -0.0014 0.2541
vn -0.9626 -0.0989 0.2522
vn -0.9489 -0.1955 0.2478
vn -0.8975 0.2868 0.3349
vn -0.9197 0.1920 0.3424
vn -0.8668 0.3789 0.3242
vn -0.8941 0.3796 0.2378
vn -0.9258 0.2874 0.2454
vn -0.9487 0.1927 0.2507
vn -0.7262 0.6305 0.2740
vn -0.7807 0.5516 0.2937
vn -0.6647 0.7034 0.2518
vn -0.6856 0.7039 0.1854
vn -0.7491 0.6311 0.2015
vn -0.8053 0.5522 0.2157
vn -0.4440 0.8795 0.1713
vn -0.5229 0.8286 0.2002
vn -0.3608 0.9220 0.1407
vn -0.3722 0.9222 0.1047
vn -0.4580 0.8798 0.1270
vn -0.5394 0.8289 0.1480
vn -0.4448 -0.8815 0.1583
vn -0.3616 -0.9236 0.1271
vn -0.5237 -0.8309 0.1879
vn -0.5402 -0.8305 0.1357
vn -0.4588 -0.8812 0.1139
vn -0.3730 -0.9234 0.0910
vn -0.7268 -0.6338 0.2647
vn -0.6653 -0.7065 0.2413
vn -0.7497 -0.6333 0.1922
vn -0.6863 -0.7060 0.1750
vn -0.8978 -0.2909 0.3307
vn -0.9261 -0.2902 0.2411
vn -0.9331 0.0954 0.3467
vn -0.9625 0.0961 0.2536
vn -0.8277 0.4675 0.3104
vn -0.8538 0.4681 0.2278
vn -0.5967 0.7697 0.2271
vn -0.6155 0.7701 0.1675
vn -0.2870 -0.9528 0.0992
vn -0.2207 -0.9726 0.0738
vn -0.2960 -0.9526 0.0705
vn -0.2271 -0.9725 0.0517
vn -0.2856 0.9516 0.1131
vn -0.2168 0.9722 0.0883
vn -0.2242 0.9723 0.0668
vn -0.2947 0.9518 0.0846
vn -0.5974 -0.7724 0.2156
vn -0.6162 -0.7720 0.1561
vn 0.1242 -0.9890 0.0809
vn 0.1316 -0.9890 0.0679
vn 0.1154 -0.9889 0.0932
vn 0.0615 -0.9972 0.0433
vn 0.0656 -0.9972 0.0363
vn 0.0690 -0.9972 0.0290
vn 0.0219 0.9895 0.1432
vn 0.0088 0.9895 0.1446
vn 0.0350 0.9895 0.1405
vn 0.0157 0.9975 0.0685
vn 0.0100 0.9975 0.0696
vn 0.0043 0.9975 0.0702
vn 0.1464 0.9891 -0.0141
vn 0.1469 0.9891 0.0003
vn 0.1445 0.9891 -0.0285
vn 0.0736 0.9973 -0.0074
vn 0.0737 0.9973 -0.0001
vn 0.0731 0.9973 0.0072
vn -0.0804 0.9894 0.1210
vn -0.0915 0.9894 0.1130
vn -0.0688 0.9894 0.1279
vn -0.0300 0.9975 0.0641
vn -0.0355 0.9975 0.0618
vn -0.0408 0.9975 0.0585
vn -0.1241 0.9890 -0.0810
vn -0.1154 0.9889 -0.0932
vn -0.1317 0.9890 -0.0676
vn -0.0689 0.9972 -0.0290
vn -0.0656 0.9972 -0.0363
vn -0.0613 0.9972 -0.0434
vn -0.1199 0.9893 0.0831
vn -0.1273 0.9893 0.0717
vn -0.1112 0.9893 0.0942
vn -0.0508 0.9974 0.0509
vn -0.0553 0.9974 0.0463
vn -0.0595 0.9974 0.0410
vn 0.0817 -0.9889 0.1243
vn 0.0939 -0.9889 0.1151
vn 0.0684 -0.9889 0.1322
vn 0.0370 -0.9971 0.0659
vn 0.0443 -0.9971 0.0612
vn 0.0506 -0.9972 0.0559
vn 0.1200 -0.9893 -0.0830
vn 0.1112 -0.9893 -0.0942
vn 0.1273 -0.9893 -0.0717
vn 0.0595 -0.9974 -0.0410
vn 0.0553 -0.9974 -0.0463
vn 0.0508 -0.9974 -0.0509
vn -0.0220 -0.9895 -0.1432
vn -0.0350 -0.9895 -0.1406
vn -0.0088 -0.9895 -0.1446
vn -0.0043 -0.9975 -0.0702
vn -0.0100 -0.9975 -0.0696
vn -0.0156 -0.9975 -0.0686
vn 0.0542 -0.9889 0.1386
vn 0.0396 -0.9889 0.1435
vn 0.0215 -0.9971 0.0726
vn 0.0293 -0.9971 0.0697
vn -0.0660 -0.9889 0.1332
vn -0.0519 -0.9889 0.1395
vn -0.0793 -0.9889 0.1256
vn -0.0435 -0.9972 0.0616
vn -0.0365 -0.9971 0.0661
vn -0.0288 -0.9971 0.0699
vn 0.0371 0.9889 -0.1442
vn 0.0519 0.9889 -0.1395
vn 0.0220 0.9889 -0.1473
vn 0.0126 0.9971 -0.0747
vn 0.0207 0.9971 -0.0728
vn 0.0288 0.9971 -0.0699
vn 0.1460 0.9892 0.0147
vn 0.1437 0.9892 0.0288
vn 0.0717 0.9973 0.0143
vn 0.0697 0.9973 0.0212
vn -0.1400 -0.9892 -0.0425
vn -0.1437 -0.9892 -0.0289
vn -0.1351 -0.9893 -0.0557
vn -0.0641 -0.9974 -0.0335
vn -0.0671 -0.9974 -0.0275
vn -0.0697 -0.9973 -0.0212
vn 0.0045 -0.9895 -0.1448
vn 0.0177 -0.9895 -0.1438
vn 0.0072 -0.9975 -0.0700
vn 0.0016 -0.9975 -0.0703
vn -0.1017 0.9893 0.1041
vn -0.0459 0.9974 0.0550
vn -0.1053 0.9889 -0.1047
vn -0.0940 0.9889 -0.1151
vn -0.0565 0.9972 -0.0498
vn -0.0506 0.9972 -0.0559
vn -0.1338 0.9892 0.0591
vn -0.1391 0.9892 0.0460
vn -0.0636 0.9973 0.0356
vn -0.0670 0.9973 0.0293
vn 0.0246 -0.9888 0.1469
vn 0.0090 -0.9888 0.1487
vn 0.0046 -0.9971 0.0756
vn 0.0133 -0.9971 0.0746
vn 0.1338 -0.9892 -0.0591
vn 0.1391 -0.9892 -0.0461
vn 0.0669 -0.9973 -0.0293
vn 0.0633 -0.9974 -0.0354
vn -0.0918 -0.9889 0.1166
vn -0.1033 -0.9889 0.1065
vn -0.0558 -0.9972 0.0504
vn -0.0500 -0.9972 0.0563
vn -0.1470 0.9891 0.0037
vn -0.1469 0.9891 -0.0108
vn -0.1458 0.9892 0.0181
vn -0.0717 0.9973 0.0160
vn -0.0732 0.9973 0.0088
vn -0.0740 0.9973 0.0016
vn 0.1400 0.9892 0.0424
vn 0.1351 0.9893 0.0557
vn 0.0671 0.9974 0.0275
vn 0.0641 0.9974 0.0335
vn 0.0660 0.9889 -0.1332
vn 0.0794 0.9889 -0.1256
vn 0.0365 0.9971 -0.0661
vn 0.0435 0.9972 -0.0616
vn -0.0310 0.9895 0.1415
vn -0.0439 0.9894 0.1382
vn -0.0178 0.9895 0.1438
vn -0.0073 0.9975 0.0700
vn -0.0130 0.9975 0.0693
vn -0.0186 0.9975 0.0681
vn -0.1290 -0.9893 -0.0683
vn -0.1219 -0.9893 -0.0798
vn -0.0565 -0.9974 -0.0444
vn -0.0605 -0.9974 -0.0392
vn -0.1301 -0.9890 0.0703
vn -0.1224 -0.9890 0.0833
vn -0.1363 -0.9890 0.0568
vn -0.0710 -0.9972 0.0225
vn -0.0684 -0.9972 0.0299
vn -0.0649 -0.9972 0.0371
vn 0.1431 -0.9892 -0.0323
vn 0.1458 -0.9892 -0.0181
vn 0.0717 -0.9973 -0.0160
vn 0.0694 -0.9973 -0.0229
vn -0.1431 0.9892 0.0323
vn -0.2294 0.9723 0.0447
vn -0.0694 0.9973 0.0229
vn -0.0046 0.9895 0.1448
vn -0.0016 0.9975 0.0703
vn -0.0817 0.9889 -0.1243
vn -0.0684 0.9889 -0.1322
vn -0.0443 0.9971 -0.0612
vn -0.0370 0.9971 -0.0659
vn 0.0919 0.9889 -0.1167
vn 0.1033 0.9889 -0.1065
vn 0.0500 0.9972 -0.0563
vn 0.0556 0.9972 -0.0505
vn 0.0310 -0.9894 -0.1415
vn 0.0439 -0.9894 -0.1382
vn 0.0188 -0.9975 -0.0680
vn 0.0130 -0.9975 -0.0692
vn -0.1136 -0.9894 -0.0910
vn -0.1045 -0.9894 -0.1011
vn -0.0475 -0.9974 -0.0534
vn -0.0522 -0.9974 -0.0490
vn -0.1135 -0.9890 0.0954
vn -0.0607 -0.9972 0.0440
vn 0.1470 -0.9891 -0.0037
vn 0.1469 -0.9891 0.0108
vn 0.0740 -0.9973 -0.0016
vn 0.0732 -0.9973 -0.0088
vn 0.1290 0.9893 0.0683
vn 0.1219 0.9893 0.0798
vn 0.0605 0.9974 0.0393
vn 0.0565 0.9974 0.0444
vn 0.1134 0.9890 -0.0954
vn 0.1224 0.9890 -0.0830
vn 0.0607 0.9972 -0.0440
vn 0.0652 0.9972 -0.0370
vn -0.1411 -0.9891 0.0428
vn -0.1445 -0.9891 0.0285
vn -0.0736 -0.9973 0.0074
vn -0.0727 -0.9972 0.0150
vn -0.0945 -0.9894 -0.1104
vn -0.0837 -0.9894 -0.1186
vn -0.0375 -0.9975 -0.0601
vn -0.0423 -0.9975 -0.0571
vn -0.0479 -0.9894 -0.1368
vn -0.0603 -0.9894 -0.1318
vn -0.0213 -0.9975 -0.0671
vn -0.0269 -0.9975 -0.0652
vn 0.1453 -0.9891 0.0254
vn 0.1422 -0.9890 0.0399
vn 0.0732 -0.9972 0.0137
vn 0.0740 -0.9972 0.0061
vn 0.1052 -0.9889 0.1047
vn 0.0564 -0.9972 0.0498
vn -0.0371 -0.9889 0.1442
vn -0.0220 -0.9889 0.1473
vn -0.0207 -0.9971 0.0728
vn -0.0126 -0.9971 0.0747
vn -0.1460 -0.9892 -0.0147
vn -0.1469 -0.9892 -0.0003
vn -0.0720 -0.9973 -0.0145
vn -0.0731 -0.9973 -0.0072
vn 0.1301 0.9890 -0.0703
vn 0.1363 0.9890 -0.0568
vn 0.0683 0.9972 -0.0298
vn 0.0709 0.9972 -0.0225
vn 0.0564 -0.9894 -0.1336
vn 0.0687 -0.9894 -0.1279
vn 0.0299 -0.9975 -0.0642
vn 0.0243 -0.9975 -0.0663
vn 0.0478 0.9894 0.1370
vn 0.0603 0.9894 0.1319
vn 0.0267 0.9975 0.0653
vn 0.0214 0.9975 0.0671
vn 0.0944 0.9894 0.1104
vn 0.0837 0.9894 0.1186
vn 0.1045 0.9894 0.1011
vn 0.0476 0.9975 0.0531
vn 0.0427 0.9974 0.0572
vn 0.0375 0.9975 0.0600
vn -0.1464 -0.9891 0.0141
vn -0.2313 -0.9724 0.0292
vn -0.0737 -0.9973 0.0001
vn -0.0542 0.9889 -0.1386
vn -0.0396 0.9889 -0.1435
vn -0.0293 0.9971 -0.0697
vn -0.0215 0.9971 -0.0726
vn -0.1453 0.9891 -0.0254
vn -0.1422 0.9890 -0.0399
vn -0.0740 0.9972 -0.0061
vn -0.0731 0.9972 -0.0138
vn 0.1136 0.9893 0.0910
vn 0.0522 0.9974 0.0490
vn -0.0722 -0.9894 -0.1258
vn -0.0321 -0.9975 -0.0629
vn 0.0722 0.9894 0.1258
vn 0.0321 0.9975 0.0630
vn 0.1411 0.9891 -0.0428
vn 0.0727 0.9972 -0.0150
vn -0.0245 0.9888 -0.1469
vn -0.0090 0.9888 -0.1487
vn -0.0131 0.9971 -0.0746
vn -0.0046 0.9971 -0.0756
vn 0.1376 -0.9890 0.0541
vn 0.0715 -0.9972 0.0214
vn -0.0063 -0.9888 0.1488
vn -0.0039 -0.9971 0.0756
vn 0.1017 -0.9893 -0.1041
vn 0.0915 -0.9894 -0.1130
vn 0.0459 -0.9974 -0.0550
vn 0.0409 -0.9975 -0.0585
vn 0.0804 -0.9894 -0.1210
vn 0.0352 -0.9975 -0.0616
vn -0.0564 0.9894 0.1337
vn -0.0246 0.9975 0.0664
vn -0.8721 -0.4700 0.1361
vn -0.8227 -0.5540 0.1276
vn -0.9132 -0.3815 0.1434
vn -0.9828 -0.0982 0.1566
vn -0.9687 -0.1948 0.1537
vn -0.9874 -0.0007 0.1581
vn -0.9452 0.2881 0.1535
vn -0.9686 0.1934 0.1566
vn -0.9128 0.3802 0.1490
vn -0.7648 0.6316 0.1272
vn -0.8222 0.5528 0.1358
vn -0.7000 0.7044 0.1174
vn -0.1376 0.9890 -0.0541
vn -0.0714 0.9972 -0.0214
vn -0.4676 0.8802 0.0815
vn -0.5507 0.8293 0.0944
vn -0.3800 0.9225 0.0678
vn -0.4684 -0.8809 0.0683
vn -0.3808 -0.9231 0.0540
vn -0.5515 -0.8301 0.0821
vn 0.0065 0.9888 -0.1488
vn 0.0040 0.9971 -0.0756
vn -0.7653 -0.6327 0.1178
vn -0.7006 -0.7055 0.1069
vn -0.9455 -0.2895 0.1492
vn -0.9827 0.0968 0.1581
vn -0.8717 0.4687 0.1431
vn -0.6284 0.7706 0.1064
vn -0.3021 -0.9524 0.0411
vn -0.3010 0.9520 0.0555
vn -0.6291 -0.7715 0.0950
vn 0.1348 0.6632 0.7362
vn 0.0866 0.6525 0.7528
vn 0.1128 0.6294 0.7688
vn 0.1382 0.6329 0.7618
vn 0.1619 0.6253 0.7634
vn 0.1677 0.6358 0.7535
vn 0.1832 0.6309 0.7539
vn 0.1800 0.6338 0.7522
vn -0.0146 -0.2305 0.9730
vn -0.0808 -0.2524 0.9642
vn -0.0452 -0.2863 0.9571
vn -0.0161 -0.2832 0.9589
vn 0.0117 -0.2975 0.9546
vn 0.0218 -0.2763 0.9608
vn 0.0354 -0.2829 0.9585
vn 0.0347 -0.2801 0.9593
vn -0.0217 -0.4065 0.9134
vn -0.0183 -0.3899 0.9207
vn -0.0461 -0.4070 0.9123
vn 0.6452 -0.2439 0.7240
vn 0.6352 -0.1810 0.7508
vn 0.8382 -0.0395 0.5439
vn 0.8525 -0.1264 0.5072
vn 0.8572 -0.2078 0.4712
vn 0.6479 -0.3023 0.6992
vn 0.1230 -0.4174 0.9004
vn 0.1176 -0.4242 0.8979
vn 0.1562 -0.4070 0.9000
vn -0.5178 -0.1173 0.8474
vn -0.5397 -0.1811 0.8221
vn -0.7662 -0.0398 0.6414
vn -0.7350 0.0471 0.6764
vn -0.6865 0.1402 0.7135
vn -0.4833 -0.0485 0.8741
vn -0.3510 0.4553 0.8182
vn -0.3529 0.4661 0.8113
vn -0.3388 0.4590 0.8213
vn 0.2770 0.8548 0.4388
vn 0.2072 0.8992 0.3854
vn 0.3863 0.9121 0.1374
vn 0.4756 0.8551 0.2065
vn 0.5551 0.7812 0.2856
vn 0.3397 0.7970 0.4995
vn 0.1165 -0.4775 0.8709
vn 0.1044 -0.4731 0.8748
vn 0.1156 -0.4612 0.8798
vn -0.3056 0.1377 0.9421
vn -0.3760 0.0828 0.9229
vn -0.5389 0.3174 0.7803
vn -0.4436 0.3927 0.8056
vn -0.3416 0.4503 0.8249
vn -0.2305 0.1801 0.9563
vn -0.3297 0.5817 0.7436
vn -0.3238 0.5897 0.7398
vn -0.3390 0.5976 0.7266
vn -0.3664 0.5894 0.7200
vn -0.3628 0.5794 0.7299
vn -0.3485 0.5708 0.7435
vn 0.3546 0.2118 0.9107
vn 0.3894 0.2752 0.8790
vn 0.6195 0.1026 0.7783
vn 0.5730 0.0220 0.8192
vn 0.5088 -0.0650 0.8584
vn 0.3054 0.1437 0.9413
vn -0.2606 0.6192 0.7407
vn -0.2545 0.6169 0.7448
vn -0.2606 0.6228 0.7377
vn -0.2469 -0.1440 0.9583
vn -0.1683 -0.1330 0.9767
vn -0.0985 -0.4214 0.9015
vn -0.1987 -0.4357 0.8779
vn -0.2939 -0.4413 0.8479
vn -0.3230 -0.1472 0.9349
vn -0.0130 -0.4172 0.9087
vn -0.0079 -0.4242 0.9056
vn 0.6167 -0.1173 0.7784
vn 0.5856 -0.0485 0.8091
vn 0.7679 0.1402 0.6250
vn 0.8116 0.0471 0.5823
vn 0.1111 -0.4352 0.8935
vn -0.4365 0.0190 0.8995
vn -0.6222 0.2317 0.7478
vn -0.1872 0.5317 0.8260
vn -0.1857 0.5277 0.8289
vn -0.1861 0.5502 0.8140
vn -0.8237 0.4547 0.3389
vn -0.8383 0.3974 0.3733
vn -0.9562 0.2641 0.1262
vn -0.9367 0.3407 0.0804
vn -0.9049 0.4245 0.0316
vn -0.7995 0.5192 0.3020
vn 0.0205 -0.4636 0.8858
vn 0.0023 -0.4732 0.8809
vn 0.0080 -0.4892 0.8722
vn 0.0346 -0.4777 0.8778
vn 0.0425 -0.4614 0.8862
vn 0.2691 0.2107 0.9398
vn 0.1986 0.2292 0.9529
vn 0.2406 0.5203 0.8194
vn 0.3365 0.4934 0.8021
vn 0.4390 0.4502 0.7776
vn 0.3445 0.1799 0.9214
vn -0.3197 0.6084 0.7264
vn -0.3165 0.6169 0.7206
vn -0.3411 0.6149 0.7110
vn 0.2442 0.0764 0.9667
vn 0.4295 -0.1505 0.8904
vn 0.3322 -0.2306 0.9146
vn 0.1690 0.0131 0.9855
vn -0.2731 0.6169 0.7382
vn -0.2856 0.6155 0.7346
vn -0.0889 -0.1144 0.9895
vn -0.0019 -0.0836 0.9965
vn 0.1142 -0.3555 0.9277
vn 0.0029 -0.3962 0.9182
vn -0.0023 -0.4353 0.9003
vn -0.0084 -0.4615 0.8871
vn 0.5421 0.0192 0.8401
vn 0.4848 0.0827 0.8707
vn 0.6292 0.3173 0.7095
vn 0.7080 0.2317 0.6671
vn 0.0694 -0.3176 0.9457
vn 0.0690 -0.3061 0.9495
vn 0.0574 -0.3219 0.9450
vn -0.0367 -0.8614 0.5066
vn 0.0305 -0.8646 0.5014
vn 0.0119 -0.9806 0.1955
vn -0.0791 -0.9756 0.2046
vn -0.1746 -0.9608 0.2155
vn -0.1066 -0.8508 0.5146
vn -0.1790 0.5694 0.8023
vn -0.1234 0.5824 0.8034
vn -0.1295 0.5834 0.8018
vn -0.1641 0.5704 0.8048
vn -0.8460 0.3407 0.4101
vn -0.8472 0.2785 0.4524
vn -0.9669 0.1074 0.2315
vn -0.9660 0.1888 0.1764
vn -0.0104 -0.4775 0.8786
vn 0.4173 0.1375 0.8983
vn 0.5378 0.3925 0.7461
vn -0.2965 0.4696 0.8316
vn -0.2972 0.4637 0.8346
vn -0.3035 0.4562 0.8365
vn -0.3087 0.4522 0.8368
vn -0.2877 0.4629 0.8385
vn -0.2865 0.4749 0.8321
vn -0.0097 0.9623 0.2720
vn -0.0814 0.9661 0.2449
vn 0.0198 0.9986 -0.0483
vn 0.1097 0.9939 -0.0127
vn 0.2014 0.9791 0.0283
vn 0.0620 0.9509 0.3033
vn -0.3061 0.6188 0.7234
vn 0.0852 -0.0416 0.9955
vn 0.2255 -0.3015 0.9264
vn -0.0136 -0.3610 0.9325
vn -0.0104 -0.3504 0.9366
vn -0.0380 -0.3369 0.9408
vn -0.0643 -0.3459 0.9361
vn -0.0586 -0.3586 0.9316
vn -0.0289 -0.3721 0.9278
vn 0.6111 -0.4922 0.6199
vn 0.6326 -0.4253 0.6473
vn 0.8346 -0.3789 0.3999
vn 0.8043 -0.4703 0.3632
vn 0.7553 -0.5693 0.3248
vn 0.5761 -0.5646 0.5910
vn 0.0456 -0.3173 0.9472
vn 0.0465 -0.3059 0.9509
vn 0.0979 -0.8612 0.4987
vn 0.1681 -0.8508 0.4979
vn 0.1995 -0.9608 0.1928
vn 0.1033 -0.9757 0.1934
vn -0.1924 0.5819 0.7902
vn -0.1179 0.5921 0.7972
vn -0.1705 0.6001 0.7815
vn -0.1969 0.5882 0.7843
vn -0.8395 0.2154 0.4989
vn -0.8202 0.1466 0.5530
vn -0.9301 -0.0608 0.3623
vn -0.9561 0.0265 0.2920
vn 0.1322 -0.4066 0.9040
vn 0.1293 -0.3898 0.9118
vn -0.5530 -0.2439 0.7967
vn -0.5588 -0.3023 0.7723
vn -0.7939 -0.2078 0.5715
vn -0.7848 -0.1264 0.6068
vn -0.2767 0.4710 0.8376
vn -0.2701 0.4517 0.8503
vn -0.2740 0.4539 0.8479
vn -0.2792 0.4631 0.8412
vn -0.1551 0.9626 0.2222
vn -0.2307 0.9519 0.2018
vn -0.1709 0.9802 -0.1001
vn -0.0734 0.9945 -0.0754
vn -0.2249 0.6226 0.7495
vn -0.2074 0.6279 0.7502
vn -0.2453 0.6225 0.7432
vn -0.5407 -0.1132 0.8336
vn -0.4706 -0.1322 0.8724
vn -0.4807 -0.4202 0.7697
vn -0.5706 -0.3944 0.7204
vn -0.6638 -0.3532 0.6592
vn -0.6132 -0.0823 0.7856
vn -0.0184 -0.3233 0.9461
vn -0.0171 -0.3127 0.9497
vn -0.0505 -0.3117 0.9488
vn 0.5278 -0.6353 0.5638
vn 0.6893 -0.6651 0.2872
vn 0.6039 -0.7550 0.2556
vn 0.4656 -0.7014 0.5397
vn -0.3484 0.5672 0.7462
vn -0.3867 0.5766 0.7197
vn -0.3535 0.5490 0.7574
vn 0.4150 0.3371 0.8451
vn 0.4324 0.3935 0.8113
vn 0.6769 0.2592 0.6890
vn 0.6531 0.1841 0.7346
vn 0.0343 -0.3182 0.9474
vn 0.0225 -0.3201 0.9471
vn 0.2391 -0.8319 0.5007
vn 0.3164 -0.8010 0.5083
vn 0.4019 -0.8912 0.2103
vn 0.2964 -0.9343 0.1983
vn -0.2027 0.5988 0.7748
vn -0.1579 0.6245 0.7649
vn -0.1679 0.6305 0.7578
vn -0.1984 0.6176 0.7611
vn -0.7878 0.0794 0.6108
vn -0.7406 0.0155 0.6717
vn -0.8266 -0.2275 0.5148
vn -0.8878 -0.1468 0.4362
vn 0.1332 -0.3746 0.9176
vn 0.2085 -0.3609 0.9090
vn 0.1709 -0.3586 0.9177
vn 0.1408 -0.3720 0.9175
vn -0.5580 -0.3609 0.7472
vn -0.5497 -0.4254 0.7190
vn -0.7801 -0.3788 0.4980
vn -0.7919 -0.2901 0.5373
vn -0.2648 0.4727 0.8405
vn -0.2606 0.4483 0.8550
vn -0.2493 0.4638 0.8502
vn -0.2527 0.4752 0.8428
vn -0.3087 0.9325 0.1875
vn -0.3959 0.9009 0.1777
vn -0.3839 0.9144 -0.1281
vn -0.2715 0.9552 -0.1175
vn -0.1975 0.6291 0.7518
vn -0.1731 0.6329 0.7546
vn -0.6811 -0.0397 0.7311
vn -0.7502 -0.2986 0.5900
vn 0.0443 -0.4558 0.8890
vn 0.0333 -0.4814 0.8759
vn 0.0534 -0.4725 0.8797
vn 0.0540 -0.4523 0.8902
vn 0.1277 0.2394 0.9625
vn 0.0588 0.2432 0.9682
vn 0.0509 0.5406 0.8397
vn 0.1441 0.5347 0.8327
vn -0.3641 0.5290 0.7666
vn -0.3779 0.5266 0.7615
vn 0.4425 0.4508 0.7752
vn 0.4464 0.5157 0.7313
vn 0.6953 0.4201 0.5832
vn 0.6901 0.3359 0.6411
vn -0.0050 -0.3124 0.9499
vn 0.3931 -0.7580 0.5205
vn 0.5057 -0.8320 0.2281
vn -0.2033 0.5160 0.8321
vn -0.2093 0.5055 0.8371
vn -0.7645 0.5869 0.2665
vn -0.8588 0.5121 -0.0131
vn -0.7927 0.6071 -0.0556
vn -0.7138 0.6607 0.2325
vn 0.1264 -0.3609 0.9240
vn 0.1773 -0.3458 0.9214
vn 0.1519 -0.3367 0.9293
vn 0.1242 -0.3501 0.9284
vn -0.5315 -0.4923 0.6893
vn -0.5002 -0.5648 0.6563
vn -0.7104 -0.5693 0.4138
vn -0.7543 -0.4704 0.4580
vn -0.2287 0.4720 0.8514
vn -0.2270 0.4551 0.8610
vn -0.2163 0.4736 0.8538
vn -0.4841 0.8571 0.1759
vn -0.5711 0.7996 0.1855
vn -0.6091 0.7846 -0.1156
vn -0.4972 0.8580 -0.1291
vn 0.0636 -0.4561 0.8877
vn 0.0729 -0.4815 0.8734
vn 0.0719 -0.4778 0.8755
vn 0.0651 -0.4616 0.8847
vn -0.0105 0.2395 0.9708
vn -0.0818 0.2295 0.9699
vn -0.1396 0.5204 0.8424
vn -0.0423 0.5349 0.8439
vn -0.3545 0.5155 0.7801
vn -0.3499 0.5068 0.7878
vn 0.4412 0.5835 0.6818
vn 0.4223 0.6574 0.6241
vn 0.6620 0.6027 0.4456
vn 0.6871 0.5077 0.5198
vn 0.0808 -0.3180 0.9446
vn 0.0920 -0.3203 0.9429
vn -0.1768 -0.8319 0.5261
vn -0.2703 -0.9342 0.2327
vn -0.3736 -0.8912 0.2573
vn -0.2527 -0.8009 0.5428
vn -0.2116 0.4834 0.8495
vn -0.6494 0.7324 0.2046
vn -0.7097 0.6985 -0.0917
vn -0.0215 -0.3747 0.9269
vn -0.0968 -0.3608 0.9276
vn 0.6443 -0.3610 0.6741
vn 0.8511 -0.2902 0.4375
vn 0.1329 -0.3232 0.9370
vn 0.1652 -0.3116 0.9357
vn 0.1318 -0.3128 0.9406
vn -0.4559 -0.6354 0.6232
vn -0.3966 -0.7014 0.5922
vn -0.5686 -0.7550 0.3268
vn -0.6496 -0.6650 0.3684
vn -0.3194 0.4660 0.8251
vn -0.3290 0.4491 0.8307
vn 0.1327 0.9313 0.3393
vn 0.2913 0.9536 0.0765
vn 0.0868 -0.4636 0.8818
vn 0.0977 -0.4894 0.8666
vn -0.1534 0.2103 0.9655
vn -0.2369 0.4935 0.8368
vn -0.3460 0.4936 0.7979
vn 0.3895 0.7294 0.5624
vn 0.6193 0.6946 0.3661
vn 0.1200 -0.3124 0.9423
vn -0.3270 -0.7579 0.5645
vn -0.4743 -0.8321 0.2875
vn -0.2480 0.6199 0.7444
vn -0.3974 -0.1434 0.9064
vn -0.3872 -0.4350 0.8129
vn -0.1471 -0.8309 -0.5366
vn -0.1951 -0.7876 -0.5845
vn -0.1950 -0.7876 -0.5845
vn -0.1473 -0.8308 -0.5368
vn -0.0928 -0.8644 -0.4942
vn -0.0922 -0.8647 -0.4937
vn -0.2770 0.5578 0.7824
vn -0.2771 0.5577 0.7824
vn -0.2768 0.5581 0.7823
vn -0.2772 0.5577 0.7824
vn -0.2775 0.5579 0.7821
vn -0.2769 0.5578 0.7824
vn -0.0802 -0.0324 -0.9963
vn -0.0094 -0.0564 -0.9984
vn -0.0082 -0.0569 -0.9983
vn -0.0791 -0.0327 -0.9963
vn -0.1429 -0.0183 -0.9896
vn -0.1438 -0.0181 -0.9894
vn 0.2205 0.5434 0.8100
vn 0.2205 0.5436 0.8099
vn 0.2205 0.5435 0.8099
vn 0.2205 0.5435 0.8100
vn 0.2205 0.5433 0.8101
vn -0.4986 0.1942 -0.8448
vn -0.5131 0.2474 -0.8219
vn -0.5130 0.2469 -0.8221
vn -0.4984 0.1939 -0.8450
vn -0.4733 0.1367 -0.8702
vn -0.4735 0.1370 -0.8701
vn 0.0523 -0.3866 0.9208
vn 0.0521 -0.3866 0.9208
vn 0.0518 -0.3867 0.9208
vn 0.0522 -0.3865 0.9208
vn 0.7367 -0.4249 -0.5260
vn 0.7274 -0.4783 -0.4920
vn 0.7274 -0.4784 -0.4919
vn 0.7367 -0.4248 -0.5260
vn 0.7395 -0.3699 -0.5624
vn 0.7395 -0.3702 -0.5623
vn -0.2527 0.5515 0.7950
vn -0.2650 0.5436 0.7964
vn -0.2647 0.5436 0.7965
vn -0.2613 0.5479 0.7947
vn -0.2536 0.5504 0.7955
vn -0.2435 0.5499 0.7989
vn -0.2092 -0.3126 -0.9265
vn -0.1679 -0.2536 -0.9526
vn -0.1679 -0.2535 -0.9527
vn -0.2091 -0.3125 -0.9266
vn -0.2376 -0.3673 -0.8992
vn -0.2377 -0.3673 -0.8992
vn -0.2798 0.5436 0.7913
vn -0.2798 0.5437 0.7913
vn -0.2799 0.5437 0.7912
vn -0.2802 0.5436 0.7912
vn -0.2798 0.5435 0.7914
vn 0.1954 -0.1896 -0.9622
vn 0.2463 -0.2479 -0.9370
vn 0.2462 -0.2478 -0.9370
vn 0.1956 -0.1898 -0.9621
vn 0.1332 -0.1363 -0.9817
vn 0.1323 -0.1359 -0.9819
vn 0.2207 0.5434 0.8099
vn 0.2206 0.5434 0.8100
vn 0.2209 0.5431 0.8101
vn 0.2207 0.5434 0.8100
vn -0.0877 0.7821 -0.6170
vn -0.0376 0.7846 -0.6189
vn -0.0881 0.7820 -0.6170
vn -0.1434 0.7738 -0.6170
vn -0.1427 0.7740 -0.6169
vn 0.0541 -0.3950 0.9171
vn 0.0520 -0.3936 0.9178
vn 0.0519 -0.3935 0.9178
vn 0.0539 -0.3938 0.9176
vn 0.0558 -0.3947 0.9171
vn 0.0558 -0.3962 0.9165
vn -0.1525 -0.9165 -0.3699
vn -0.2140 -0.9083 -0.3594
vn -0.2148 -0.9082 -0.3593
vn -0.1530 -0.9164 -0.3698
vn -0.0991 -0.9188 -0.3820
vn 0.2100 0.5663 0.7970
vn 0.2073 0.5749 0.7915
vn 0.2089 0.5659 0.7976
vn 0.2072 0.5592 0.8027
vn 0.2021 0.5574 0.8053
vn 0.2021 0.5576 0.8051
vn -0.2173 -0.0712 -0.9735
vn -0.2771 -0.0477 -0.9597
vn -0.2782 -0.0471 -0.9594
vn -0.2181 -0.0709 -0.9734
vn -0.1630 -0.0850 -0.9830
vn -0.1623 -0.0851 -0.9831
vn 0.0524 -0.3866 0.9208
vn 0.0522 -0.3866 0.9208
vn 0.0524 -0.3864 0.9208
vn 0.0524 -0.3862 0.9209
vn 0.0171 -0.0986 -0.9950
vn 0.0880 -0.0654 -0.9940
vn 0.0868 -0.0658 -0.9941
vn 0.0163 -0.0991 -0.9949
vn -0.0532 -0.1439 -0.9882
vn -0.0527 -0.1435 -0.9883
vn -0.2799 0.5436 0.7913
vn -0.2796 0.5436 0.7914
vn -0.2800 0.5439 0.7911
vn 0.0623 -0.0903 -0.9940
vn 0.0631 -0.0908 -0.9939
vn 0.2205 0.5433 0.8100
vn 0.4195 0.2998 -0.8568
vn 0.4099 0.2473 -0.8780
vn 0.4098 0.2469 -0.8782
vn 0.4195 0.2996 -0.8569
vn 0.4231 0.3501 -0.8357
vn 0.4231 0.3500 -0.8357
vn 0.0608 -0.3883 0.9195
vn 0.0623 -0.3899 0.9187
vn 0.0607 -0.3898 0.9189
vn 0.0598 -0.3883 0.9196
vn 0.0597 -0.3865 0.9204
vn 0.0598 -0.3865 0.9204
vn -0.4379 0.0811 -0.8953
vn -0.3910 0.0297 -0.9199
vn -0.3908 0.0295 -0.9200
vn 0.7341 -0.3154 -0.6013
vn 0.7341 -0.3152 -0.6014
vn 0.7181 -0.2562 -0.6471
vn 0.7182 -0.2563 -0.6470
vn -0.2648 0.5435 0.7965
vn -0.2644 0.5437 0.7965
vn -0.2646 0.5436 0.7965
vn 0.3366 -0.6301 -0.6997
vn 0.3174 -0.6849 -0.6559
vn 0.3172 -0.6855 -0.6554
vn 0.3365 -0.6307 -0.6993
vn 0.3456 -0.5800 -0.7377
vn 0.3456 -0.5794 -0.7381
vn 0.2189 0.5570 0.8011
vn 0.2193 0.5571 0.8010
vn 0.2190 0.5571 0.8010
vn 0.2185 0.5572 0.8011
vn 0.2186 0.5572 0.8011
vn 0.2186 0.5573 0.8010
vn -0.1160 -0.1963 -0.9737
vn -0.1162 -0.1965 -0.9736
vn -0.2796 0.5435 0.7915
vn -0.2795 0.5435 0.7915
vn -0.1993 0.7591 -0.6197
vn -0.1999 0.7589 -0.6197
vn -0.2608 0.7347 -0.6263
vn -0.2603 0.7349 -0.6262
vn 0.0519 -0.3934 0.9179
vn 0.0520 -0.3934 0.9179
vn 0.0519 -0.3935 0.9179
vn 0.0518 -0.3934 0.9179
vn -0.0464 -0.9163 -0.3977
vn -0.0460 -0.9163 -0.3979
vn 0.0129 -0.9079 -0.4190
vn 0.0121 -0.9081 -0.4187
vn 0.2076 0.5663 0.7976
vn 0.2185 0.5574 0.8010
vn 0.2185 0.5573 0.8010
vn 0.2128 0.5594 0.8011
vn -0.3358 -0.0146 -0.9418
vn -0.3363 -0.0143 -0.9417
vn 0.0523 -0.3867 0.9207
vn 0.4841 -0.0428 -0.8740
vn 0.5433 -0.0667 -0.8369
vn 0.5442 -0.0672 -0.8362
vn 0.4850 -0.0431 -0.8734
vn 0.4293 -0.0287 -0.9027
vn 0.4284 -0.0285 -0.9031
vn -0.2647 0.5435 0.7966
vn -0.2646 0.5437 0.7965
vn -0.2645 0.5437 0.7965
vn -0.2652 0.5435 0.7964
vn -0.2650 0.5433 0.7966
vn -0.7029 -0.4204 -0.5737
vn -0.7028 -0.3650 -0.6106
vn -0.7028 -0.3647 -0.6108
vn -0.7030 -0.4203 -0.5737
vn -0.6961 -0.4748 -0.5385
vn -0.6961 -0.4747 -0.5386
vn 0.1933 0.5510 0.8118
vn 0.1841 0.5497 0.8148
vn 0.1941 0.5501 0.8122
vn 0.2018 0.5478 0.8119
vn 0.2049 0.5433 0.8141
vn 0.2051 0.5433 0.8141
vn 0.4208 0.4002 -0.8141
vn 0.4208 0.4007 -0.8139
vn 0.4128 0.4516 -0.7910
vn 0.4130 0.4509 -0.7913
vn 0.0609 -0.3914 0.9182
vn 0.0596 -0.3935 0.9174
vn 0.0599 -0.3934 0.9174
vn 0.0599 -0.3917 0.9181
vn -0.4884 0.5010 -0.7145
vn -0.4610 0.5551 -0.6923
vn -0.4606 0.5558 -0.6921
vn -0.4881 0.5017 -0.7142
vn -0.5055 0.4516 -0.7352
vn -0.5056 0.4510 -0.7355
vn 0.0517 -0.3934 0.9179
vn 0.0519 -0.3936 0.9178
vn 0.6906 -0.1987 -0.6954
vn 0.6907 -0.1988 -0.6953
vn 0.6503 -0.1459 -0.7455
vn 0.6499 -0.1455 -0.7459
vn -0.2649 0.5435 0.7966
vn -0.2649 0.5432 0.7967
vn 0.2874 -0.7388 -0.6095
vn 0.2450 -0.7897 -0.5624
vn 0.2449 -0.7897 -0.5624
vn 0.2873 -0.7391 -0.6093
vn 0.2185 0.5573 0.8011
vn 0.2184 0.5573 0.8011
vn 0.0790 -0.9125 -0.4013
vn 0.0227 -0.9043 -0.4262
vn 0.0219 -0.9042 -0.4266
vn 0.0781 -0.9125 -0.4015
vn 0.1290 -0.9151 -0.3820
vn 0.1291 -0.9151 -0.3820
vn -0.2656 0.5671 0.7796
vn -0.2650 0.5760 0.7733
vn -0.2672 0.5666 0.7795
vn -0.2714 0.5599 0.7829
vn -0.2773 0.5577 0.7823
vn -0.2775 0.5579 0.7822
vn -0.3199 0.7015 -0.6368
vn -0.3201 0.7014 -0.6368
vn -0.3756 0.6584 -0.6523
vn -0.3758 0.6583 -0.6523
vn 0.0519 -0.3932 0.9180
vn 0.0518 -0.3931 0.9180
vn 0.0519 -0.3933 0.9179
vn 0.0715 -0.8928 -0.4447
vn 0.0722 -0.8926 -0.4451
vn 0.1344 -0.8676 -0.4787
vn 0.1338 -0.8679 -0.4783
vn 0.2186 0.5573 0.8011
vn 0.2188 0.5573 0.8009
vn 0.5994 -0.1004 -0.7941
vn 0.6001 -0.1008 -0.7936
vn -0.2651 0.5433 0.7966
vn -0.2648 0.5435 0.7966
vn -0.6823 -0.5285 -0.5052
vn -0.6822 -0.5289 -0.5049
vn -0.6620 -0.5814 -0.4730
vn -0.6623 -0.5808 -0.4733
vn 0.1944 0.5491 0.8128
vn 0.2024 0.5572 0.8053
vn 0.2022 0.5572 0.8054
vn 0.2009 0.5527 0.8088
vn 0.3983 0.5010 -0.7683
vn 0.3981 0.5017 -0.7680
vn 0.3735 0.5557 -0.7427
vn 0.3738 0.5551 -0.7430
vn 0.0595 -0.3935 0.9174
vn 0.0596 -0.3934 0.9174
vn 0.0597 -0.3934 0.9174
vn -0.4239 0.6082 -0.6711
vn -0.4236 0.6085 -0.6710
vn 0.0520 -0.3937 0.9177
vn 0.0520 -0.3935 0.9178
vn 0.6607 -0.6329 -0.4037
vn 0.6208 -0.6867 -0.3782
vn 0.6203 -0.6873 -0.3779
vn 0.6603 -0.6335 -0.4034
vn 0.6890 -0.5836 -0.4298
vn 0.6893 -0.5830 -0.4302
vn -0.2613 0.5575 0.7879
vn -0.2615 0.5574 0.7880
vn -0.2613 0.5575 0.7880
vn -0.2611 0.5575 0.7880
vn -0.2613 0.5576 0.7879
vn -0.2029 -0.0108 -0.9791
vn -0.2024 -0.0108 -0.9792
vn -0.2544 -0.0085 -0.9671
vn 0.2128 0.5351 0.8175
vn 0.2154 0.5269 0.8222
vn 0.2142 0.5350 0.8173
vn 0.2157 0.5415 0.8125
vn 0.1806 -0.9128 -0.3662
vn 0.1813 -0.9128 -0.3660
vn 0.2408 -0.9048 -0.3511
vn 0.2400 -0.9050 -0.3513
vn -0.2685 0.5669 0.7788
vn -0.2611 0.5577 0.7879
vn -0.2613 0.5577 0.7879
vn -0.2661 0.5597 0.7848
vn 0.1229 0.7591 -0.6392
vn 0.1825 0.7350 -0.6531
vn 0.1830 0.7347 -0.6532
vn 0.1235 0.7590 -0.6393
vn 0.0677 0.7738 -0.6298
vn 0.0670 0.7739 -0.6297
vn 0.0596 -0.3936 0.9174
vn 0.0596 -0.3933 0.9175
vn 0.1926 -0.8337 -0.5175
vn 0.1929 -0.8336 -0.5177
vn -0.2582 -0.4222 -0.8689
vn -0.2581 -0.4219 -0.8691
vn -0.2720 -0.4757 -0.8365
vn -0.2720 -0.4756 -0.8365
vn -0.2885 0.5516 0.7826
vn -0.2979 0.5502 0.7801
vn -0.2880 0.5506 0.7836
vn -0.2815 0.5481 0.7876
vn -0.6354 -0.6315 -0.4443
vn -0.6351 -0.6321 -0.4440
vn -0.5967 -0.6868 -0.4150
vn -0.5971 -0.6863 -0.4153
vn 0.2023 0.5573 0.8053
vn 0.2022 0.5573 0.8053
vn 0.2021 0.5575 0.8052
vn 0.3395 0.6081 -0.7176
vn 0.3393 0.6085 -0.7174
vn 0.2939 0.6584 -0.6929
vn 0.2940 0.6583 -0.6930
vn -0.1087 -0.0926 -0.9897
vn -0.1096 -0.0927 -0.9896
vn -0.0603 -0.0950 -0.9936
vn 0.0544 -0.3855 0.9211
vn 0.0560 -0.3844 0.9215
vn 0.0560 -0.3858 0.9209
vn 0.0541 -0.3866 0.9207
vn 0.5708 -0.7395 -0.3568
vn 0.5098 -0.7896 -0.3416
vn 0.5705 -0.7398 -0.3568
vn -0.2612 0.5576 0.7879
vn -0.2610 0.5577 0.7879
vn -0.2612 0.5577 0.7879
vn -0.3047 -0.0110 -0.9524
vn -0.3055 -0.0111 -0.9521
vn -0.3621 -0.0187 -0.9320
vn -0.3612 -0.0186 -0.9323
vn 0.2153 0.5350 0.8169
vn 0.2048 0.5435 0.8141
vn 0.2048 0.5434 0.8141
vn 0.2103 0.5414 0.8140
vn 0.3031 -0.8902 -0.3401
vn 0.3038 -0.8900 -0.3400
vn 0.3732 -0.8657 -0.3336
vn 0.3725 -0.8660 -0.3336
vn -0.2612 0.5578 0.7878
vn -0.2613 0.5577 0.7878
vn 0.2406 0.7015 -0.6708
vn 0.2407 0.7014 -0.6709
vn 0.0597 -0.3932 0.9175
vn -0.2785 -0.8932 -0.3529
vn -0.3493 -0.8686 -0.3515
vn -0.3501 -0.8683 -0.3515
vn -0.2793 -0.8930 -0.3528
vn 0.2023 0.5570 0.8055
vn 0.3472 -0.5270 -0.7757
vn 0.3473 -0.5274 -0.7754
vn 0.3426 -0.4734 -0.8115
vn 0.3424 -0.4731 -0.8117
vn 0.2299 0.5490 0.8036
vn 0.2397 0.5497 0.8002
vn 0.2292 0.5500 0.8031
vn 0.2214 0.5525 0.8035
vn -0.2793 -0.5286 -0.8016
vn -0.2794 -0.5290 -0.8013
vn -0.2806 -0.5807 -0.7642
vn -0.2807 -0.5801 -0.7647
vn -0.2880 0.5494 0.7844
vn -0.2769 0.5576 0.7826
vn -0.2772 0.5576 0.7825
vn -0.2804 0.5529 0.7847
vn 0.3927 0.1942 -0.8989
vn 0.3647 0.1369 -0.9210
vn 0.3645 0.1365 -0.9211
vn 0.3926 0.1938 -0.8991
vn 0.0594 -0.3866 0.9203
vn 0.0595 -0.3866 0.9203
vn 0.0596 -0.3865 0.9203
vn 0.0595 -0.3865 0.9204
vn -0.5482 -0.7399 -0.3899
vn -0.5477 -0.7403 -0.3899
vn -0.4876 -0.7909 -0.3699
vn -0.4876 -0.7908 -0.3699
vn 0.2021 0.5572 0.8054
vn -0.0118 -0.0926 -0.9956
vn -0.0114 -0.0925 -0.9956
vn 0.0426 -0.0851 -0.9955
vn 0.0419 -0.0853 -0.9955
vn 0.0575 -0.3855 0.9209
vn 0.0597 -0.3865 0.9203
vn 0.0578 -0.3863 0.9205
vn 0.3745 -0.0210 -0.9270
vn 0.3750 -0.0211 -0.9268
vn 0.3261 -0.0186 -0.9451
vn -0.2754 0.5351 0.7986
vn -0.2758 0.5265 0.8042
vn -0.2741 0.5355 0.7988
vn -0.2701 0.5419 0.7959
vn -0.4198 -0.0330 -0.9070
vn -0.4208 -0.0333 -0.9065
vn -0.4836 -0.0573 -0.8734
vn -0.4827 -0.0572 -0.8739
vn 0.4421 -0.8327 -0.3335
vn 0.4424 -0.8325 -0.3335
vn -0.2614 0.5578 0.7877
vn -0.5162 0.4002 -0.7572
vn -0.5161 0.4006 -0.7570
vn -0.5211 0.3500 -0.7784
vn -0.5211 0.3499 -0.7785
vn 0.0507 -0.3914 0.9188
vn 0.0496 -0.3899 0.9195
vn 0.0507 -0.3898 0.9195
vn 0.0516 -0.3917 0.9187
vn -0.4199 -0.8346 -0.3566
vn -0.4202 -0.8344 -0.3566
vn 0.3311 -0.4189 -0.8455
vn 0.3126 -0.3632 -0.8777
vn 0.3127 -0.3634 -0.8776
vn 0.2298 0.5512 0.8021
vn 0.2223 0.5477 0.8066
vn -0.2748 -0.6302 -0.7262
vn -0.2747 -0.6308 -0.7257
vn -0.2592 -0.6848 -0.6811
vn -0.2594 -0.6843 -0.6816
vn -0.2771 0.5576 0.7825
vn -0.2770 0.5577 0.7824
vn -0.2772 0.5575 0.7825
vn 0.3264 0.0811 -0.9417
vn 0.2767 0.0295 -0.9605
vn 0.2769 0.0297 -0.9604
vn 0.3264 0.0810 -0.9418
vn 0.0596 -0.3866 0.9203
vn 0.0597 -0.3866 0.9203
vn -0.6943 -0.3093 -0.6498
vn -0.6745 -0.2491 -0.6950
vn -0.6744 -0.2490 -0.6951
vn -0.6943 -0.3092 -0.6499
vn 0.2051 0.5432 0.8142
vn 0.0979 -0.0712 -0.9927
vn 0.0987 -0.0709 -0.9926
vn 0.1599 -0.0472 -0.9860
vn 0.1587 -0.0476 -0.9862
vn 0.0594 -0.3868 0.9202
vn 0.0596 -0.3867 0.9203
vn 0.2767 -0.0209 -0.9607
vn 0.2762 -0.0209 -0.9609
vn 0.2183 -0.0282 -0.9755
vn 0.2193 -0.0280 -0.9753
vn -0.2726 0.5351 0.7996
vn -0.2799 0.5438 0.7912
vn -0.2752 0.5420 0.7940
vn -0.5429 -0.0912 -0.8348
vn -0.5435 -0.0917 -0.8344
vn -0.5982 -0.1374 -0.7895
vn -0.5978 -0.1370 -0.7899
vn 0.2047 0.5435 0.8141
vn -0.0337 -0.8892 -0.4562
vn -0.0344 -0.8890 -0.4566
vn -0.2771 0.5578 0.7824
vn -0.2772 0.5578 0.7823
vn -0.5201 0.2998 -0.7998
vn -0.5201 0.2996 -0.7998
vn 0.0507 -0.3885 0.9200
vn 0.0519 -0.3883 0.9201
vn 0.7114 -0.5313 -0.4601
vn 0.7112 -0.5317 -0.4598
vn -0.2539 0.5492 0.7962
vn -0.2604 0.5528 0.7916
vn 0.2859 -0.3078 -0.9075
vn 0.2858 -0.3077 -0.9075
vn -0.2334 -0.7373 -0.6339
vn -0.2333 -0.7376 -0.6337
vn 0.0123 0.7820 -0.6231
vn 0.0127 0.7820 -0.6231
vn 0.0573 -0.3945 0.9171
vn 0.0576 -0.3937 0.9175
vn -0.6428 -0.1908 -0.7419
vn -0.6429 -0.1910 -0.7418
vn 0.2048 0.5433 0.8142
vn 0.2048 0.5436 0.8140
vn 0.2193 -0.0146 -0.9755
vn 0.2198 -0.0143 -0.9754
vn 0.0594 -0.3864 0.9204
vn 0.0596 -0.3865 0.9204
vn 0.1576 -0.0418 -0.9866
vn 0.1565 -0.0421 -0.9868
vn 0.2116 0.5502 0.8078
vn -0.2708 0.5506 0.7897
vn 0.0558 -0.3900 0.9191
vn 0.1353 0.6078 0.7825
vn 0.1347 0.6164 0.7758
vn 0.1091 0.6142 0.7816
vn 0.1197 0.5970 0.7933
vn 0.1398 0.5892 0.7958
vn 0.7168 0.1121 0.6883
vn 0.7512 0.1765 0.6360
vn 0.8918 -0.0420 0.4505
vn 0.8448 -0.1265 0.5199
vn 0.7789 -0.2053 0.5925
vn 0.6675 0.0522 0.7428
vn 0.1924 0.6188 0.7616
vn 0.1998 0.6165 0.7615
vn 0.1908 0.6222 0.7593
vn 0.3259 -0.0982 0.9403
vn 0.3977 -0.0879 0.9133
vn 0.4210 -0.3950 0.8165
vn 0.3262 -0.4089 0.8523
vn 0.2320 -0.4152 0.8797
vn 0.2531 -0.1020 0.9620
vn 0.2051 0.6195 0.7577
vn 0.2065 0.6222 0.7552
vn 0.1790 -0.0984 0.9789
vn 0.1363 -0.4093 0.9021
vn 0.0364 -0.3953 0.9178
vn 0.1031 -0.0889 0.9907
vn 0.1481 0.4833 0.8629
vn 0.1467 0.5052 0.8505
vn 0.1520 0.4732 0.8678
vn 0.6158 0.7307 0.2949
vn 0.5431 0.7946 0.2714
vn 0.6137 0.7885 -0.0404
vn 0.7106 0.7036 -0.0099
vn 0.7890 0.6136 0.0313
vn 0.6744 0.6626 0.3259
vn 0.2944 0.4833 0.8245
vn 0.2929 0.4734 0.8307
vn 0.2892 0.5054 0.8129
vn -0.3934 0.7293 0.5598
vn -0.4291 0.6610 0.6156
vn -0.6735 0.6114 0.4155
vn -0.6256 0.7016 0.3410
vn -0.5564 0.7868 0.2671
vn -0.3413 0.7932 0.5042
vn 0.1407 0.5159 0.8450
vn 0.1239 0.5275 0.8405
vn 0.7198 0.5927 0.3615
vn 0.8504 0.5204 0.0779
vn 0.8920 0.4344 0.1250
vn 0.7504 0.5283 0.3971
vn 0.2809 0.4722 0.8355
vn 0.2566 0.4752 0.8417
vn 0.2635 0.4636 0.8459
vn 0.2880 0.4550 0.8426
vn -0.2779 0.8481 0.4510
vn -0.4727 0.8593 0.1954
vn -0.3799 0.9152 0.1344
vn -0.2075 0.8900 0.4059
vn 0.2452 0.4724 0.8466
vn 0.2336 0.4628 0.8551
vn 0.2419 0.4536 0.8578
vn 0.2569 0.4480 0.8563
vn -0.1343 0.9202 0.3676
vn -0.2827 0.9557 0.0816
vn -0.1912 0.9807 0.0405
vn -0.0649 0.9387 0.3385
vn 0.2270 0.6226 0.7489
vn 0.2418 0.6276 0.7401
vn 0.0273 -0.0709 0.9971
vn -0.0644 -0.3705 0.9266
vn -0.1736 -0.3297 0.9280
vn -0.0555 -0.0414 0.9976
vn 0.2334 0.4708 0.8508
vn 0.2230 0.4754 0.8511
vn 0.2248 0.4620 0.8579
vn 0.2462 0.4504 0.8582
vn 0.0054 0.9494 0.3139
vn -0.0980 0.9952 0.0073
vn -0.0070 0.9998 -0.0210
vn 0.0758 0.9529 0.2936
vn 0.2928 0.4183 0.8598
vn 0.2306 0.4168 0.8793
vn 0.1668 0.4181 0.8930
vn 0.2066 0.4504 0.8686
vn 0.2103 0.4536 0.8660
vn 0.1963 0.4477 0.8724
vn 0.1855 0.4637 0.8664
vn 0.1624 0.4549 0.8756
vn 0.0604 0.6107 0.7896
vn 0.0854 0.5774 0.8120
vn 0.1020 0.5787 0.8091
vn 0.0935 0.5887 0.8029
vn 0.3286 0.6203 0.7122
vn 0.2729 0.6329 0.7245
vn 0.2791 0.6303 0.7244
vn 0.2914 0.6245 0.7246
vn 0.2899 0.6004 0.7453
vn 0.3424 0.5925 0.7292
vn 0.3356 0.5836 0.7394
vn 0.3411 0.5828 0.7375
vn -0.1199 0.6201 0.7753
vn -0.3869 0.6104 0.6912
vn -0.2319 0.4189 0.8779
vn -0.2923 0.4168 0.8607
vn -0.3544 0.4165 0.8372
vn -0.1131 -0.3142 0.9426
vn 0.2264 -0.3142 0.9220
vn 0.1134 -0.5373 0.8357
vn 0.0512 -0.5348 0.8434
vn -0.0114 -0.5373 0.8433
vn 0.5717 -0.7508 -0.3308
vn 0.4464 -0.8220 -0.3536
vn 0.4493 -0.8576 -0.2503
vn 0.5735 -0.7868 -0.2279
vn 0.6919 -0.6949 -0.1958
vn 0.6911 -0.6583 -0.2985
vn 0.6817 -0.6140 -0.3979
vn 0.5627 -0.7060 -0.4301
vn 0.4377 -0.7767 -0.4529
vn 0.1355 0.9046 0.4041
vn 0.2516 0.8862 0.3891
vn 0.2558 0.8360 0.4855
vn 0.1407 0.8542 0.5006
vn 0.0309 0.8598 0.5097
vn 0.0251 0.9104 0.4131
vn 0.0189 0.9500 0.3117
vn 0.1284 0.9444 0.3027
vn 0.2440 0.9260 0.2880
vn -0.9944 -0.0962 0.0446
vn -0.9961 0.0047 0.0879
vn -0.9815 -0.0379 0.1876
vn -0.9798 -0.1378 0.1448
vn -0.9646 -0.2449 0.0978
vn -0.9789 -0.2045 -0.0028
vn -0.9814 -0.1616 -0.1036
vn -0.9970 -0.0536 -0.0566
vn -0.9988 0.0473 -0.0133
vn 0.3186 -0.8736 -0.3679
vn 0.2013 -0.9052 -0.3742
vn 0.2061 -0.9405 -0.2703
vn 0.3225 -0.9090 -0.2643
vn 0.3104 -0.8278 -0.4673
vn 0.1936 -0.8591 -0.4738
vn 0.7944 -0.5497 -0.2584
vn 0.7941 -0.5873 -0.1562
vn 0.8742 -0.4726 -0.1117
vn 0.8751 -0.4342 -0.2138
vn 0.8655 -0.3907 -0.3136
vn 0.7847 -0.5061 -0.3578
vn -0.9859 0.1053 0.1303
vn -0.9621 0.2104 0.1736
vn -0.9479 0.1655 0.2723
vn -0.9714 0.0615 0.2295
vn -0.9886 0.1479 0.0291
vn -0.9648 0.2527 0.0727
vn 0.0859 -0.9231 -0.3749
vn -0.0224 -0.9285 -0.3707
vn -0.0161 -0.9637 -0.2664
vn 0.0917 -0.9583 -0.2707
vn 0.0789 -0.8767 -0.4745
vn -0.0285 -0.8821 -0.4703
vn 0.9344 -0.3149 -0.1663
vn 0.9329 -0.3543 -0.0645
vn 0.9693 -0.2449 -0.0197
vn 0.9713 -0.2046 -0.1213
vn 0.9616 -0.1615 -0.2217
vn 0.9248 -0.2717 -0.2664
vn 0.6111 0.7320 0.3012
vn 0.7225 0.6423 0.2561
vn 0.7227 0.5942 0.3531
vn 0.6122 0.6833 0.3978
vn 0.4937 0.7530 0.4351
vn 0.4915 0.8024 0.3386
vn 0.4831 0.8426 0.2381
vn 0.6025 0.7724 0.2009
vn 0.7137 0.6829 0.1558
vn -0.1308 -0.9231 -0.3617
vn -0.2451 -0.9052 -0.3471
vn -0.2373 -0.9404 -0.2434
vn -0.1238 -0.9583 -0.2576
vn -0.1358 -0.8767 -0.4615
vn -0.2496 -0.8591 -0.4468
vn 0.8174 0.5381 0.2057
vn 0.8905 0.4281 0.1542
vn 0.8891 0.3819 0.2524
vn 0.8168 0.4907 0.3032
vn 0.8084 0.5791 0.1056
vn 0.8813 0.4695 0.0539
vn 0.3675 0.8540 0.3683
vn 0.3707 0.8042 0.4646
vn 0.3596 0.8940 0.2675
vn -0.7864 0.5381 0.3032
vn -0.6861 0.6423 0.3417
vn -0.6746 0.5943 0.4380
vn -0.7741 0.4908 0.3998
vn -0.8522 0.3815 0.3582
vn -0.8653 0.4281 0.2609
vn -0.8682 0.4695 0.1603
vn -0.7896 0.5792 0.2027
vn -0.6896 0.6829 0.2410
vn 0.9434 0.3153 0.1028
vn 0.9760 0.2106 0.0560
vn 0.9739 0.1655 0.1554
vn 0.9416 0.2696 0.2017
vn 0.9341 0.3571 0.0024
vn 0.9665 0.2528 -0.0444
vn -0.5701 0.7321 0.3729
vn -0.4469 0.8024 0.3956
vn -0.4374 0.7530 0.4916
vn -0.5596 0.6833 0.4690
vn -0.5738 0.7724 0.2723
vn -0.4508 0.8425 0.2948
vn -0.9241 0.3151 0.2161
vn -0.9103 0.2694 0.3141
vn -0.9269 0.3570 0.1154
vn 0.9944 0.1053 0.0101
vn 0.9994 0.0047 -0.0332
vn 0.9970 -0.0380 0.0674
vn 0.9920 0.0616 0.1105
vn 0.9848 0.1480 -0.0906
vn 0.9898 0.0475 -0.1340
vn -0.6075 -0.7508 -0.2592
vn -0.7221 -0.6582 -0.2126
vn -0.7105 -0.6949 -0.1107
vn -0.5969 -0.7869 -0.1569
vn -0.4763 -0.8576 -0.1941
vn -0.4859 -0.8220 -0.2970
vn -0.4893 -0.7767 -0.3966
vn -0.6106 -0.7060 -0.3588
vn -0.7249 -0.6139 -0.3124
vn -0.3203 0.8540 0.4100
vn -0.2026 0.8862 0.4167
vn -0.1952 0.8360 0.5129
vn -0.3118 0.8041 0.5061
vn -0.3246 0.8940 0.3090
vn -0.2073 0.9260 0.3155
vn -0.8197 -0.5499 -0.1604
vn -0.8945 -0.4343 -0.1063
vn -0.8812 -0.4727 -0.0051
vn -0.8072 -0.5873 -0.0589
vn -0.8223 -0.5061 -0.2602
vn -0.8970 -0.3908 -0.2065
vn 0.9924 -0.0962 -0.0761
vn 0.9901 -0.1378 0.0251
vn 0.9828 -0.0536 -0.1768
vn -0.3607 -0.8736 -0.3266
vn -0.3521 -0.9089 -0.2233
vn -0.3646 -0.8278 -0.4263
vn -0.0856 0.9047 0.4174
vn -0.0790 0.8542 0.5139
vn -0.0909 0.9444 0.3160
vn -0.9477 -0.3149 -0.0520
vn -0.9339 -0.3543 0.0489
vn -0.9502 -0.2719 -0.1525
vn -0.8642 0.4932 -0.0992
vn -0.7833 0.5925 -0.1883
vn -0.7607 0.6391 -0.1134
vn -0.8412 0.5402 -0.0246
vn -0.8984 0.4347 0.0628
vn -0.9218 0.3874 -0.0115
vn -0.9375 0.3371 -0.0861
vn -0.8798 0.4425 -0.1733
vn -0.7989 0.5413 -0.2623
vn 0.8693 0.2806 -0.4070
vn 0.9192 0.1794 -0.3507
vn 0.9341 0.2280 -0.2747
vn 0.8846 0.3286 -0.3308
vn 0.8120 0.4373 -0.3865
vn 0.7961 0.3899 -0.4628
vn 0.7732 0.3396 -0.5355
vn 0.8464 0.2305 -0.4800
vn 0.8964 0.1295 -0.4240
vn -0.6834 0.6772 -0.2726
vn -0.5743 0.7421 -0.3456
vn -0.5529 0.7884 -0.2697
vn -0.6615 0.7236 -0.1972
vn -0.6991 0.6256 -0.3463
vn -0.5903 0.6899 -0.4191
vn -0.9579 0.2778 0.0731
vn -0.9340 0.3257 0.1470
vn -0.9491 0.2253 0.2200
vn -0.9733 0.1764 0.1466
vn -0.9894 0.1266 0.0715
vn -0.9737 0.2278 -0.0018
vn 0.9531 0.0806 -0.2917
vn 0.9723 -0.0111 -0.2337
vn 0.9865 0.0394 -0.1590
vn 0.9677 0.1299 -0.2161
vn 0.9304 0.0307 -0.3653
vn 0.9497 -0.0610 -0.3073
vn -0.4563 -0.6667 0.5893
vn -0.5795 -0.5861 0.5663
vn -0.5583 -0.5326 0.6361
vn -0.4357 -0.6131 0.6590
vn -0.3084 -0.6761 0.6691
vn -0.3283 -0.7301 0.5993
vn -0.3455 -0.7782 0.5244
vn -0.4727 -0.7152 0.5148
vn -0.5957 -0.6350 0.4919
vn -0.4593 0.7891 -0.4079
vn -0.3513 0.8178 -0.4558
vn -0.3309 0.8642 -0.3790
vn -0.4383 0.8355 -0.3316
vn -0.4757 0.7363 -0.4812
vn -0.3682 0.7647 -0.5289
vn -0.6895 -0.4926 0.5310
vn -0.7795 -0.3940 0.4870
vn -0.7569 -0.3413 0.5573
vn -0.6676 -0.4396 0.6010
vn -0.7056 -0.5418 0.4566
vn -0.7956 -0.4437 0.4125
vn 0.9796 -0.1017 -0.1735
vn 0.9746 -0.1965 -0.1075
vn 0.9889 -0.1446 -0.0339
vn 0.9938 -0.0509 -0.0991
vn 0.9571 -0.1528 -0.2464
vn 0.9521 -0.2469 -0.1803
vn -0.1993 -0.7767 0.5975
vn -0.1796 -0.7227 0.6674
vn -0.0621 -0.7515 0.6568
vn -0.0805 -0.8059 0.5866
vn -0.0986 -0.8536 0.5115
vn -0.2163 -0.8247 0.5226
vn -0.2432 0.8340 -0.4953
vn -0.1396 0.8390 -0.5260
vn -0.1192 0.8857 -0.4488
vn -0.2229 0.8806 -0.4182
vn -0.2610 0.7805 -0.5681
vn -0.1587 0.7854 -0.5983
vn -0.8507 -0.2930 0.4364
vn -0.9010 -0.1994 0.3853
vn -0.8775 -0.1474 0.4564
vn -0.8276 -0.2407 0.5071
vn -0.8668 -0.3430 0.3619
vn -0.9170 -0.2498 0.3109
vn 0.6891 -0.6649 0.2883
vn 0.5825 -0.7287 0.3600
vn 0.5997 -0.6747 0.4303
vn 0.7054 -0.6112 0.3591
vn 0.8004 -0.5305 0.2791
vn 0.7848 -0.5839 0.2078
vn 0.7625 -0.6328 0.1349
vn 0.6669 -0.7134 0.2153
vn 0.5604 -0.7770 0.2867
vn -0.0341 0.8343 -0.5503
vn 0.0794 0.8185 -0.5690
vn 0.0992 0.8649 -0.4920
vn -0.0138 0.8809 -0.4731
vn -0.0545 0.7808 -0.6224
vn 0.0583 0.7653 -0.6411
vn -0.9380 -0.1049 0.3305
vn -0.9616 -0.0137 0.2742
vn -0.9374 0.0365 0.3464
vn -0.9141 -0.0536 0.4020
vn -0.9541 -0.1556 0.2558
vn -0.9779 -0.0642 0.1992
vn 0.4695 -0.7757 0.4218
vn 0.3610 -0.8052 0.4705
vn 0.3792 -0.7508 0.5407
vn 0.4869 -0.7215 0.4923
vn 0.4476 -0.8237 0.3481
vn 0.3399 -0.8529 0.3962
vn 0.8628 -0.4903 0.1231
vn 0.8780 -0.4372 0.1949
vn 0.9341 -0.3386 0.1129
vn 0.9193 -0.3915 0.0406
vn 0.8969 -0.4411 -0.0320
vn 0.8405 -0.5395 0.0504
vn -0.9736 0.0778 0.2144
vn -0.9493 0.1272 0.2874
vn -0.9899 0.0279 0.1391
vn 0.2505 -0.8223 0.5110
vn 0.1439 -0.8277 0.5424
vn 0.1625 -0.7731 0.6131
vn 0.2694 -0.7678 0.5813
vn 0.2298 -0.8699 0.4365
vn 0.1242 -0.8751 0.4677
vn 0.9562 -0.2904 -0.0383
vn 0.9707 -0.2379 0.0346
vn 0.9337 -0.3405 -0.1110
vn 0.4591 0.6790 -0.5728
vn 0.5877 0.5946 -0.5486
vn 0.6048 0.6413 -0.4721
vn 0.4770 0.7254 -0.4963
vn 0.3467 0.7898 -0.5060
vn 0.3282 0.7435 -0.5827
vn 0.3060 0.6912 -0.6546
vn 0.4367 0.6274 -0.6447
vn 0.5650 0.5435 -0.6208
vn 0.0352 -0.8226 0.5675
vn 0.0540 -0.7681 0.6380
vn 0.0171 -0.8702 0.4923
vn 0.7025 0.4956 -0.5108
vn 0.7190 0.5425 -0.4344
vn 0.6797 0.4450 -0.5831
vn 0.1971 0.7901 -0.5804
vn 0.2164 0.8365 -0.5035
vn 0.1755 0.7373 -0.6524
vn -0.1513 0.7894 -0.5950
vn -0.0349 0.8175 -0.5748
vn -0.0609 0.8650 -0.4981
vn -0.1768 0.8368 -0.5183
vn -0.3066 0.7903 -0.5305
vn -0.2818 0.7430 -0.6071
vn -0.2538 0.6895 -0.6784
vn -0.1239 0.7353 -0.6663
vn -0.0081 0.7630 -0.6463
vn -0.8699 -0.4900 0.0567
vn -0.9199 -0.3911 -0.0298
vn -0.9404 -0.3374 0.0427
vn -0.8908 -0.4359 0.1285
vn -0.8198 -0.5294 0.2184
vn -0.7984 -0.5839 0.1470
vn -0.7700 -0.6337 0.0746
vn -0.8414 -0.5402 -0.0156
vn -0.8913 -0.4417 -0.1021
vn 0.9110 -0.1073 0.3983
vn 0.8699 -0.2016 0.4502
vn 0.8406 -0.1487 0.5209
vn 0.8813 -0.0549 0.4694
vn 0.9088 0.0351 0.4157
vn 0.9388 -0.0163 0.3441
vn 0.9608 -0.0678 0.2689
vn 0.9328 -0.1589 0.3234
vn 0.8916 -0.2530 0.3756
vn -0.5003 -0.7760 0.3840
vn -0.6086 -0.7288 0.3138
vn -0.6311 -0.6738 0.3844
vn -0.5235 -0.7207 0.4544
vn -0.4197 -0.7502 0.5109
vn -0.3961 -0.8056 0.4405
vn -0.3686 -0.8542 0.3666
vn -0.4724 -0.8248 0.3106
vn -0.5804 -0.7779 0.2408
vn 0.0771 0.8332 -0.5476
vn 0.1804 0.8377 -0.5155
vn 0.1539 0.8854 -0.4385
vn 0.0505 0.8808 -0.4707
vn 0.1032 0.7784 -0.6192
vn 0.2050 0.7828 -0.5875
vn -0.9505 -0.2901 -0.1112
vn -0.9636 -0.1963 -0.1815
vn -0.9838 -0.1431 -0.1079
vn -0.9709 -0.2366 -0.0381
vn -0.9220 -0.3411 -0.1835
vn -0.9350 -0.2477 -0.2538
vn 0.4103 -0.6684 0.6204
vn 0.2818 -0.7316 0.6207
vn 0.2563 -0.6766 0.6903
vn 0.3842 -0.6137 0.6898
vn 0.5082 -0.5335 0.6761
vn 0.5350 -0.5880 0.6067
vn 0.5571 -0.6377 0.5320
vn 0.4326 -0.7178 0.5456
vn 0.3044 -0.7807 0.5458
vn 0.2815 0.8325 -0.4771
vn 0.3863 0.8162 -0.4296
vn 0.3598 0.8636 -0.3531
vn 0.2553 0.8802 -0.4001
vn 0.3051 0.7777 -0.5497
vn 0.4089 0.7617 -0.5026
vn -0.9635 -0.1019 -0.2477
vn -0.9515 -0.0105 -0.3074
vn -0.9718 0.0407 -0.2323
vn -0.9836 -0.0493 -0.1733
vn -0.9349 -0.1533 -0.3202
vn -0.9228 -0.0619 -0.3803
vn 0.1531 -0.7781 0.6093
vn 0.0359 -0.8070 0.5895
vn 0.0116 -0.7516 0.6595
vn 0.1282 -0.7228 0.6791
vn 0.1761 -0.8269 0.5341
vn 0.0594 -0.8556 0.5142
vn 0.6476 -0.4946 0.5797
vn 0.6201 -0.4405 0.6492
vn 0.7127 -0.3422 0.6123
vn 0.7408 -0.3961 0.5425
vn 0.7625 -0.4467 0.4679
vn 0.6695 -0.5446 0.5052
vn -0.9280 0.0809 -0.3636
vn -0.8896 0.1796 -0.4200
vn -0.9106 0.2293 -0.3438
vn -0.9486 0.1312 -0.2878
vn -0.8991 0.0299 -0.4367
vn -0.8607 0.1286 -0.4927
vn -0.0784 -0.8235 0.5618
vn -0.1848 -0.8285 0.5287
vn -0.2091 -0.7729 0.5992
vn -0.1025 -0.7680 0.6322
vn -0.0540 -0.8719 0.4867
vn -0.1591 -0.8767 0.4540
vn 0.8157 -0.2953 0.4974
vn 0.7869 -0.2419 0.5677
vn 0.8375 -0.3463 0.4228
vn 0.7034 0.6752 -0.2221
vn 0.7965 0.5904 -0.1307
vn 0.7680 0.6380 -0.0561
vn 0.6755 0.7226 -0.1470
vn 0.5727 0.7876 -0.2274
vn 0.6003 0.7402 -0.3030
vn 0.6219 0.6867 -0.3765
vn 0.7248 0.6222 -0.2958
vn 0.8177 0.5380 -0.2049
vn -0.2892 -0.8229 0.4891
vn -0.3133 -0.7673 0.5596
vn -0.2622 -0.8713 0.4148
vn 0.8704 0.4910 -0.0357
vn 0.9212 0.3850 0.0561
vn 0.8918 0.4334 0.1299
vn 0.8414 0.5390 0.0384
vn 0.8917 0.4391 -0.1100
vn 0.9426 0.3335 -0.0185
vn 0.4902 0.7874 -0.3738
vn 0.4632 0.8348 -0.2977
vn 0.5124 0.7333 -0.4469
vn -0.6610 0.4957 -0.5634
vn -0.5435 0.5945 -0.5926
vn -0.5668 0.6422 -0.5161
vn -0.6836 0.5436 -0.4871
vn -0.7802 0.4383 -0.4462
vn -0.7582 0.3900 -0.5226
vn -0.7292 0.3385 -0.5947
vn -0.6321 0.4438 -0.6352
vn -0.5148 0.5421 -0.6641
vn 0.9506 0.2754 0.1431
vn 0.9604 0.1742 0.2175
vn 0.9303 0.2238 0.2905
vn 0.9208 0.3244 0.2165
vn 0.9721 0.2242 0.0682
vn 0.9821 0.1233 0.1422
vn -0.4134 0.6786 -0.6071
vn -0.4374 0.7261 -0.5306
vn -0.3851 0.6257 -0.6784
vn -0.8356 0.2805 -0.4724
vn -0.8569 0.3299 -0.3962
vn -0.8067 0.2293 -0.5446
vn 0.9555 0.0755 0.2852
vn 0.9253 0.1259 0.3577
vn 0.9774 0.0244 0.2098
vn -0.7092 -0.6649 0.2345
vn -0.7310 -0.6102 0.3054
vn -0.6809 -0.7143 0.1618
vn 0.0256 0.9997 -0.0009
vn 0.0260 0.9997 0.0017
vn 0.0245 0.9997 -0.0039
vn 0.0028 0.9999 0.0140
vn 0.0016 0.9999 0.0164
vn 0.0024 0.9999 0.0149
vn -0.0211 0.9997 -0.0094
vn -0.0189 0.9997 -0.0120
vn -0.0229 0.9997 -0.0065
vn -0.0015 0.9999 0.0138
vn 0.0005 0.9999 0.0156
vn -0.0010 0.9999 0.0126
vn -0.0243 0.9996 0.0132
vn -0.0250 0.9996 0.0107
vn -0.0232 0.9996 0.0156
vn 0.0012 0.9999 0.0154
vn 0.0010 0.9999 0.0168
vn 0.0004 0.9999 0.0156
vn -0.0026 0.9996 0.0284
vn -0.0040 0.9996 0.0284
vn -0.0011 0.9996 0.0286
vn 0.0016 0.9999 0.0110
vn 0.0013 0.9999 0.0152
vn 0.0023 0.9999 0.0114
vn -0.0258 -0.9996 -0.0105
vn -0.0261 -0.9996 -0.0076
vn -0.0249 -0.9996 -0.0127
vn -0.0007 -0.9999 -0.0154
vn -0.0009 -0.9999 -0.0168
vn -0.0015 -0.9999 -0.0155
vn -0.0059 -0.9996 -0.0279
vn -0.0075 -0.9996 -0.0276
vn -0.0045 -0.9996 -0.0282
vn 0.0003 -0.9999 -0.0112
vn -0.0005 -0.9999 -0.0153
vn 0.0009 -0.9999 -0.0117
vn -0.0255 0.9997 0.0022
vn -0.0248 0.9997 -0.0009
vn -0.0256 0.9997 0.0053
vn -0.0004 0.9999 0.0148
vn 0.0006 0.9999 0.0162
vn -0.0010 0.9999 0.0143
vn -0.0219 0.9996 0.0178
vn -0.0205 0.9996 0.0199
vn 0.0020 0.9999 0.0149
vn 0.0010 0.9999 0.0165
vn 0.0198 0.9997 -0.0119
vn 0.0219 0.9997 -0.0092
vn 0.0173 0.9997 -0.0142
vn 0.0026 0.9999 0.0124
vn 0.0016 0.9999 0.0159
vn 0.0029 0.9999 0.0132
vn 0.0030 0.9996 0.0282
vn 0.0017 0.9996 0.0283
vn 0.0046 0.9996 0.0282
vn -0.0003 0.9999 0.0111
vn 0.0007 0.9999 0.0151
vn 0.0007 0.9999 0.0108
vn -0.0256 -0.9997 0.0009
vn -0.0244 -0.9997 0.0040
vn -0.0261 -0.9997 -0.0019
vn -0.0023 -0.9999 -0.0149
vn -0.0014 -0.9999 -0.0162
vn -0.0027 -0.9999 -0.0141
vn 0.0151 0.9996 0.0248
vn 0.0138 0.9996 0.0253
vn 0.0169 0.9996 0.0236
vn -0.0014 0.9999 0.0144
vn 0.0001 0.9999 0.0161
vn -0.0016 0.9999 0.0134
vn 0.0242 -0.9996 -0.0132
vn 0.0232 -0.9996 -0.0156
vn 0.0250 -0.9996 -0.0107
vn -0.0003 -0.9999 -0.0156
vn -0.0009 -0.9999 -0.0165
vn -0.0012 -0.9999 -0.0154
vn 0.0088 0.9998 -0.0192
vn 0.0118 0.9998 -0.0177
vn 0.0056 0.9998 -0.0199
vn 0.0016 0.9999 0.0113
vn 0.0013 0.9999 0.0154
vn 0.0022 0.9999 0.0117
vn 0.0219 -0.9996 -0.0178
vn 0.0205 -0.9996 -0.0199
vn -0.0012 -0.9999 -0.0165
vn -0.0020 -0.9999 -0.0154
vn 0.0257 0.9996 0.0102
vn 0.0249 0.9996 0.0127
vn 0.0261 0.9996 0.0076
vn 0.0015 0.9999 0.0155
vn 0.0007 0.9999 0.0154
vn 0.0087 0.9996 0.0272
vn 0.0074 0.9996 0.0277
vn 0.0105 0.9996 0.0268
vn -0.0014 0.9999 0.0125
vn 0.0001 0.9999 0.0156
vn -0.0009 0.9999 0.0116
vn 0.0213 0.9996 0.0191
vn 0.0200 0.9996 0.0206
vn 0.0227 0.9996 0.0173
vn -0.0001 0.9999 0.0152
vn 0.0005 0.9999 0.0166
vn -0.0008 0.9999 0.0147
vn -0.0198 -0.9997 0.0119
vn -0.0173 -0.9997 0.0142
vn -0.0218 -0.9997 0.0093
vn -0.0031 -0.9999 -0.0135
vn -0.0016 -0.9999 -0.0158
vn -0.0026 -0.9999 -0.0124
vn -0.0046 0.9998 -0.0201
vn -0.0012 0.9998 -0.0203
vn -0.0080 0.9998 -0.0191
vn -0.0002 0.9999 0.0114
vn 0.0008 0.9999 0.0154
vn 0.0007 0.9999 0.0111
vn 0.0155 -0.9996 -0.0244
vn 0.0139 -0.9996 -0.0255
vn 0.0174 -0.9996 -0.0232
vn -0.0026 -0.9999 -0.0145
vn -0.0017 -0.9999 -0.0164
vn -0.0031 -0.9999 -0.0138
vn -0.0120 -0.9996 -0.0261
vn -0.0135 -0.9996 -0.0256
vn -0.0103 -0.9996 -0.0270
vn 0.0013 -0.9999 -0.0123
vn -0.0002 -0.9999 -0.0158
vn 0.0014 -0.9999 -0.0132
vn -0.0239 -0.9996 -0.0153
vn -0.0227 -0.9996 -0.0172
vn 0.0001 -0.9999 -0.0155
vn -0.0008 -0.9999 -0.0165
vn -0.0088 -0.9998 0.0192
vn -0.0056 -0.9998 0.0199
vn -0.0118 -0.9998 0.0177
vn -0.0022 -0.9999 -0.0117
vn -0.0013 -0.9999 -0.0154
vn -0.0016 -0.9999 -0.0113
vn -0.0189 0.9996 0.0216
vn -0.0174 0.9996 0.0233
vn 0.0026 0.9999 0.0144
vn 0.0015 0.9999 0.0166
vn -0.0168 0.9998 -0.0142
vn -0.0139 0.9998 -0.0162
vn -0.0008 0.9999 0.0119
vn -0.0184 -0.9996 -0.0223
vn -0.0200 -0.9996 -0.0206
vn -0.0169 -0.9996 -0.0236
vn 0.0014 -0.9999 -0.0141
vn -0.0001 -0.9999 -0.0165
vn 0.0008 -0.9999 -0.0147
vn 0.0088 -0.9996 -0.0274
vn 0.0069 -0.9996 -0.0280
vn 0.0107 -0.9996 -0.0269
vn -0.0030 -0.9999 -0.0129
vn -0.0017 -0.9999 -0.0157
vn -0.0032 -0.9999 -0.0124
vn 0.0048 -0.9998 0.0201
vn 0.0080 -0.9998 0.0191
vn 0.0012 -0.9998 0.0203
vn -0.0007 -0.9999 -0.0112
vn -0.0008 -0.9999 -0.0153
vn 0.0002 -0.9999 -0.0114
vn 0.0241 -0.9997 0.0037
vn 0.0250 -0.9997 0.0008
vn 0.0228 -0.9997 0.0065
vn 0.0015 -0.9999 -0.0137
vn -0.0006 -0.9999 -0.0161
vn 0.0009 -0.9999 -0.0140
vn -0.0120 0.9996 0.0264
vn -0.0139 0.9996 0.0255
vn -0.0105 0.9996 0.0271
vn 0.0032 0.9999 0.0131
vn 0.0016 0.9999 0.0157
vn 0.0031 0.9999 0.0138
vn 0.0025 -0.9996 -0.0284
vn 0.0010 -0.9996 -0.0285
vn 0.0041 -0.9996 -0.0284
vn -0.0023 -0.9999 -0.0115
vn -0.0013 -0.9999 -0.0152
vn -0.0016 -0.9999 -0.0110
vn 0.0168 -0.9998 0.0142
vn 0.0189 -0.9998 0.0120
vn 0.0139 -0.9998 0.0162
vn 0.0008 -0.9999 -0.0119
vn -0.0004 -0.9999 -0.0155
vn 0.0011 -0.9999 -0.0126
vn 0.0263 0.9996 0.0048
vn 0.0013 0.9999 0.0167
vn 0.0255 -0.9996 -0.0080
vn 0.0257 -0.9997 -0.0051
vn 0.0004 -0.9999 -0.0150
vn -0.0006 -0.9999 -0.0167
vn -0.0053 0.9996 0.0281
vn -0.0072 0.9996 0.0279
vn 0.0014 0.9999 0.0154
vn 0.0029 0.9999 0.0123
vn -0.0032 -0.9996 -0.0282
vn -0.0017 -0.9996 -0.0284
vn -0.0007 -0.9999 -0.0109
vn -0.0008 -0.9999 -0.0152
vn 0.0235 0.9997 -0.0066
vn 0.0016 0.9999 0.0161
vn -0.0241 0.9997 -0.0037
vn 0.0003 0.9999 0.0162
vn 0.0004 0.9996 0.0283
vn 0.0011 0.9999 0.0151
vn -0.0263 -0.9996 -0.0048
vn -0.0014 -0.9999 -0.0166
vn -0.0088 -0.9996 -0.0272
vn -0.0002 -0.9999 -0.0156
vn -0.0255 0.9996 0.0080
vn 0.0007 0.9999 0.0167
vn 0.0149 0.9998 -0.0161
vn 0.0014 0.9999 0.0156
vn 0.0056 0.9996 0.0277
vn 0.0005 0.9999 0.0152
vn -0.0234 -0.9997 0.0066
vn -0.0017 -0.9999 -0.0160
vn 0.0184 0.9996 0.0223
vn 0.0002 0.9999 0.0166
vn 0.0022 0.9998 -0.0205
vn 0.0010 0.9999 0.0153
vn 0.0189 -0.9996 -0.0216
vn -0.0015 -0.9999 -0.0166
vn 0.0120 0.9996 0.0262
vn 0.0002 0.9999 0.0158
vn 0.0239 0.9996 0.0153
vn 0.0007 0.9999 0.0165
vn -0.0147 -0.9998 0.0163
vn -0.0110 0.9998 -0.0180
vn 0.0006 0.9999 0.0155
vn -0.0151 -0.9996 -0.0248
vn -0.0004 -0.9999 -0.0159
vn 0.0120 -0.9996 -0.0264
vn -0.0015 -0.9999 -0.0158
vn -0.0024 -0.9998 0.0205
vn -0.0011 -0.9999 -0.0153
vn -0.0155 0.9996 0.0244
vn 0.0211 -0.9997 0.0095
vn -0.0003 -0.9999 -0.0159
vn -0.0213 -0.9996 -0.0191
vn -0.0004 -0.9999 -0.0163
vn 0.0055 -0.9996 -0.0281
vn -0.0017 -0.9999 -0.0155
vn 0.0110 -0.9998 0.0180
vn -0.0005 -0.9999 -0.0154
vn 0.0255 -0.9997 -0.0022
vn -0.0005 -0.9999 -0.0162
vn -0.0088 0.9996 0.0274
vn 0.0018 0.9999 0.0157
vn -0.0002 -0.9996 -0.0284
vn -0.0010 -0.9999 -0.0152
vn -0.0010 -0.9999 -0.0165
vn -0.7410 -0.5756 0.3459
vn -0.8291 -0.4952 0.2595
vn -0.6419 -0.6386 0.4244
vn 0.9038 0.1550 0.3990
vn 0.8875 0.0654 0.4562
vn 0.9089 0.2521 0.3323
vn -0.8661 0.3574 -0.3496
vn -0.7900 0.4653 -0.3993
vn -0.9192 0.2575 -0.2978
vn -0.4498 0.7511 -0.4833
vn -0.3199 0.8150 -0.4831
vn -0.5784 0.6675 -0.4689
vn 0.8995 0.3519 0.2588
vn 0.8708 0.4602 0.1728
vn -0.6941 0.5697 -0.4402
vn 0.4457 0.8591 -0.2515
vn 0.5542 0.8123 -0.1818
vn 0.3427 0.8880 -0.3065
vn 0.8209 0.5651 0.0819
vn 0.7480 0.6635 -0.0118
vn -0.3258 -0.7318 0.5986
vn -0.4321 -0.7146 0.5501
vn -0.2224 -0.7371 0.6381
vn 0.6563 0.7476 -0.1020
vn 0.7668 -0.2096 0.6067
vn 0.6932 -0.3093 0.6510
vn 0.8199 -0.1171 0.5604
vn -0.1162 -0.7322 0.6711
vn -0.0028 -0.7159 0.6981
vn -0.9569 0.1603 -0.2421
vn -0.9798 0.0708 -0.1871
vn 0.6014 -0.4070 0.6875
vn 0.4903 -0.4993 0.7143
vn 0.1130 -0.6874 0.7174
vn 0.2405 -0.6414 0.7286
vn -0.9915 -0.0181 -0.1286
vn -0.9917 -0.1117 -0.0639
vn 0.2388 0.9045 -0.3534
vn 0.1378 0.9097 -0.3918
vn 0.3673 -0.5790 0.7279
vn -0.9789 -0.2043 0.0052
vn -0.9487 -0.3045 0.0854
vn 0.0347 0.9052 -0.4236
vn -0.0761 0.8893 -0.4509
vn -0.5351 -0.6853 0.4939
vn 0.8602 -0.0238 0.5093
vn -0.8995 -0.4023 0.1703
vn -0.1912 0.8612 -0.4710
vn 0.2284 0.8633 -0.4500
vn 0.3576 0.8169 -0.4525
vn 0.3945 0.9163 -0.0694
vn 0.2836 0.9566 -0.0672
vn 0.1836 0.9813 -0.0578
vn 0.1122 0.8915 -0.4389
vn -0.9287 0.1594 0.3347
vn -0.9287 0.2563 0.2679
vn -0.7164 0.4321 0.5478
vn -0.7157 0.3495 0.6047
vn -0.7064 0.2742 0.6525
vn -0.9169 0.0697 0.3929
vn -0.8939 -0.0193 0.4478
vn -0.6867 0.2004 0.6987
vn -0.6572 0.1205 0.7440
vn -0.8578 -0.1123 0.5016
vn 0.9986 -0.0166 -0.0493
vn 0.9939 -0.1095 0.0151
vn 0.9376 0.1232 0.3250
vn 0.9410 0.2027 0.2709
vn 0.9352 0.2766 0.2212
vn 0.9915 0.0723 -0.1083
vn -0.9205 -0.3755 0.1077
vn -0.9509 -0.2672 0.1561
vn -0.8685 -0.4926 0.0543
vn -0.0749 0.8200 0.5675
vn 0.0341 0.8256 0.5632
vn -0.1898 0.8021 0.5663
vn -0.3452 -0.9245 -0.1616
vn -0.4680 -0.8737 -0.1327
vn -0.2316 -0.9557 -0.1814
vn 0.9833 -0.1614 0.0843
vn 0.9628 -0.2672 0.0398
vn 0.9900 -0.0627 0.1261
vn -0.7954 -0.6060 0.0010
vn -0.6998 -0.7126 -0.0502
vn -0.3053 0.7706 0.5595
vn -0.4296 0.7199 0.5452
vn -0.5873 -0.8036 -0.0960
vn 0.9851 0.0355 0.1683
vn 0.9672 0.1386 0.2129
vn -0.8972 0.2415 0.3697
vn -0.8397 0.3523 0.4132
vn -0.9343 0.1386 0.3284
vn -0.5504 0.6510 0.5228
vn -0.6641 0.5628 0.4921
vn 0.9354 0.2414 0.2585
vn 0.8836 0.3522 0.3086
vn -0.7626 0.4605 0.4542
vn 0.3707 0.7705 0.5185
vn 0.4924 0.7199 0.4892
vn 0.2570 0.8020 0.5392
vn 0.8120 0.4605 0.3586
vn 0.7189 0.5628 0.4080
vn -0.1191 -0.9735 -0.1952
vn -0.0124 -0.9789 -0.2041
vn 0.6096 0.6510 0.4522
vn 0.9268 -0.3755 -0.0045
vn 0.8688 -0.4926 -0.0513
vn 0.0946 -0.9735 -0.2082
vn 0.2080 -0.9558 -0.2080
vn -0.9575 0.0354 0.2863
vn -0.9675 -0.0628 0.2449
vn 0.7897 -0.6060 -0.0954
vn 0.6886 -0.7125 -0.1346
vn 0.3231 -0.9245 -0.2022
vn 0.4485 -0.8737 -0.1884
vn -0.9659 -0.1614 0.2027
vn 0.1431 0.8200 0.5542
vn 0.5714 -0.8036 -0.1663
vn 0.3013 0.5316 0.7916
vn 0.3040 0.5277 0.7932
vn 0.2955 0.5501 0.7811
vn -0.4589 0.4652 0.7570
vn -0.4517 0.4113 0.7917
vn -0.4594 0.5266 0.7153
vn 0.1368 0.5810 0.8023
vn 0.1212 0.5701 0.8126
vn 0.7734 0.2409 0.5864
vn 0.7839 0.3012 0.5429
vn 0.9225 0.0438 0.3836
vn 0.1651 0.4721 0.8659
vn 0.1895 0.4753 0.8592
vn 0.4614 0.8493 0.2566
vn 0.3780 0.8909 0.2520
vn 0.5053 0.8607 -0.0618
vn 0.2018 0.4725 0.8579
vn 0.2160 0.4629 0.8597
vn 0.2950 0.9209 0.2548
vn 0.2202 0.9392 0.2635
vn 0.2916 0.5161 0.8054
vn -0.4506 0.5911 0.6690
vn -0.7038 0.5180 0.4862
vn 0.1280 0.5308 0.8378
vn 0.1295 0.5491 0.8257
vn 0.7706 0.4669 0.4338
vn 0.9196 0.3517 0.1750
vn 0.7815 0.4132 0.4675
vn 0.2513 0.6290 0.7356
vn 0.2554 0.6174 0.7440
vn -0.1375 -0.0011 0.9905
vn -0.2824 -0.2764 0.9186
vn -0.3863 -0.2070 0.8989
vn -0.2159 0.0510 0.9751
vn 0.2598 0.5986 0.7578
vn 0.2695 0.5884 0.7623
vn -0.2859 0.1108 0.9518
vn -0.4796 -0.1284 0.8680
vn -0.5550 -0.0441 0.8307
vn -0.3425 0.1745 0.9232
vn 0.1255 0.5672 0.8140
vn 0.7860 0.3599 0.5027
vn 0.2767 0.5820 0.7646
vn 0.3086 0.5705 0.7611
vn -0.3860 0.2395 0.8909
vn -0.6150 0.0414 0.7875
vn -0.4164 0.2997 0.8584
vn 0.1451 0.6185 0.7723
vn 0.1684 0.6152 0.7702
vn 0.6070 -0.0003 0.7947
vn 0.6986 -0.2754 0.6604
vn 0.6086 -0.3286 0.7222
vn 0.5390 -0.0404 0.8413
vn 0.2138 0.4705 0.8561
vn 0.1469 0.9497 0.2767
vn 0.0862 0.9954 -0.0405
vn 0.2948 0.5693 0.7674
vn -0.4382 0.3581 0.8245
vn 0.1807 0.6163 0.7665
vn 0.4670 -0.0700 0.8815
vn 0.5129 -0.3695 0.7749
vn 0.7266 0.5713 -0.3817
vn 0.8189 0.4668 -0.3340
vn 0.6135 0.6694 -0.4190
vn 0.0658 -0.7285 0.6819
vn -0.0494 -0.7120 0.7004
vn 0.1739 -0.7336 0.6570
vn 0.4868 0.7528 -0.4430
vn 0.9758 -0.2021 0.0830
vn 0.9396 -0.3021 0.1605
vn 0.2803 -0.7281 0.6255
vn 0.3896 -0.7113 0.5851
vn 0.8841 -0.4001 0.2416
vn 0.8072 -0.4927 0.3252
vn 0.4964 -0.6823 0.5368
vn 0.6079 -0.6359 0.4754
vn -0.0003 0.9077 -0.4197
vn -0.1054 0.9123 -0.3956
vn 0.7129 -0.5729 0.4045
vn -0.8084 -0.2049 0.5518
vn -0.7384 -0.3047 0.6015
vn -0.2089 0.9073 -0.3649
vn -0.3160 0.8909 -0.3262
vn -0.1665 -0.6832 0.7110
vn -0.2939 -0.6371 0.7126
vn -0.6499 -0.4024 0.6448
vn -0.5416 -0.4947 0.6797
vn -0.4228 0.8622 -0.2789
vn -0.5361 0.8156 -0.2177
vn -0.4201 -0.5746 0.7024
vn 0.9729 0.1621 -0.1648
vn 0.9397 0.2592 -0.2230
vn -0.9138 0.3562 0.1953
vn -0.8786 0.4642 0.1119
vn -0.6439 0.7510 -0.1463
vn -0.7422 0.6672 -0.0628
vn 0.8908 0.3589 -0.2788
vn -0.8220 0.5690 0.0251
vt 0.213536 0.363045
vt 0.213318 0.344300
vt 0.228471 0.344134
vt 0.228690 0.362874
vt 0.228958 0.381627
vt 0.213803 0.381802
vt 0.198631 0.381976
vt 0.198367 0.363214
vt 0.198152 0.344466
vt 0.105027 0.645341
vt 0.101061 0.625776
vt 0.112389 0.624055
vt 0.114389 0.643929
vt 0.116367 0.663589
vt 0.108947 0.664700
vt 0.101673 0.666527
vt 0.095855 0.647666
vt 0.089967 0.628613
vt 0.287241 0.708680
vt 0.306991 0.708663
vt 0.307382 0.716156
vt 0.287722 0.718135
vt 0.267848 0.720134
vt 0.267278 0.708691
vt 0.267848 0.697255
vt 0.287691 0.699228
vt 0.307332 0.701171
vt 0.211650 0.102084
vt 0.211495 0.083562
vt 0.226640 0.083463
vt 0.226796 0.101982
vt 0.226932 0.120513
vt 0.211785 0.120619
vt 0.196640 0.120725
vt 0.196507 0.102186
vt 0.196355 0.083660
vt 0.212133 0.176315
vt 0.212023 0.157734
vt 0.227171 0.157619
vt 0.227282 0.176195
vt 0.227390 0.194787
vt 0.212241 0.194913
vt 0.197090 0.195038
vt 0.196984 0.176435
vt 0.196875 0.157849
vt 0.212574 0.250807
vt 0.212460 0.232159
vt 0.227610 0.232022
vt 0.227725 0.250666
vt 0.227847 0.269326
vt 0.212695 0.269473
vt 0.197538 0.269619
vt 0.197418 0.250948
vt 0.197305 0.232294
vt 0.213132 0.325570
vt 0.212970 0.306855
vt 0.228123 0.306698
vt 0.228284 0.325408
vt 0.197968 0.325731
vt 0.197809 0.307011
vt 0.214136 0.400571
vt 0.229291 0.400392
vt 0.229658 0.419164
vt 0.214502 0.419346
vt 0.199322 0.419527
vt 0.198960 0.400748
vt 0.326317 0.708636
vt 0.342568 0.708679
vt 0.342776 0.712664
vt 0.326610 0.714220
vt 0.326566 0.703051
vt 0.342748 0.704694
vt 0.112774 0.683644
vt 0.118304 0.682817
vt 0.119859 0.698983
vt 0.115913 0.699575
vt 0.112043 0.700546
vt 0.107351 0.685001
vt 0.211313 0.065052
vt 0.211117 0.046549
vt 0.226260 0.046457
vt 0.226457 0.064957
vt 0.196175 0.065147
vt 0.195982 0.046640
vt 0.211908 0.139169
vt 0.227056 0.139058
vt 0.196762 0.139279
vt 0.212349 0.213527
vt 0.227499 0.213396
vt 0.197196 0.213657
vt 0.212826 0.288156
vt 0.227978 0.288004
vt 0.197667 0.288307
vt 0.181616 0.139388
vt 0.181498 0.120829
vt 0.181727 0.157962
vt 0.166578 0.158071
vt 0.166472 0.139492
vt 0.166358 0.120929
vt 0.182040 0.213785
vt 0.181937 0.195160
vt 0.182147 0.232426
vt 0.166984 0.232555
vt 0.166882 0.213908
vt 0.166781 0.195279
vt 0.182500 0.288455
vt 0.182374 0.269762
vt 0.182639 0.307164
vt 0.167460 0.307313
vt 0.167325 0.288599
vt 0.167204 0.269901
vt 0.183184 0.363381
vt 0.182974 0.344628
vt 0.183442 0.382146
vt 0.168237 0.382312
vt 0.167987 0.363543
vt 0.167783 0.344786
vt 0.086967 0.650886
vt 0.079226 0.632527
vt 0.094617 0.669067
vt 0.087849 0.672288
vt 0.078446 0.654962
vt 0.068937 0.637472
vt 0.289075 0.689878
vt 0.308414 0.693752
vt 0.269543 0.685951
vt 0.272339 0.674885
vt 0.291371 0.680718
vt 0.310221 0.686478
vt 0.181368 0.102285
vt 0.181219 0.083756
vt 0.166232 0.102382
vt 0.166089 0.083849
vt 0.181833 0.176553
vt 0.166681 0.176666
vt 0.182257 0.251086
vt 0.167091 0.251220
vt 0.182794 0.325889
vt 0.167610 0.326042
vt 0.183764 0.400923
vt 0.184118 0.419705
vt 0.168890 0.419878
vt 0.168548 0.401092
vt 0.327368 0.697518
vt 0.343319 0.700744
vt 0.328710 0.692091
vt 0.344276 0.696869
vt 0.102088 0.686890
vt 0.108286 0.701894
vt 0.104679 0.703604
vt 0.097037 0.689287
vt 0.181044 0.065239
vt 0.180856 0.046729
vt 0.165920 0.065329
vt 0.165739 0.046815
vt 0.151328 0.139593
vt 0.151219 0.121026
vt 0.151430 0.158176
vt 0.136282 0.158276
vt 0.136186 0.139688
vt 0.136083 0.121118
vt 0.151719 0.214027
vt 0.151624 0.195393
vt 0.151817 0.232679
vt 0.136647 0.232797
vt 0.136554 0.214140
vt 0.136464 0.195501
vt 0.152143 0.288737
vt 0.152027 0.270034
vt 0.152272 0.307456
vt 0.137076 0.307591
vt 0.136955 0.288868
vt 0.136845 0.270161
vt 0.152776 0.363699
vt 0.152581 0.344938
vt 0.153015 0.382472
vt 0.137777 0.382623
vt 0.137552 0.363847
vt 0.137368 0.345082
vt 0.070377 0.659855
vt 0.059198 0.643400
vt 0.081434 0.676161
vt 0.075433 0.680643
vt 0.062832 0.665511
vt 0.050097 0.650248
vt 0.294556 0.671837
vt 0.312737 0.679421
vt 0.276207 0.664163
vt 0.281102 0.653884
vt 0.298595 0.663319
vt 0.315932 0.672648
vt 0.151100 0.102475
vt 0.150963 0.083938
vt 0.135970 0.102563
vt 0.135841 0.084022
vt 0.151528 0.176776
vt 0.136374 0.176880
vt 0.151919 0.251348
vt 0.136743 0.251470
vt 0.152415 0.326189
vt 0.137211 0.326329
vt 0.153313 0.401255
vt 0.153640 0.420044
vt 0.138368 0.420202
vt 0.138058 0.401410
vt 0.330580 0.686823
vt 0.345609 0.693106
vt 0.332958 0.681765
vt 0.347305 0.689493
vt 0.092247 0.692171
vt 0.101258 0.705662
vt 0.098055 0.708045
vt 0.087764 0.695511
vt 0.150802 0.065415
vt 0.150629 0.046898
vt 0.135690 0.065496
vt 0.135527 0.046977
vt 0.121044 0.139778
vt 0.120949 0.121203
vt 0.121133 0.158369
vt 0.105985 0.158455
vt 0.105903 0.139860
vt 0.105816 0.121283
vt 0.121387 0.214246
vt 0.121303 0.195603
vt 0.121473 0.232907
vt 0.106295 0.233008
vt 0.106217 0.214344
vt 0.106140 0.195696
vt 0.121759 0.288991
vt 0.121657 0.270280
vt 0.121872 0.307718
vt 0.106660 0.307836
vt 0.106557 0.289105
vt 0.106464 0.270389
vt 0.122315 0.363985
vt 0.122144 0.345217
vt 0.122525 0.382765
vt 0.107259 0.382896
vt 0.107066 0.364113
vt 0.106909 0.345341
vt 0.055887 0.671878
vt 0.041724 0.657949
vt 0.069904 0.685692
vt 0.064899 0.691256
vt 0.049602 0.678890
vt 0.034152 0.666424
vt 0.303448 0.655245
vt 0.319776 0.666225
vt 0.286978 0.644146
vt 0.293771 0.635041
vt 0.309063 0.647692
vt 0.324229 0.660213
vt 0.120844 0.102645
vt 0.120724 0.084102
vt 0.105720 0.102721
vt 0.105610 0.084175
vt 0.121219 0.176977
vt 0.106063 0.177067
vt 0.121562 0.251585
vt 0.106377 0.251690
vt 0.121998 0.326461
vt 0.106776 0.326582
vt 0.122787 0.401555
vt 0.123075 0.420350
vt 0.107763 0.420487
vt 0.107499 0.401689
vt 0.335822 0.676967
vt 0.349348 0.686064
vt 0.339141 0.672473
vt 0.351716 0.682851
vt 0.083633 0.699274
vt 0.095102 0.710731
vt 0.092427 0.713693
vt 0.079890 0.703424
vt 0.120583 0.065573
vt 0.120431 0.047051
vt 0.105481 0.065643
vt 0.105343 0.047119
vt 0.090763 0.139935
vt 0.090684 0.121354
vt 0.090836 0.158533
vt 0.075687 0.158602
vt 0.075623 0.140002
vt 0.075554 0.121418
vt 0.091044 0.214432
vt 0.090975 0.195781
vt 0.091115 0.233100
vt 0.075931 0.233182
vt 0.075869 0.214511
vt 0.075809 0.195857
vt 0.091350 0.289208
vt 0.091266 0.270489
vt 0.091442 0.307942
vt 0.076218 0.308037
vt 0.076137 0.289299
vt 0.076064 0.270577
vt 0.091807 0.364229
vt 0.091666 0.345454
vt 0.091980 0.383015
vt 0.076689 0.383121
vt 0.076538 0.364332
vt 0.076414 0.345555
vt 0.044041 0.686478
vt 0.027457 0.675593
vt 0.060467 0.697281
vt 0.056646 0.703708
vt 0.039252 0.694568
vt 0.021694 0.685362
vt 0.315389 0.640732
vt 0.329248 0.654669
vt 0.301418 0.626655
vt 0.309838 0.619063
vt 0.322358 0.634427
vt 0.334782 0.649645
vt 0.090598 0.102790
vt 0.090500 0.084241
vt 0.075479 0.102851
vt 0.075393 0.084300
vt 0.090906 0.177148
vt 0.075749 0.177221
vt 0.091188 0.251786
vt 0.075995 0.251871
vt 0.091546 0.326691
vt 0.076309 0.326789
vt 0.092196 0.401811
vt 0.092433 0.420611
vt 0.077087 0.420721
vt 0.076879 0.401919
vt 0.342884 0.668327
vt 0.354389 0.679886
vt 0.347014 0.664568
vt 0.357338 0.677198
vt 0.076574 0.707920
vt 0.090055 0.716904
vt 0.088009 0.720331
vt 0.073714 0.712717
vt 0.090385 0.065707
vt 0.090260 0.047181
vt 0.075292 0.065764
vt 0.075183 0.047235
vt 0.060484 0.140059
vt 0.060426 0.121473
vt 0.060538 0.158662
vt 0.045389 0.158712
vt 0.045345 0.140106
vt 0.045298 0.121519
vt 0.060693 0.214578
vt 0.060642 0.195922
vt 0.060745 0.233253
vt 0.045557 0.233311
vt 0.045515 0.214635
vt 0.045473 0.195976
vt 0.060920 0.289378
vt 0.060858 0.270653
vt 0.060989 0.308118
vt 0.045755 0.308186
vt 0.045699 0.289443
vt 0.045649 0.270716
vt 0.061260 0.364421
vt 0.061156 0.345641
vt 0.061389 0.383212
vt 0.046080 0.383288
vt 0.045976 0.364495
vt 0.045891 0.345713
vt 0.035282 0.703082
vt 0.016923 0.695639
vt 0.053476 0.710476
vt 0.050981 0.717518
vt 0.032163 0.711937
vt 0.013180 0.706321
vt 0.329906 0.628841
vt 0.340779 0.645189
vt 0.318953 0.612341
vt 0.328669 0.606544
vt 0.337956 0.624020
vt 0.347179 0.641341
vt 0.060362 0.102904
vt 0.060289 0.084351
vt 0.045246 0.102948
vt 0.045187 0.084393
vt 0.060590 0.177283
vt 0.045432 0.177335
vt 0.060800 0.251944
vt 0.045602 0.252005
vt 0.061066 0.326873
vt 0.045818 0.326943
vt 0.061550 0.402012
vt 0.061727 0.420816
vt 0.046355 0.420896
vt 0.046211 0.402090
vt 0.351491 0.661233
vt 0.360537 0.674811
vt 0.356271 0.658352
vt 0.363953 0.672749
vt 0.071339 0.717771
vt 0.086309 0.723942
vt 0.084971 0.727701
vt 0.069469 0.723032
vt 0.060203 0.065813
vt 0.060111 0.047282
vt 0.045117 0.065853
vt 0.045042 0.047321
vt 0.030207 0.140144
vt 0.030171 0.121555
vt 0.030240 0.158751
vt 0.015091 0.158785
vt 0.015068 0.140177
vt 0.015044 0.121586
vt 0.030335 0.214679
vt 0.030304 0.196018
vt 0.030368 0.233358
vt 0.015177 0.233397
vt 0.015155 0.214717
vt 0.015134 0.196055
vt 0.030475 0.289495
vt 0.030437 0.270766
vt 0.030518 0.308239
vt 0.015279 0.308286
vt 0.015250 0.289540
vt 0.015224 0.270809
vt 0.030685 0.364554
vt 0.030621 0.345770
vt 0.030765 0.383348
vt 0.015445 0.383399
vt 0.015392 0.364604
vt 0.015348 0.345819
vt 0.029927 0.721046
vt 0.010503 0.717306
vt 0.049188 0.724767
vt 0.048109 0.732154
vt 0.028588 0.730323
vt 0.008909 0.728485
vt 0.346433 0.620013
vt 0.353922 0.638138
vt 0.338893 0.601732
vt 0.349523 0.597940
vt 0.355251 0.616850
vt 0.360941 0.635606
vt 0.030131 0.102982
vt 0.030087 0.084426
vt 0.015018 0.103012
vt 0.014987 0.084455
vt 0.030272 0.177376
vt 0.015113 0.177411
vt 0.030401 0.252053
vt 0.015200 0.252095
vt 0.030566 0.326998
vt 0.015311 0.327046
vt 0.030864 0.402151
vt 0.030973 0.420958
vt 0.015586 0.421012
vt 0.015512 0.402204
vt 0.361309 0.655952
vt 0.367555 0.671032
vt 0.366557 0.654054
vt 0.371307 0.669675
vt 0.068123 0.728450
vt 0.084008 0.731575
vt 0.083427 0.735524
vt 0.067311 0.733973
vt 0.030034 0.065885
vt 0.029977 0.047352
vt 0.014952 0.065913
vt 0.014913 0.047379
vt 0.969431 0.140187
vt 0.969419 0.121596
vt 0.984544 0.121586
vt 0.984569 0.140177
vt 0.984591 0.158785
vt 0.969442 0.158796
vt 0.954293 0.158802
vt 0.954293 0.140193
vt 0.954293 0.121601
vt 0.969474 0.214730
vt 0.969464 0.196068
vt 0.984634 0.196055
vt 0.984656 0.214717
vt 0.984677 0.233397
vt 0.969485 0.233411
vt 0.954293 0.233418
vt 0.954293 0.214737
vt 0.954293 0.196074
vt 0.969522 0.289555
vt 0.969509 0.270824
vt 0.984724 0.270809
vt 0.984750 0.289540
vt 0.984779 0.308286
vt 0.969536 0.308301
vt 0.954293 0.308309
vt 0.954293 0.289563
vt 0.954293 0.270831
vt 0.969592 0.364621
vt 0.969571 0.345836
vt 0.984848 0.345819
vt 0.984892 0.364604
vt 0.984946 0.383399
vt 0.969619 0.383417
vt 0.954293 0.383426
vt 0.954293 0.364630
vt 0.954293 0.345844
vt 0.028161 0.739678
vt 0.008414 0.739752
vt 0.047755 0.739609
vt 0.048133 0.747061
vt 0.028644 0.749027
vt 0.009006 0.751008
vt 0.364328 0.614565
vt 0.368172 0.633771
vt 0.360458 0.595207
vt 0.371600 0.593540
vt 0.373580 0.613172
vt 0.375546 0.632654
vt 0.969405 0.103022
vt 0.969390 0.084464
vt 0.984487 0.084455
vt 0.984518 0.103012
vt 0.954293 0.103027
vt 0.954293 0.084469
vt 0.969453 0.177423
vt 0.984613 0.177411
vt 0.954293 0.177429
vt 0.969496 0.252109
vt 0.984700 0.252095
vt 0.954293 0.252116
vt 0.969552 0.327062
vt 0.984811 0.327046
vt 0.954293 0.327070
vt 0.969653 0.402222
vt 0.985013 0.402204
vt 0.985087 0.421012
vt 0.969690 0.421031
vt 0.954293 0.421040
vt 0.954293 0.402231
vt 0.371965 0.652677
vt 0.375175 0.668691
vt 0.377481 0.651840
vt 0.379121 0.668092
vt 0.067042 0.739550
vt 0.083236 0.739512
vt 0.083438 0.743499
vt 0.067324 0.745125
vt 0.969372 0.065922
vt 0.969353 0.047388
vt 0.984414 0.047379
vt 0.984452 0.065913
vt 0.954293 0.065927
vt 0.954293 0.047393
vt 0.939155 0.140187
vt 0.939167 0.121596
vt 0.939144 0.158796
vt 0.923994 0.158779
vt 0.924017 0.140171
vt 0.924041 0.121580
vt 0.939111 0.214730
vt 0.939122 0.196068
vt 0.939101 0.233411
vt 0.923909 0.233391
vt 0.923931 0.214711
vt 0.923952 0.196049
vt 0.939064 0.289555
vt 0.939077 0.270824
vt 0.939050 0.308301
vt 0.923808 0.308278
vt 0.923836 0.289533
vt 0.923862 0.270802
vt 0.938993 0.364621
vt 0.939015 0.345836
vt 0.938966 0.383417
vt 0.923642 0.383391
vt 0.923695 0.364596
vt 0.923739 0.345811
vt 0.030037 0.758284
vt 0.010674 0.762155
vt 0.049250 0.754438
vt 0.051086 0.761672
vt 0.032325 0.767365
vt 0.013409 0.773096
vt 0.382924 0.612688
vt 0.382994 0.632276
vt 0.382850 0.592948
vt 0.394110 0.593442
vt 0.392275 0.613115
vt 0.390446 0.632630
vt 0.939180 0.103022
vt 0.939196 0.084464
vt 0.924068 0.103007
vt 0.924098 0.084450
vt 0.939133 0.177423
vt 0.923973 0.177405
vt 0.939089 0.252109
vt 0.923886 0.252088
vt 0.939034 0.327062
vt 0.923776 0.327038
vt 0.938933 0.402222
vt 0.938896 0.421031
vt 0.923501 0.421003
vt 0.923575 0.402195
vt 0.383054 0.651559
vt 0.383107 0.667890
vt 0.388628 0.651827
vt 0.387094 0.668082
vt 0.068161 0.750644
vt 0.084036 0.747447
vt 0.085020 0.751316
vt 0.069539 0.756054
vt 0.939213 0.065922
vt 0.939232 0.047388
vt 0.924133 0.065908
vt 0.924171 0.047375
vt 0.908879 0.140144
vt 0.908915 0.121555
vt 0.908845 0.158751
vt 0.893696 0.158712
vt 0.893740 0.140106
vt 0.893788 0.121519
vt 0.908750 0.214679
vt 0.908782 0.196018
vt 0.908718 0.233358
vt 0.893528 0.233311
vt 0.893571 0.214635
vt 0.893612 0.195976
vt 0.908610 0.289495
vt 0.908648 0.270766
vt 0.908567 0.308239
vt 0.893330 0.308186
vt 0.893386 0.289443
vt 0.893437 0.270716
vt 0.908400 0.364554
vt 0.908465 0.345770
vt 0.908321 0.383348
vt 0.893005 0.383288
vt 0.893110 0.364495
vt 0.893195 0.345713
vt 0.035490 0.776187
vt 0.017204 0.783732
vt 0.053619 0.768694
vt 0.056824 0.775439
vt 0.039500 0.784667
vt 0.022021 0.793961
vt 0.401548 0.614452
vt 0.397830 0.633708
vt 0.405284 0.595034
vt 0.416264 0.597707
vt 0.410654 0.616686
vt 0.405076 0.635499
vt 0.908954 0.102982
vt 0.908999 0.084426
vt 0.893839 0.102948
vt 0.893899 0.084393
vt 0.908813 0.177376
vt 0.893654 0.177335
vt 0.908684 0.252053
vt 0.893484 0.252005
vt 0.908520 0.326998
vt 0.893267 0.326943
vt 0.908221 0.402151
vt 0.908112 0.420958
vt 0.892730 0.420896
vt 0.892874 0.402090
vt 0.394149 0.652639
vt 0.391042 0.668663
vt 0.399565 0.653984
vt 0.394914 0.669626
vt 0.071437 0.761304
vt 0.086378 0.755070
vt 0.088095 0.758672
vt 0.073838 0.766344
vt 0.909052 0.065885
vt 0.909108 0.047352
vt 0.893968 0.065853
vt 0.894043 0.047322
vt 0.878602 0.140059
vt 0.878660 0.121473
vt 0.878547 0.158662
vt 0.863398 0.158602
vt 0.863462 0.140002
vt 0.863531 0.121418
vt 0.878393 0.214578
vt 0.878444 0.195922
vt 0.878340 0.233253
vt 0.863154 0.233182
vt 0.863216 0.214511
vt 0.863276 0.195857
vt 0.878165 0.289378
vt 0.878228 0.270653
vt 0.878096 0.308118
vt 0.862867 0.308037
vt 0.862948 0.289299
vt 0.863022 0.270577
vt 0.877825 0.364421
vt 0.877930 0.345641
vt 0.877696 0.383212
vt 0.862396 0.383121
vt 0.862548 0.364332
vt 0.862671 0.345554
vt 0.044324 0.792720
vt 0.027822 0.803680
vt 0.060675 0.781841
vt 0.065133 0.787840
vt 0.049915 0.800270
vt 0.034550 0.812797
vt 0.419504 0.619801
vt 0.412116 0.637992
vt 0.426941 0.601446
vt 0.437215 0.606212
vt 0.428016 0.623768
vt 0.418882 0.641160
vt 0.878724 0.102904
vt 0.878797 0.084350
vt 0.863606 0.102851
vt 0.863693 0.084300
vt 0.878495 0.177283
vt 0.863337 0.177221
vt 0.878286 0.251944
vt 0.863090 0.251871
vt 0.878019 0.326873
vt 0.862776 0.326789
vt 0.877535 0.402012
vt 0.877358 0.420816
vt 0.861998 0.420721
vt 0.862207 0.401919
vt 0.404825 0.655853
vt 0.398673 0.670964
vt 0.409878 0.658226
vt 0.402284 0.672663
vt 0.076721 0.771125
vt 0.090158 0.762089
vt 0.092544 0.765288
vt 0.080058 0.775603
vt 0.878883 0.065813
vt 0.878975 0.047282
vt 0.863794 0.065764
vt 0.863902 0.047235
vt 0.848323 0.139935
vt 0.848401 0.121354
vt 0.848250 0.158533
vt 0.833101 0.158455
vt 0.833183 0.139860
vt 0.833270 0.121283
vt 0.848041 0.214432
vt 0.848110 0.195781
vt 0.847971 0.233100
vt 0.832790 0.233008
vt 0.832869 0.214344
vt 0.832946 0.195696
vt 0.847736 0.289208
vt 0.847820 0.270489
vt 0.847643 0.307942
vt 0.832425 0.307836
vt 0.832528 0.289105
vt 0.832622 0.270389
vt 0.847279 0.364229
vt 0.847419 0.345454
vt 0.847106 0.383015
vt 0.831827 0.382896
vt 0.832019 0.364113
vt 0.832176 0.345341
vt 0.056223 0.807240
vt 0.042147 0.821219
vt 0.070160 0.793374
vt 0.075707 0.798393
vt 0.063188 0.813566
vt 0.050539 0.828866
vt 0.436104 0.628553
vt 0.425308 0.644978
vt 0.446982 0.611969
vt 0.456149 0.618659
vt 0.443692 0.634109
vt 0.431334 0.649407
vt 0.848487 0.102790
vt 0.848585 0.084241
vt 0.833366 0.102721
vt 0.833475 0.084175
vt 0.848179 0.177148
vt 0.833023 0.177067
vt 0.847898 0.251786
vt 0.832708 0.251690
vt 0.847539 0.326691
vt 0.832310 0.326582
vt 0.846890 0.401811
vt 0.846652 0.420611
vt 0.831322 0.420487
vt 0.831587 0.401689
vt 0.414675 0.661084
vt 0.405711 0.674708
vt 0.419171 0.664399
vt 0.408922 0.677079
vt 0.083818 0.779733
vt 0.095233 0.768238
vt 0.098198 0.770910
vt 0.087965 0.783476
vt 0.848701 0.065707
vt 0.848825 0.047181
vt 0.833604 0.065643
vt 0.833743 0.047119
vt 0.818042 0.139778
vt 0.818137 0.121203
vt 0.817952 0.158369
vt 0.802804 0.158276
vt 0.802900 0.139688
vt 0.803002 0.121118
vt 0.817699 0.214246
vt 0.817783 0.195603
vt 0.817613 0.232907
vt 0.802439 0.232797
vt 0.802531 0.214140
vt 0.802621 0.195501
vt 0.817327 0.288991
vt 0.817429 0.270280
vt 0.817214 0.307718
vt 0.802010 0.307591
vt 0.802131 0.288868
vt 0.802241 0.270161
vt 0.816771 0.363985
vt 0.816942 0.345216
vt 0.816561 0.382765
vt 0.801308 0.382623
vt 0.801534 0.363847
vt 0.801718 0.345081
vt 0.070746 0.819180
vt 0.059651 0.835658
vt 0.081722 0.802845
vt 0.088148 0.806688
vt 0.078823 0.824032
vt 0.069394 0.841532
vt 0.450704 0.640389
vt 0.436897 0.654409
vt 0.464625 0.626224
vt 0.472327 0.634591
vt 0.457072 0.647330
vt 0.441947 0.659934
vt 0.818242 0.102645
vt 0.818362 0.084102
vt 0.803115 0.102563
vt 0.803244 0.084022
vt 0.817867 0.176977
vt 0.802712 0.176880
vt 0.817523 0.251585
vt 0.802343 0.251470
vt 0.817088 0.326460
vt 0.801874 0.326329
vt 0.816299 0.401555
vt 0.816010 0.420350
vt 0.800717 0.420202
vt 0.801027 0.401410
vt 0.423321 0.668139
vt 0.411884 0.679754
vt 0.427085 0.672269
vt 0.414571 0.682706
vt 0.092461 0.786794
vt 0.101412 0.773278
vt 0.104842 0.775320
vt 0.097261 0.789657
vt 0.818502 0.065573
vt 0.818654 0.047051
vt 0.803396 0.065496
vt 0.803559 0.046977
vt 0.787757 0.139593
vt 0.787866 0.121026
vt 0.787655 0.158176
vt 0.772507 0.158071
vt 0.772614 0.139492
vt 0.772728 0.120929
vt 0.787366 0.214027
vt 0.787462 0.195393
vt 0.787268 0.232679
vt 0.772102 0.232555
vt 0.772204 0.213908
vt 0.772304 0.195279
vt 0.786942 0.288737
vt 0.787059 0.270034
vt 0.786814 0.307456
vt 0.771626 0.307313
vt 0.771760 0.288599
vt 0.771882 0.269901
vt 0.786309 0.363699
vt 0.786504 0.344937
vt 0.786071 0.382472
vt 0.770849 0.382312
vt 0.771098 0.363543
vt 0.771302 0.344786
vt 0.087346 0.828067
vt 0.079678 0.846423
vt 0.094923 0.809881
vt 0.101982 0.812395
vt 0.096230 0.831250
vt 0.090405 0.850287
vt 0.462730 0.654871
vt 0.446431 0.665933
vt 0.479177 0.643686
vt 0.485109 0.653420
vt 0.467626 0.662936
vt 0.450305 0.672345
vt 0.787986 0.102475
vt 0.788123 0.083938
vt 0.772853 0.102382
vt 0.772997 0.083849
vt 0.787558 0.176776
vt 0.772405 0.176666
vt 0.787166 0.251348
vt 0.771995 0.251220
vt 0.786670 0.326189
vt 0.771476 0.326042
vt 0.785773 0.401255
vt 0.785446 0.420044
vt 0.770195 0.419877
vt 0.770538 0.401092
vt 0.430425 0.676750
vt 0.416954 0.685909
vt 0.433311 0.681538
vt 0.419012 0.689329
vt 0.102321 0.792034
vt 0.108456 0.777015
vt 0.112219 0.778348
vt 0.107590 0.793903
vt 0.788284 0.065415
vt 0.788457 0.046898
vt 0.773166 0.065329
vt 0.773347 0.046815
vt 0.757469 0.139387
vt 0.757588 0.120829
vt 0.757359 0.157962
vt 0.742211 0.157849
vt 0.742324 0.139279
vt 0.742445 0.120725
vt 0.757045 0.213785
vt 0.757149 0.195160
vt 0.756939 0.232426
vt 0.741781 0.232294
vt 0.741889 0.213657
vt 0.741996 0.195038
vt 0.756586 0.288455
vt 0.756712 0.269762
vt 0.756447 0.307164
vt 0.741277 0.307011
vt 0.741419 0.288307
vt 0.741548 0.269619
vt 0.755901 0.363381
vt 0.756112 0.344628
vt 0.755643 0.382146
vt 0.740454 0.381976
vt 0.740718 0.363214
vt 0.740933 0.344466
vt 0.105392 0.833542
vt 0.101474 0.853077
vt 0.109258 0.814199
vt 0.116678 0.815279
vt 0.114744 0.834921
vt 0.112781 0.854767
vt 0.471705 0.671453
vt 0.453529 0.679111
vt 0.490058 0.663704
vt 0.493978 0.674442
vt 0.474928 0.680339
vt 0.456071 0.686165
vt 0.757717 0.102285
vt 0.757866 0.083756
vt 0.742578 0.102186
vt 0.742731 0.083660
vt 0.757253 0.176553
vt 0.742102 0.176435
vt 0.756829 0.251086
vt 0.741667 0.250948
vt 0.756291 0.325889
vt 0.741117 0.325731
vt 0.755322 0.400923
vt 0.754968 0.419705
vt 0.739764 0.419527
vt 0.740125 0.400748
vt 0.435710 0.686588
vt 0.420723 0.692935
vt 0.437600 0.691850
vt 0.422073 0.696691
vt 0.113019 0.795243
vt 0.116095 0.779304
vt 0.120045 0.779875
vt 0.118552 0.796043
vt 0.758041 0.065239
vt 0.758229 0.046729
vt 0.742910 0.065147
vt 0.743103 0.046640
vt 0.727178 0.139169
vt 0.727301 0.120619
vt 0.727063 0.157734
vt 0.711915 0.157619
vt 0.712030 0.139058
vt 0.712154 0.120513
vt 0.726736 0.213527
vt 0.726844 0.194913
vt 0.726626 0.232159
vt 0.711476 0.232022
vt 0.711587 0.213396
vt 0.711695 0.194787
vt 0.726260 0.288156
vt 0.726390 0.269473
vt 0.726115 0.306855
vt 0.710963 0.306698
vt 0.711108 0.288004
vt 0.711239 0.269326
vt 0.725550 0.363045
vt 0.725768 0.344300
vt 0.725283 0.381802
vt 0.710128 0.381627
vt 0.710396 0.362873
vt 0.710615 0.344133
vt 0.124196 0.835368
vt 0.124218 0.855331
vt 0.124171 0.815617
vt 0.131664 0.815223
vt 0.133651 0.834881
vt 0.135661 0.854755
vt 0.477257 0.689510
vt 0.457902 0.693438
vt 0.496820 0.685534
vt 0.498547 0.696861
vt 0.478674 0.698871
vt 0.459016 0.700858
vt 0.727436 0.102084
vt 0.727591 0.083562
vt 0.712290 0.101982
vt 0.712445 0.083463
vt 0.726952 0.176315
vt 0.711804 0.176195
vt 0.726512 0.250807
vt 0.711361 0.250666
vt 0.725954 0.325570
vt 0.710801 0.325408
vt 0.724950 0.400571
vt 0.724584 0.419346
vt 0.709428 0.419163
vt 0.709794 0.400392
vt 0.438960 0.697272
vt 0.423045 0.700561
vt 0.439788 0.702802
vt 0.423637 0.704507
vt 0.124137 0.796290
vt 0.124031 0.780053
vt 0.128016 0.779844
vt 0.129721 0.795995
vt 0.727773 0.065052
vt 0.727969 0.046549
vt 0.712629 0.064957
vt 0.712826 0.046457
vt 0.696881 0.138947
vt 0.697005 0.120406
vt 0.696767 0.157503
vt 0.681619 0.157388
vt 0.681732 0.138837
vt 0.681853 0.120301
vt 0.696441 0.213265
vt 0.696549 0.194661
vt 0.696330 0.231886
vt 0.681189 0.231751
vt 0.681297 0.213135
vt 0.681404 0.194536
vt 0.695964 0.287852
vt 0.696095 0.269179
vt 0.695821 0.306541
vt 0.680687 0.306385
vt 0.680828 0.287701
vt 0.680957 0.269034
vt 0.695256 0.362702
vt 0.695474 0.343967
vt 0.694991 0.381452
vt 0.679870 0.381279
vt 0.680132 0.362533
vt 0.680345 0.343802
vt 0.143012 0.833465
vt 0.146988 0.853027
vt 0.139084 0.814109
vt 0.146357 0.812279
vt 0.152183 0.831136
vt 0.158080 0.850185
vt 0.479160 0.708326
vt 0.459409 0.708351
vt 0.499123 0.708305
vt 0.498560 0.719742
vt 0.478714 0.717778
vt 0.459071 0.715844
vt 0.697140 0.101879
vt 0.697295 0.083365
vt 0.681987 0.101778
vt 0.682140 0.083267
vt 0.696657 0.176074
vt 0.681510 0.175954
vt 0.696216 0.250524
vt 0.681076 0.250384
vt 0.695659 0.325246
vt 0.680528 0.325086
vt 0.694659 0.400214
vt 0.694296 0.418981
vt 0.679187 0.418801
vt 0.679545 0.400037
vt 0.440083 0.708385
vt 0.423846 0.708491
vt 0.439835 0.713970
vt 0.423667 0.712478
vt 0.135250 0.795167
vt 0.131962 0.779252
vt 0.135831 0.778280
vt 0.140673 0.793807
vt 0.697478 0.064862
vt 0.697674 0.046365
vt 0.682320 0.064768
vt 0.682513 0.046274
vt 0.666581 0.138729
vt 0.666700 0.120197
vt 0.666471 0.157275
vt 0.651323 0.157166
vt 0.651429 0.138624
vt 0.651544 0.120096
vt 0.666157 0.213008
vt 0.666261 0.194414
vt 0.666051 0.231619
vt 0.650918 0.231490
vt 0.651020 0.212885
vt 0.651120 0.194296
vt 0.665700 0.287553
vt 0.665825 0.268891
vt 0.665562 0.306233
vt 0.650446 0.306085
vt 0.650579 0.287410
vt 0.650700 0.268753
vt 0.665021 0.362368
vt 0.665230 0.343641
vt 0.664767 0.381109
vt 0.649679 0.380945
vt 0.649925 0.362207
vt 0.650125 0.343484
vt 0.161069 0.827912
vt 0.168817 0.846266
vt 0.153411 0.809736
vt 0.160177 0.806513
vt 0.169586 0.823833
vt 0.179102 0.841316
vt 0.477334 0.727130
vt 0.457992 0.723265
vt 0.496870 0.731048
vt 0.494080 0.742117
vt 0.475043 0.736293
vt 0.456187 0.730540
vt 0.666830 0.101678
vt 0.666979 0.083171
vt 0.651669 0.101581
vt 0.651814 0.083078
vt 0.666365 0.175837
vt 0.651220 0.175723
vt 0.665941 0.250246
vt 0.650812 0.250113
vt 0.665407 0.324929
vt 0.650297 0.324776
vt 0.664450 0.399864
vt 0.664102 0.418625
vt 0.649039 0.418454
vt 0.649374 0.399696
vt 0.439036 0.719504
vt 0.423096 0.716428
vt 0.437696 0.724932
vt 0.422141 0.720303
vt 0.145934 0.791917
vt 0.139587 0.776931
vt 0.143194 0.775220
vt 0.150984 0.789518
vt 0.667155 0.064675
vt 0.667344 0.046184
vt 0.651983 0.064585
vt 0.652166 0.046097
vt 0.636276 0.138524
vt 0.636386 0.120000
vt 0.636175 0.157062
vt 0.621027 0.156962
vt 0.621123 0.138428
vt 0.621226 0.119908
vt 0.635886 0.212766
vt 0.635981 0.194182
vt 0.635788 0.231367
vt 0.620663 0.231250
vt 0.620754 0.212654
vt 0.620844 0.194074
vt 0.635465 0.287273
vt 0.635580 0.268620
vt 0.635338 0.305943
vt 0.620238 0.305809
vt 0.620358 0.287143
vt 0.620466 0.268495
vt 0.634841 0.362053
vt 0.635032 0.343334
vt 0.634608 0.380787
vt 0.619551 0.380638
vt 0.619771 0.361907
vt 0.619950 0.343191
vt 0.177652 0.818938
vt 0.188836 0.835385
vt 0.166590 0.802638
vt 0.172588 0.798155
vt 0.185192 0.813279
vt 0.197931 0.828535
vt 0.471860 0.745177
vt 0.453674 0.737599
vt 0.490216 0.752844
vt 0.485324 0.763129
vt 0.467824 0.753699
vt 0.450481 0.744375
vt 0.636506 0.101488
vt 0.636643 0.082989
vt 0.621339 0.101400
vt 0.621469 0.082904
vt 0.636077 0.175614
vt 0.620934 0.175510
vt 0.635687 0.249985
vt 0.620567 0.249864
vt 0.635196 0.324630
vt 0.620104 0.324492
vt 0.634317 0.399536
vt 0.633998 0.418291
vt 0.618977 0.418136
vt 0.619277 0.399383
vt 0.435827 0.730201
vt 0.420808 0.724066
vt 0.433450 0.735261
vt 0.419112 0.727681
vt 0.155772 0.786633
vt 0.146614 0.773161
vt 0.149816 0.770778
vt 0.160254 0.783292
vt 0.636806 0.064499
vt 0.636980 0.046014
vt 0.621622 0.064417
vt 0.621786 0.045935
vt 0.605968 0.138339
vt 0.606063 0.119822
vt 0.605878 0.156869
vt 0.590730 0.156783
vt 0.590812 0.138257
vt 0.590900 0.119743
vt 0.605625 0.212549
vt 0.605709 0.193973
vt 0.605540 0.231141
vt 0.590421 0.231040
vt 0.590499 0.212452
vt 0.590575 0.193880
vt 0.605257 0.287021
vt 0.605358 0.268377
vt 0.605146 0.305683
vt 0.590060 0.305567
vt 0.590162 0.286909
vt 0.590254 0.268269
vt 0.604712 0.361771
vt 0.604879 0.343058
vt 0.604508 0.380498
vt 0.589477 0.380370
vt 0.589664 0.361645
vt 0.589816 0.342936
vt 0.192133 0.806911
vt 0.206298 0.820832
vt 0.178113 0.793105
vt 0.183115 0.787541
vt 0.198413 0.799900
vt 0.213864 0.812357
vt 0.462973 0.761776
vt 0.446638 0.750800
vt 0.479451 0.772872
vt 0.472658 0.781984
vt 0.457358 0.769334
vt 0.442185 0.756816
vt 0.606169 0.101318
vt 0.606290 0.082824
vt 0.590996 0.101242
vt 0.591106 0.082751
vt 0.605793 0.175414
vt 0.590652 0.175324
vt 0.605452 0.249750
vt 0.590340 0.249646
vt 0.605022 0.324362
vt 0.589947 0.324243
vt 0.604254 0.399241
vt 0.603975 0.417991
vt 0.588991 0.417857
vt 0.589246 0.399110
vt 0.430587 0.740061
vt 0.417070 0.731111
vt 0.427268 0.744557
vt 0.414702 0.734324
vt 0.164383 0.779528
vt 0.152768 0.768091
vt 0.155443 0.765129
vt 0.168124 0.775378
vt 0.606432 0.064340
vt 0.606585 0.045861
vt 0.591237 0.064269
vt 0.591377 0.045792
vt 0.575655 0.138182
vt 0.575734 0.119672
vt 0.575582 0.156705
vt 0.560434 0.156637
vt 0.560498 0.138116
vt 0.560567 0.119608
vt 0.575374 0.212364
vt 0.575443 0.193796
vt 0.575304 0.230949
vt 0.560191 0.230868
vt 0.560252 0.212286
vt 0.560312 0.193721
vt 0.575072 0.286807
vt 0.575155 0.268170
vt 0.574981 0.305462
vt 0.559908 0.305369
vt 0.559987 0.286717
vt 0.560060 0.268083
vt 0.574626 0.361531
vt 0.574763 0.342824
vt 0.574459 0.380253
vt 0.559451 0.380150
vt 0.559597 0.361430
vt 0.559717 0.342726
vt 0.203969 0.792312
vt 0.220553 0.803190
vt 0.187544 0.781516
vt 0.191362 0.775090
vt 0.208755 0.784224
vt 0.226310 0.793423
vt 0.451033 0.776299
vt 0.437167 0.762362
vt 0.465011 0.790376
vt 0.456590 0.797973
vt 0.444062 0.782608
vt 0.431632 0.767389
vt 0.575820 0.101173
vt 0.575920 0.082684
vt 0.560642 0.101112
vt 0.560729 0.082625
vt 0.575512 0.175243
vt 0.560372 0.175171
vt 0.575232 0.249551
vt 0.560127 0.249467
vt 0.574880 0.324135
vt 0.559819 0.324039
vt 0.574251 0.398991
vt 0.574023 0.417736
vt 0.559070 0.417629
vt 0.559269 0.398885
vt 0.423525 0.748704
vt 0.412030 0.737289
vt 0.419396 0.752465
vt 0.409081 0.739979
vt 0.171438 0.770882
vt 0.157814 0.761918
vt 0.159859 0.758492
vt 0.174296 0.766086
vt 0.576037 0.064205
vt 0.576163 0.045730
vt 0.560832 0.064148
vt 0.560942 0.045675
vt 0.545340 0.138059
vt 0.545398 0.119553
vt 0.545285 0.156577
vt 0.530137 0.156528
vt 0.530181 0.138011
vt 0.530229 0.119507
vt 0.545131 0.212219
vt 0.545182 0.193656
vt 0.545079 0.230798
vt 0.529970 0.230740
vt 0.530012 0.212163
vt 0.530053 0.193602
vt 0.544907 0.286640
vt 0.544968 0.268008
vt 0.544839 0.305289
vt 0.528596 0.306915
vt 0.529830 0.286575
vt 0.529880 0.267945
vt 0.544576 0.361342
vt 0.544677 0.342641
vt 0.544452 0.380061
vt 0.528075 0.378641
vt 0.531060 0.359733
vt 0.531780 0.342710
vt 0.212721 0.775713
vt 0.231076 0.783150
vt 0.194530 0.768324
vt 0.197023 0.761284
vt 0.215837 0.766862
vt 0.234815 0.772473
vt 0.436513 0.788198
vt 0.425634 0.771848
vt 0.447473 0.804701
vt 0.437754 0.810502
vt 0.428460 0.793023
vt 0.419232 0.775698
vt 0.545462 0.101059
vt 0.545536 0.082575
vt 0.530281 0.101015
vt 0.530341 0.082532
vt 0.545233 0.175109
vt 0.530095 0.175058
vt 0.545025 0.249394
vt 0.529926 0.249334
vt 0.544764 0.323956
vt 0.531525 0.325850
vt 0.544298 0.398795
vt 0.544129 0.417537
vt 0.529199 0.417460
vt 0.529336 0.398719
vt 0.414918 0.755801
vt 0.405882 0.742365
vt 0.410137 0.758685
vt 0.402465 0.744428
vt 0.176670 0.761033
vt 0.161559 0.754881
vt 0.162897 0.751122
vt 0.178539 0.755773
vt 0.545623 0.064099
vt 0.545717 0.045628
vt 0.530411 0.064058
vt 0.530487 0.045588
vt 0.515022 0.137974
vt 0.515058 0.119471
vt 0.514988 0.156488
vt 0.502485 0.156308
vt 0.501887 0.138973
vt 0.498638 0.120304
vt 0.514893 0.212119
vt 0.514925 0.193560
vt 0.514862 0.230694
vt 0.499755 0.230661
vt 0.499776 0.212087
vt 0.498843 0.192236
vt 0.514755 0.286524
vt 0.514793 0.267896
vt 0.513319 0.303583
vt 0.499659 0.303031
vt 0.499683 0.286487
vt 0.499709 0.267861
vt 0.477312 0.331588
vt 0.467725 0.325717
vt 0.470717 0.306798
vt 0.480638 0.320399
vt 0.484575 0.326061
vt 0.482098 0.330762
vt 0.481635 0.333118
vt 0.479794 0.334858
vt 0.479726 0.337722
vt 0.478794 0.338493
vt 0.478204 0.342843
vt 0.475570 0.342669
vt 0.467294 0.342497
vt 0.218070 0.757756
vt 0.237489 0.761493
vt 0.198815 0.754038
vt 0.199893 0.746654
vt 0.219408 0.748484
vt 0.239081 0.750319
vt 0.419980 0.797033
vt 0.412487 0.778903
vt 0.427525 0.815319
vt 0.416889 0.819114
vt 0.411158 0.800198
vt 0.405465 0.781437
vt 0.515098 0.100980
vt 0.515143 0.082499
vt 0.499913 0.100955
vt 0.499944 0.082475
vt 0.514956 0.175017
vt 0.502191 0.173428
vt 0.514828 0.249287
vt 0.499732 0.249252
vt 0.508470 0.370272
vt 0.517058 0.366906
vt 0.512955 0.382193
vt 0.499420 0.382292
vt 0.499244 0.370793
vt 0.499467 0.365972
vt 0.503452 0.365757
vt 0.504656 0.364304
vt 0.507211 0.364830
vt 0.511424 0.363031
vt 0.514381 0.398660
vt 0.514277 0.417400
vt 0.499362 0.417356
vt 0.499432 0.398617
vt 0.405097 0.761085
vt 0.398863 0.746145
vt 0.399847 0.762984
vt 0.395109 0.747503
vt 0.179884 0.750357
vt 0.163860 0.747250
vt 0.164441 0.743302
vt 0.180695 0.744836
vt 0.515197 0.064026
vt 0.515254 0.045557
vt 0.499980 0.064003
vt 0.500019 0.045535
vt 0.479888 0.185138
vt 0.490053 0.180823
vt 0.483472 0.196053
vt 0.469543 0.196482
vt 0.469543 0.186873
vt 0.469543 0.184077
vt 0.473805 0.183550
vt 0.474861 0.182547
vt 0.477668 0.182529
vt 0.479845 0.180414
vt 0.482198 0.179829
vt 0.486941 0.176689
vt 0.484659 0.212068
vt 0.484648 0.230641
vt 0.469543 0.230635
vt 0.469543 0.212062
vt 0.484613 0.286465
vt 0.484625 0.267839
vt 0.485999 0.303528
vt 0.469543 0.286458
vt 0.469543 0.267832
vt 0.521913 0.331682
vt 0.518626 0.320477
vt 0.523162 0.343075
vt 0.520865 0.343011
vt 0.520405 0.338582
vt 0.519476 0.337807
vt 0.519418 0.334942
vt 0.517584 0.333195
vt 0.517129 0.330836
vt 0.514669 0.326124
vt 0.219834 0.739133
vt 0.239575 0.739058
vt 0.200247 0.739202
vt 0.199868 0.731754
vt 0.219351 0.729788
vt 0.238983 0.727808
vt 0.402077 0.802485
vt 0.398231 0.783272
vt 0.405948 0.821849
vt 0.394801 0.823517
vt 0.392820 0.803879
vt 0.390854 0.784390
vt 0.484728 0.100940
vt 0.484744 0.082460
vt 0.483301 0.116260
vt 0.469543 0.116054
vt 0.469543 0.100935
vt 0.469543 0.082455
vt 0.446284 0.142035
vt 0.437199 0.138973
vt 0.440447 0.120304
vt 0.450795 0.129448
vt 0.456107 0.131227
vt 0.452578 0.136125
vt 0.451401 0.137857
vt 0.448587 0.140839
vt 0.447703 0.143830
vt 0.446326 0.146087
vt 0.445982 0.149632
vt 0.445572 0.150610
vt 0.444949 0.156051
vt 0.443814 0.155833
vt 0.436601 0.156308
vt 0.484637 0.249232
vt 0.469543 0.249225
vt 0.399483 0.368358
vt 0.395877 0.381815
vt 0.380680 0.378502
vt 0.389904 0.365172
vt 0.393214 0.359635
vt 0.397467 0.362124
vt 0.399601 0.362324
vt 0.401579 0.364437
vt 0.404292 0.364189
vt 0.405343 0.365356
vt 0.409474 0.366071
vt 0.409288 0.370894
vt 0.409566 0.382393
vt 0.484486 0.398591
vt 0.485749 0.381622
vt 0.484452 0.417330
vt 0.469543 0.417321
vt 0.469543 0.398583
vt 0.470603 0.378212
vt 0.394437 0.764361
vt 0.391239 0.748486
vt 0.388918 0.765199
vt 0.387292 0.749085
vt 0.180964 0.739262
vt 0.164632 0.739315
vt 0.164431 0.735329
vt 0.180683 0.733689
vt 0.484762 0.063989
vt 0.484781 0.045521
vt 0.469543 0.063984
vt 0.469543 0.045516
vt 0.454426 0.212068
vt 0.455614 0.196053
vt 0.454437 0.230641
vt 0.439331 0.230661
vt 0.439310 0.212087
vt 0.440243 0.192236
vt 0.454473 0.286465
vt 0.454460 0.267839
vt 0.454487 0.305109
vt 0.438259 0.306831
vt 0.439402 0.286487
vt 0.439377 0.267861
vt 0.454542 0.361147
vt 0.454521 0.342450
vt 0.467603 0.359291
vt 0.454567 0.379861
vt 0.438190 0.378550
vt 0.441027 0.359625
vt 0.441635 0.342601
vt 0.217958 0.720536
vt 0.237316 0.716667
vt 0.198751 0.724380
vt 0.196917 0.717150
vt 0.215673 0.711459
vt 0.234583 0.705732
vt 0.383471 0.804362
vt 0.383402 0.784768
vt 0.383545 0.824109
vt 0.372278 0.823614
vt 0.374116 0.803935
vt 0.375947 0.784414
vt 0.454358 0.100940
vt 0.454342 0.082460
vt 0.455785 0.116260
vt 0.439173 0.100955
vt 0.439142 0.082475
vt 0.492802 0.142035
vt 0.488290 0.129448
vt 0.495272 0.155833
vt 0.494137 0.156051
vt 0.493513 0.150610
vt 0.493104 0.149632
vt 0.492760 0.146087
vt 0.491383 0.143830
vt 0.490499 0.140839
vt 0.487685 0.137857
vt 0.486507 0.136125
vt 0.482979 0.131227
vt 0.454448 0.249232
vt 0.439353 0.249252
vt 0.454503 0.323770
vt 0.441283 0.325745
vt 0.454599 0.398591
vt 0.454634 0.417330
vt 0.439724 0.417356
vt 0.439654 0.398617
vt 0.383343 0.765480
vt 0.383305 0.749287
vt 0.377766 0.765212
vt 0.379317 0.749096
vt 0.179846 0.728173
vt 0.163832 0.731383
vt 0.162848 0.727515
vt 0.178469 0.722765
vt 0.454324 0.063989
vt 0.454305 0.045521
vt 0.439106 0.064003
vt 0.439067 0.045535
vt 0.424064 0.137974
vt 0.424028 0.119471
vt 0.424097 0.156488
vt 0.408949 0.156528
vt 0.408905 0.138011
vt 0.408857 0.119507
vt 0.424192 0.212119
vt 0.424161 0.193560
vt 0.424224 0.230694
vt 0.409116 0.230740
vt 0.409074 0.212163
vt 0.409033 0.193602
vt 0.424330 0.286524
vt 0.424293 0.267896
vt 0.422969 0.303592
vt 0.409361 0.302996
vt 0.409256 0.286575
vt 0.409206 0.267945
vt 0.389022 0.330668
vt 0.377942 0.325717
vt 0.380690 0.306777
vt 0.392414 0.318839
vt 0.398649 0.322965
vt 0.395858 0.327164
vt 0.395078 0.328621
vt 0.392354 0.330678
vt 0.391635 0.333198
vt 0.390071 0.334789
vt 0.389750 0.337815
vt 0.389091 0.338432
vt 0.388162 0.343003
vt 0.385889 0.342629
vt 0.377239 0.342723
vt 0.212511 0.702641
vt 0.230792 0.695101
vt 0.194385 0.710130
vt 0.191183 0.703387
vt 0.208503 0.694165
vt 0.225979 0.684877
vt 0.364839 0.802596
vt 0.368560 0.783335
vt 0.361098 0.822020
vt 0.350114 0.819343
vt 0.355730 0.800360
vt 0.361311 0.781542
vt 0.423988 0.100980
vt 0.423943 0.082499
vt 0.408805 0.101015
vt 0.408745 0.082532
vt 0.424129 0.175017
vt 0.436895 0.173428
vt 0.408991 0.175058
vt 0.424257 0.249287
vt 0.409160 0.249334
vt 0.418513 0.370312
vt 0.427078 0.366889
vt 0.423105 0.382203
vt 0.413459 0.365830
vt 0.414653 0.364370
vt 0.417213 0.364878
vt 0.421414 0.363052
vt 0.424705 0.398660
vt 0.424809 0.417400
vt 0.409887 0.417460
vt 0.409750 0.398719
vt 0.372243 0.764400
vt 0.375368 0.748515
vt 0.366825 0.763054
vt 0.371494 0.747552
vt 0.176571 0.717517
vt 0.161491 0.723763
vt 0.159774 0.720161
vt 0.174171 0.712479
vt 0.423889 0.064026
vt 0.423831 0.045557
vt 0.408674 0.064058
vt 0.408598 0.045588
vt 0.393746 0.138059
vt 0.393687 0.119553
vt 0.393800 0.156577
vt 0.378652 0.156637
vt 0.378588 0.138116
vt 0.378519 0.119608
vt 0.393955 0.212219
vt 0.393904 0.193656
vt 0.394007 0.230798
vt 0.378895 0.230868
vt 0.378834 0.212286
vt 0.378774 0.193721
vt 0.394179 0.286640
vt 0.394118 0.268008
vt 0.395870 0.303196
vt 0.379098 0.286717
vt 0.379026 0.268083
vt 0.431706 0.331636
vt 0.428358 0.320453
vt 0.433021 0.343020
vt 0.430722 0.342970
vt 0.430236 0.338546
vt 0.429302 0.337776
vt 0.429228 0.334912
vt 0.427384 0.333176
vt 0.426917 0.330820
vt 0.424430 0.326125
vt 0.203683 0.686114
vt 0.220183 0.675161
vt 0.187334 0.696987
vt 0.182878 0.690990
vt 0.198096 0.678566
vt 0.213460 0.666047
vt 0.346875 0.797241
vt 0.354269 0.779047
vt 0.339432 0.815600
vt 0.329155 0.810829
vt 0.338361 0.793271
vt 0.347502 0.775877
vt 0.393623 0.101059
vt 0.393550 0.082575
vt 0.378443 0.101112
vt 0.378356 0.082625
vt 0.393853 0.175109
vt 0.378713 0.175171
vt 0.394061 0.249394
vt 0.378959 0.249467
vt 0.394788 0.398795
vt 0.394957 0.417537
vt 0.380016 0.417629
vt 0.379817 0.398886
vt 0.361564 0.761184
vt 0.367735 0.746214
vt 0.356510 0.758809
vt 0.364124 0.744514
vt 0.171290 0.707699
vt 0.157712 0.716744
vt 0.155326 0.713546
vt 0.167955 0.703221
vt 0.393462 0.064099
vt 0.393369 0.045628
vt 0.378254 0.064148
vt 0.378143 0.045675
vt 0.363431 0.138182
vt 0.363352 0.119672
vt 0.363504 0.156705
vt 0.348355 0.156783
vt 0.348274 0.138257
vt 0.348186 0.119743
vt 0.363711 0.212364
vt 0.363643 0.193796
vt 0.363781 0.230949
vt 0.348665 0.231040
vt 0.348587 0.212452
vt 0.348510 0.193880
vt 0.364014 0.286808
vt 0.363931 0.268170
vt 0.364105 0.305462
vt 0.349025 0.305567
vt 0.348924 0.286909
vt 0.348832 0.268269
vt 0.364460 0.361531
vt 0.364323 0.342824
vt 0.377534 0.359594
vt 0.364627 0.380253
vt 0.349609 0.380370
vt 0.349422 0.361645
vt 0.349269 0.342936
vt 0.191792 0.671597
vt 0.205869 0.657626
vt 0.177854 0.685456
vt 0.172311 0.680437
vt 0.184832 0.665272
vt 0.197483 0.649979
vt 0.330271 0.788481
vt 0.341074 0.772056
vt 0.319386 0.805067
vt 0.310217 0.798371
vt 0.322682 0.782921
vt 0.335049 0.767624
vt 0.363265 0.101173
vt 0.363166 0.082684
vt 0.348090 0.101242
vt 0.347979 0.082751
vt 0.363574 0.175243
vt 0.348434 0.175324
vt 0.363854 0.249551
vt 0.348746 0.249646
vt 0.364206 0.324135
vt 0.349139 0.324243
vt 0.364835 0.398991
vt 0.365062 0.417736
vt 0.350095 0.417857
vt 0.349840 0.399110
vt 0.351713 0.755949
vt 0.360697 0.742468
vt 0.347217 0.752633
vt 0.357486 0.740096
vt 0.164196 0.699092
vt 0.152637 0.710597
vt 0.149673 0.707924
vt 0.160051 0.695349
vt 0.363049 0.064205
vt 0.362923 0.045730
vt 0.347849 0.064269
vt 0.347709 0.045792
vt 0.333118 0.138339
vt 0.333022 0.119822
vt 0.333207 0.156869
vt 0.318059 0.156962
vt 0.317963 0.138428
vt 0.317860 0.119908
vt 0.333460 0.212549
vt 0.333377 0.193973
vt 0.333546 0.231141
vt 0.318423 0.231250
vt 0.318331 0.212654
vt 0.318241 0.194074
vt 0.333829 0.287021
vt 0.333728 0.268377
vt 0.333940 0.305683
vt 0.318848 0.305809
vt 0.318728 0.287143
vt 0.318619 0.268495
vt 0.334374 0.361771
vt 0.334207 0.343058
vt 0.334578 0.380498
vt 0.319535 0.380638
vt 0.319315 0.361907
vt 0.319135 0.343191
vt 0.177278 0.659656
vt 0.188377 0.643186
vt 0.166298 0.675984
vt 0.159876 0.672140
vt 0.169206 0.654803
vt 0.178641 0.637310
vt 0.315671 0.776636
vt 0.329485 0.762619
vt 0.301742 0.790799
vt 0.294041 0.782426
vt 0.309305 0.769691
vt 0.324436 0.757091
vt 0.332917 0.101318
vt 0.332796 0.082824
vt 0.317747 0.101400
vt 0.317617 0.082904
vt 0.333293 0.175414
vt 0.318151 0.175510
vt 0.333634 0.249750
vt 0.318518 0.249864
vt 0.334064 0.324362
vt 0.318981 0.324492
vt 0.334832 0.399241
vt 0.335111 0.417991
vt 0.320109 0.418136
vt 0.319809 0.399383
vt 0.343067 0.748890
vt 0.354524 0.737421
vt 0.339304 0.744759
vt 0.351838 0.734468
vt 0.155557 0.692030
vt 0.146460 0.705556
vt 0.143031 0.703513
vt 0.150758 0.689166
vt 0.332654 0.064340
vt 0.332500 0.045861
vt 0.317464 0.064417
vt 0.317299 0.045935
vt 0.302809 0.138524
vt 0.302700 0.120000
vt 0.302911 0.157062
vt 0.287763 0.157166
vt 0.287656 0.138624
vt 0.287542 0.120096
vt 0.303200 0.212766
vt 0.303104 0.194182
vt 0.303297 0.231367
vt 0.288168 0.231490
vt 0.288066 0.212885
vt 0.287965 0.194296
vt 0.303621 0.287273
vt 0.303506 0.268621
vt 0.303748 0.305943
vt 0.288640 0.306085
vt 0.288507 0.287411
vt 0.288386 0.268753
vt 0.304244 0.362053
vt 0.304053 0.343334
vt 0.304478 0.380787
vt 0.289406 0.380945
vt 0.289161 0.362207
vt 0.288960 0.343484
vt 0.160687 0.650764
vt 0.168361 0.632415
vt 0.153103 0.668945
vt 0.146046 0.666429
vt 0.151806 0.647578
vt 0.157639 0.628546
vt 0.303648 0.762147
vt 0.319954 0.751090
vt 0.287194 0.773326
vt 0.281265 0.763587
vt 0.298755 0.754077
vt 0.316081 0.744675
vt 0.302580 0.101488
vt 0.302442 0.082988
vt 0.287416 0.101581
vt 0.287272 0.083078
vt 0.303009 0.175614
vt 0.287865 0.175723
vt 0.303398 0.249985
vt 0.288274 0.250113
vt 0.303890 0.324630
vt 0.288789 0.324777
vt 0.304769 0.399536
vt 0.305088 0.418291
vt 0.290047 0.418454
vt 0.289712 0.399696
vt 0.335964 0.740276
vt 0.349455 0.731265
vt 0.333080 0.735486
vt 0.347397 0.727844
vt 0.145700 0.686788
vt 0.139417 0.701817
vt 0.135654 0.700483
vt 0.140432 0.684917
vt 0.302280 0.064499
vt 0.302105 0.046014
vt 0.287102 0.064585
vt 0.286920 0.046097
vt 0.272505 0.138729
vt 0.272386 0.120197
vt 0.272615 0.157275
vt 0.257467 0.157388
vt 0.257354 0.138837
vt 0.257232 0.120301
vt 0.272929 0.213008
vt 0.272825 0.194414
vt 0.273034 0.231619
vt 0.257897 0.231751
vt 0.257788 0.213135
vt 0.257682 0.194536
vt 0.273386 0.287554
vt 0.273261 0.268891
vt 0.273524 0.306233
vt 0.258399 0.306385
vt 0.258258 0.287701
vt 0.258129 0.269034
vt 0.274064 0.362368
vt 0.273856 0.343641
vt 0.274319 0.381109
vt 0.259215 0.381279
vt 0.258954 0.362533
vt 0.258740 0.343802
vt 0.142645 0.645283
vt 0.146572 0.625751
vt 0.138772 0.664621
vt 0.131353 0.663539
vt 0.133295 0.643898
vt 0.135268 0.624055
vt 0.294679 0.745557
vt 0.312859 0.737906
vt 0.276320 0.753298
vt 0.272406 0.742557
vt 0.291459 0.736669
vt 0.310320 0.730851
vt 0.272256 0.101678
vt 0.272107 0.083171
vt 0.257099 0.101777
vt 0.256946 0.083267
vt 0.272721 0.175837
vt 0.257576 0.175954
vt 0.273144 0.250246
vt 0.258010 0.250384
vt 0.273678 0.324929
vt 0.258557 0.325086
vt 0.274636 0.399864
vt 0.274984 0.418625
vt 0.259899 0.418801
vt 0.259541 0.400037
vt 0.330683 0.730435
vt 0.345686 0.724237
vt 0.328794 0.725173
vt 0.344338 0.720481
vt 0.135005 0.683575
vt 0.131779 0.699527
vt 0.127829 0.698955
vt 0.129472 0.682774
vt 0.271931 0.064675
vt 0.271742 0.046184
vt 0.256766 0.064767
vt 0.256573 0.046274
vt 0.408337 0.725500
vt 0.409850 0.722957
vt 0.406582 0.727882
vt 0.401497 0.723961
vt 0.402869 0.722100
vt 0.404052 0.720114
vt 0.153897 0.739364
vt 0.153746 0.736407
vt 0.153756 0.742322
vt 0.146942 0.741716
vt 0.147051 0.739405
vt 0.146933 0.737094
vt 0.123789 0.769571
vt 0.126743 0.769418
vt 0.120835 0.769436
vt 0.121214 0.762904
vt 0.123523 0.763012
vt 0.125832 0.762893
vt 0.144997 0.718061
vt 0.142798 0.716080
vt 0.146992 0.720247
vt 0.141658 0.724465
vt 0.140099 0.722756
vt 0.138380 0.721209
vt 0.102345 0.718168
vt 0.100361 0.720364
vt 0.104534 0.716177
vt 0.108478 0.721290
vt 0.106768 0.722847
vt 0.105218 0.724563
vt 0.135192 0.711555
vt 0.132402 0.710568
vt 0.137871 0.712812
vt 0.134530 0.718654
vt 0.132436 0.717673
vt 0.130256 0.716901
vt 0.400043 0.733845
vt 0.402415 0.732076
vt 0.397509 0.735375
vt 0.394408 0.729812
vt 0.396387 0.728618
vt 0.398240 0.727236
vt 0.408256 0.691994
vt 0.406490 0.689619
vt 0.409781 0.694530
vt 0.404003 0.697898
vt 0.402812 0.695916
vt 0.401432 0.694060
vt 0.377271 0.679220
vt 0.374401 0.679949
vt 0.380199 0.678776
vt 0.380886 0.685589
vt 0.378598 0.685935
vt 0.376355 0.686504
vt 0.394838 0.736648
vt 0.392054 0.737654
vt 0.390146 0.731591
vt 0.392321 0.730806
vt 0.371754 0.736699
vt 0.374542 0.737692
vt 0.369077 0.735439
vt 0.372200 0.729863
vt 0.374292 0.730847
vt 0.376470 0.731622
vt 0.095875 0.751045
vt 0.097148 0.753717
vt 0.094869 0.748262
vt 0.100932 0.746354
vt 0.101717 0.748528
vt 0.102711 0.750615
vt 0.129667 0.768978
vt 0.132535 0.768256
vt 0.128118 0.762550
vt 0.130360 0.761985
vt 0.353652 0.702994
vt 0.353228 0.705921
vt 0.354360 0.700121
vt 0.360693 0.702267
vt 0.360139 0.704512
vt 0.359807 0.706801
vt 0.383156 0.678626
vt 0.386114 0.678767
vt 0.385508 0.685581
vt 0.383197 0.685471
vt 0.140415 0.714325
vt 0.136518 0.719837
vt 0.098602 0.722744
vt 0.097084 0.725284
vt 0.103845 0.726423
vt 0.102660 0.728408
vt 0.129530 0.709859
vt 0.126602 0.709435
vt 0.128011 0.716347
vt 0.125723 0.716015
vt 0.389184 0.738382
vt 0.386257 0.738825
vt 0.385619 0.732503
vt 0.387905 0.732158
vt 0.411049 0.697203
vt 0.412049 0.699987
vt 0.405777 0.702163
vt 0.404995 0.699987
vt 0.366536 0.733921
vt 0.364156 0.732162
vt 0.368356 0.727305
vt 0.370215 0.728678
vt 0.117769 0.709894
vt 0.114901 0.710616
vt 0.120694 0.709454
vt 0.121105 0.716029
vt 0.118819 0.716374
vt 0.116577 0.716940
vt 0.135319 0.767256
vt 0.137993 0.765988
vt 0.132536 0.761203
vt 0.134625 0.760211
vt 0.098678 0.756250
vt 0.100447 0.758622
vt 0.103905 0.752594
vt 0.105287 0.754448
vt 0.151567 0.727825
vt 0.150293 0.725153
vt 0.152574 0.730609
vt 0.146019 0.732563
vt 0.145233 0.730387
vt 0.144237 0.728299
vt 0.355348 0.697332
vt 0.356604 0.694652
vt 0.362447 0.697993
vt 0.361465 0.700087
vt 0.358203 0.725615
vt 0.359970 0.727989
vt 0.356678 0.723079
vt 0.362509 0.720210
vt 0.363702 0.722190
vt 0.365083 0.724045
vt 0.412771 0.702856
vt 0.413210 0.705780
vt 0.406686 0.706691
vt 0.406342 0.704405
vt 0.123647 0.709301
vt 0.123843 0.698775
vt 0.123413 0.715909
vt 0.153303 0.733479
vt 0.146588 0.734806
vt 0.095824 0.727961
vt 0.094831 0.730749
vt 0.101676 0.730500
vt 0.100901 0.732678
vt 0.102442 0.760809
vt 0.104640 0.762789
vt 0.106845 0.756156
vt 0.108562 0.757705
vt 0.389043 0.679198
vt 0.391916 0.679913
vt 0.390043 0.686475
vt 0.387797 0.685916
vt 0.358117 0.692109
vt 0.359872 0.689725
vt 0.365001 0.694143
vt 0.363629 0.696005
vt 0.361961 0.730178
vt 0.366639 0.725755
vt 0.413363 0.708733
vt 0.413229 0.711688
vt 0.406697 0.711309
vt 0.406804 0.709000
vt 0.140529 0.764463
vt 0.142904 0.762697
vt 0.136607 0.759019
vt 0.138463 0.757639
vt 0.107023 0.764545
vt 0.109566 0.766058
vt 0.110423 0.759076
vt 0.112409 0.760260
vt 0.355409 0.720406
vt 0.354409 0.717622
vt 0.360733 0.715946
vt 0.361517 0.718121
vt 0.361853 0.687526
vt 0.364040 0.685531
vt 0.368258 0.690865
vt 0.366549 0.692424
vt 0.371617 0.680956
vt 0.368945 0.682230
vt 0.374180 0.687290
vt 0.372091 0.688286
vt 0.412804 0.714616
vt 0.412095 0.717488
vt 0.405808 0.715841
vt 0.406363 0.713597
vt 0.404601 0.730081
vt 0.399949 0.725678
vt 0.377414 0.738406
vt 0.380343 0.738836
vt 0.378714 0.732179
vt 0.381001 0.732513
vt 0.353093 0.708876
vt 0.353247 0.711829
vt 0.359702 0.709110
vt 0.359821 0.711419
vt 0.112245 0.767314
vt 0.115034 0.768302
vt 0.114502 0.761242
vt 0.116681 0.762016
vt 0.394704 0.680906
vt 0.397382 0.682167
vt 0.394314 0.688236
vt 0.392222 0.687251
vt 0.153325 0.745251
vt 0.152610 0.748124
vt 0.146048 0.746250
vt 0.146606 0.744005
vt 0.148837 0.756130
vt 0.150355 0.753590
vt 0.147078 0.758510
vt 0.141725 0.754368
vt 0.143100 0.752508
vt 0.144286 0.750522
vt 0.353687 0.714754
vt 0.343367 0.716610
vt 0.360166 0.713705
vt 0.094117 0.733622
vt 0.093687 0.736550
vt 0.100344 0.734921
vt 0.100010 0.737209
vt 0.112117 0.711617
vt 0.109444 0.712885
vt 0.114401 0.717724
vt 0.112313 0.718717
vt 0.145093 0.760706
vt 0.140174 0.756084
vt 0.366412 0.683760
vt 0.370111 0.689481
vt 0.151617 0.750912
vt 0.145272 0.748430
vt 0.117907 0.769011
vt 0.118926 0.762571
vt 0.093547 0.739508
vt 0.093698 0.742464
vt 0.099902 0.739518
vt 0.100020 0.741827
vt 0.411107 0.720277
vt 0.405035 0.718021
vt 0.383300 0.738976
vt 0.383310 0.732621
vt 0.404499 0.687429
vt 0.402303 0.685445
vt 0.399876 0.692348
vt 0.398160 0.690798
vt 0.399923 0.683685
vt 0.396300 0.689423
vt 0.148763 0.722619
vt 0.143042 0.726319
vt 0.242204 0.138947
vt 0.242081 0.120406
vt 0.242319 0.157503
vt 0.242645 0.213265
vt 0.242537 0.194661
vt 0.242755 0.231886
vt 0.243122 0.287852
vt 0.242991 0.269179
vt 0.243265 0.306541
vt 0.243829 0.362702
vt 0.243612 0.343967
vt 0.244095 0.381452
vt 0.106908 0.714411
vt 0.110332 0.719909
vt 0.123844 0.643448
vt 0.123833 0.623485
vt 0.123860 0.663198
vt 0.289134 0.727496
vt 0.308492 0.723576
vt 0.269569 0.731463
vt 0.094141 0.745392
vt 0.100365 0.744113
vt 0.241946 0.101879
vt 0.241791 0.083365
vt 0.242429 0.176074
vt 0.242870 0.250524
vt 0.243426 0.325246
vt 0.244426 0.400214
vt 0.244790 0.418982
vt 0.327436 0.719750
vt 0.123887 0.682524
vt 0.241608 0.064862
vt 0.241412 0.046365
vt 0.489466 0.368193
vt 0.479919 0.364944
vt 0.483266 0.359431
vt 0.487497 0.361947
vt 0.489628 0.362160
vt 0.491589 0.364286
vt 0.494303 0.364055
vt 0.495344 0.365229
vt 0.459197 0.185138
vt 0.449032 0.180823
vt 0.452145 0.176689
vt 0.456888 0.179829
vt 0.459241 0.180414
vt 0.461418 0.182529
vt 0.464225 0.182547
vt 0.465280 0.183550
vt 0.446139 0.153512
vt 0.446128 0.156080
vt 0.446447 0.150783
vt 0.447645 0.150989
vt 0.447345 0.153579
vt 0.447253 0.155366
vt 0.491965 0.147683
vt 0.490804 0.144350
vt 0.492639 0.150783
vt 0.491441 0.150989
vt 0.490793 0.148050
vt 0.489683 0.144891
vt 0.398494 0.326582
vt 0.396087 0.328647
vt 0.401002 0.324978
vt 0.401415 0.325936
vt 0.399032 0.327461
vt 0.396746 0.329425
vt 0.483891 0.134853
vt 0.480799 0.132599
vt 0.486718 0.137667
vt 0.485795 0.138562
vt 0.483114 0.135899
vt 0.480185 0.133767
vt 0.390431 0.349618
vt 0.391405 0.352178
vt 0.390574 0.352585
vt 0.388995 0.350856
vt 0.389131 0.348128
vt 0.389867 0.347239
vt 0.390638 0.347089
vt 0.391187 0.349375
vt 0.392129 0.351833
vt 0.407373 0.363658
vt 0.409533 0.363763
vt 0.405083 0.363254
vt 0.405270 0.362458
vt 0.407464 0.362846
vt 0.409533 0.362946
vt 0.447121 0.147683
vt 0.448281 0.144350
vt 0.449403 0.144891
vt 0.448293 0.148050
vt 0.489039 0.140922
vt 0.488001 0.141644
vt 0.429077 0.340957
vt 0.428607 0.338754
vt 0.429275 0.342993
vt 0.428255 0.343051
vt 0.428073 0.341119
vt 0.427635 0.339027
vt 0.461403 0.131024
vt 0.458287 0.132599
vt 0.460839 0.128953
vt 0.463694 0.129025
vt 0.464375 0.130027
vt 0.464660 0.131336
vt 0.461850 0.132279
vt 0.458901 0.133767
vt 0.392888 0.354815
vt 0.394846 0.357325
vt 0.390894 0.354891
vt 0.393560 0.354365
vt 0.395445 0.356774
vt 0.402534 0.362477
vt 0.399871 0.361252
vt 0.400271 0.360540
vt 0.402826 0.361714
vt 0.450047 0.140922
vt 0.452368 0.137667
vt 0.453291 0.138562
vt 0.451084 0.141644
vt 0.471707 0.182112
vt 0.474035 0.181662
vt 0.469543 0.182232
vt 0.469543 0.181179
vt 0.471627 0.181063
vt 0.473870 0.180631
vt 0.429283 0.344974
vt 0.430097 0.347508
vt 0.429586 0.348090
vt 0.429042 0.347072
vt 0.428189 0.346292
vt 0.428255 0.344931
vt 0.455195 0.134853
vt 0.455972 0.135899
vt 0.407569 0.322871
vt 0.405631 0.323220
vt 0.404948 0.321983
vt 0.405836 0.320519
vt 0.409417 0.320292
vt 0.409368 0.322773
vt 0.409371 0.323838
vt 0.407661 0.323931
vt 0.405817 0.324263
vt 0.397240 0.359503
vt 0.397746 0.358862
vt 0.447803 0.164693
vt 0.449228 0.168069
vt 0.448431 0.168446
vt 0.446533 0.165951
vt 0.446236 0.162550
vt 0.446869 0.161513
vt 0.447732 0.161235
vt 0.448625 0.164294
vt 0.449992 0.167543
vt 0.467379 0.182112
vt 0.465050 0.181662
vt 0.465216 0.180631
vt 0.467459 0.181063
vt 0.428498 0.349456
vt 0.429497 0.350986
vt 0.428183 0.352559
vt 0.427548 0.352023
vt 0.426828 0.351684
vt 0.427748 0.349218
vt 0.492947 0.153512
vt 0.492958 0.156080
vt 0.491833 0.155366
vt 0.491741 0.153579
vt 0.411166 0.322856
vt 0.413118 0.320992
vt 0.413885 0.322169
vt 0.413107 0.323189
vt 0.412929 0.324234
vt 0.411083 0.323917
vt 0.416518 0.362416
vt 0.419169 0.361168
vt 0.413977 0.363215
vt 0.413791 0.362421
vt 0.416227 0.361656
vt 0.418769 0.360459
vt 0.451231 0.171477
vt 0.453705 0.174648
vt 0.449196 0.171209
vt 0.451916 0.170824
vt 0.454295 0.173876
vt 0.389609 0.345143
vt 0.388365 0.347383
vt 0.389601 0.343161
vt 0.390372 0.343168
vt 0.390385 0.345074
vt 0.462393 0.180793
vt 0.459520 0.179383
vt 0.459891 0.178436
vt 0.462657 0.179794
vt 0.426088 0.354672
vt 0.427634 0.355037
vt 0.425109 0.357187
vt 0.424154 0.357198
vt 0.423558 0.356652
vt 0.425420 0.354228
vt 0.492745 0.158695
vt 0.493692 0.161302
vt 0.492850 0.162550
vt 0.492217 0.161513
vt 0.491354 0.161235
vt 0.491857 0.158523
vt 0.415330 0.323841
vt 0.416342 0.321754
vt 0.418068 0.323781
vt 0.417747 0.324909
vt 0.417341 0.325870
vt 0.415044 0.324854
vt 0.421781 0.359396
vt 0.424295 0.358708
vt 0.421277 0.358760
vt 0.467037 0.129504
vt 0.465218 0.127771
vt 0.469543 0.127459
vt 0.469543 0.129361
vt 0.469543 0.130707
vt 0.467175 0.130842
vt 0.389784 0.341123
vt 0.390237 0.338915
vt 0.391281 0.338661
vt 0.390542 0.341208
vt 0.456546 0.177308
vt 0.457029 0.176438
vt 0.427786 0.336270
vt 0.426544 0.333638
vt 0.426862 0.336668
vt 0.425689 0.334168
vt 0.491283 0.164693
vt 0.492553 0.165951
vt 0.490655 0.168446
vt 0.489858 0.168069
vt 0.489094 0.167543
vt 0.490461 0.164294
vt 0.420265 0.326492
vt 0.420165 0.323808
vt 0.422686 0.328537
vt 0.422033 0.329320
vt 0.419734 0.327375
vt 0.472049 0.129504
vt 0.473867 0.127771
vt 0.475391 0.129025
vt 0.474710 0.130027
vt 0.474426 0.131336
vt 0.471911 0.130842
vt 0.391039 0.336423
vt 0.392262 0.333780
vt 0.393122 0.334304
vt 0.391967 0.336814
vt 0.476693 0.180793
vt 0.479566 0.179383
vt 0.476429 0.179794
vt 0.479195 0.178436
vt 0.424812 0.330989
vt 0.424049 0.331651
vt 0.446341 0.158695
vt 0.445393 0.161302
vt 0.447229 0.158523
vt 0.487855 0.171477
vt 0.489890 0.171209
vt 0.485380 0.174648
vt 0.484791 0.173876
vt 0.487170 0.170824
vt 0.403412 0.323890
vt 0.402616 0.321309
vt 0.403706 0.324901
vt 0.477683 0.131024
vt 0.478247 0.128953
vt 0.477236 0.132279
vt 0.393977 0.331118
vt 0.394745 0.331773
vt 0.482539 0.177308
vt 0.482057 0.176438
vt 0.411691 0.363640
vt 0.411601 0.362828
vt 0.821095 0.835356
vt 0.823162 0.834075
vt 0.833225 0.845316
vt 0.829260 0.847979
vt 0.825193 0.849940
vt 0.818998 0.836277
vt 0.815498 0.828273
vt 0.814810 0.825145
vt 0.817428 0.827228
vt 0.599719 0.780202
vt 0.597838 0.781107
vt 0.591654 0.768638
vt 0.595434 0.766843
vt 0.598912 0.765748
vt 0.601468 0.779637
vt 0.602857 0.786744
vt 0.602880 0.789453
vt 0.601167 0.787423
vt 0.727188 0.640197
vt 0.727011 0.638224
vt 0.740844 0.635839
vt 0.741294 0.639588
vt 0.741257 0.643930
vt 0.727096 0.642435
vt 0.720067 0.641692
vt 0.717336 0.640578
vt 0.720056 0.639433
vt 0.795582 0.822246
vt 0.795650 0.823898
vt 0.780587 0.825488
vt 0.780467 0.822435
vt 0.780738 0.818982
vt 0.795736 0.820393
vt 0.804670 0.820853
vt 0.807823 0.821538
vt 0.804622 0.822488
vt 0.828614 0.818042
vt 0.827801 0.815662
vt 0.841781 0.810177
vt 0.843278 0.814736
vt 0.844053 0.818824
vt 0.829051 0.820202
vt 0.820136 0.820746
vt 0.816823 0.820368
vt 0.819549 0.818642
vt 0.592691 0.786044
vt 0.591593 0.788078
vt 0.579061 0.782840
vt 0.581237 0.778696
vt 0.584165 0.774717
vt 0.594148 0.784100
vt 0.599450 0.788807
vt 0.600950 0.791034
vt 0.598257 0.790652
vt 0.708825 0.627057
vt 0.707578 0.627445
vt 0.703582 0.614786
vt 0.705968 0.614066
vt 0.708654 0.613492
vt 0.710216 0.626733
vt 0.710923 0.632975
vt 0.710643 0.635588
vt 0.709413 0.633353
vt 0.604910 0.805985
vt 0.606119 0.805952
vt 0.608355 0.819272
vt 0.605869 0.819440
vt 0.603618 0.819416
vt 0.603813 0.805949
vt 0.603958 0.799089
vt 0.604323 0.796624
vt 0.605055 0.799083
vt 0.721330 0.653240
vt 0.722974 0.651654
vt 0.733500 0.662371
vt 0.730286 0.665495
vt 0.727106 0.667826
vt 0.719691 0.654445
vt 0.716024 0.648022
vt 0.715156 0.645096
vt 0.717801 0.646550
vt 0.822634 0.808684
vt 0.820324 0.807028
vt 0.827430 0.793441
vt 0.831891 0.796630
vt 0.836005 0.800653
vt 0.824764 0.810759
vt 0.818139 0.816381
vt 0.815191 0.817845
vt 0.816084 0.814665
vt 0.595922 0.782431
vt 0.587767 0.771313
vt 0.601839 0.790053
vt 0.697354 0.645930
vt 0.698043 0.647466
vt 0.685491 0.653539
vt 0.684271 0.650639
vt 0.683487 0.647949
vt 0.696907 0.644479
vt 0.703659 0.642814
vt 0.706519 0.642653
vt 0.704304 0.644441
vt 0.726627 0.644882
vt 0.740489 0.648782
vt 0.738922 0.653728
vt 0.725766 0.647349
vt 0.719317 0.644288
vt 0.717099 0.642223
vt 0.796160 0.818218
vt 0.781506 0.814874
vt 0.782999 0.810295
vt 0.796962 0.815820
vt 0.805248 0.818733
vt 0.807988 0.820438
vt 0.591479 0.798768
vt 0.592381 0.800331
vt 0.580493 0.807036
vt 0.578797 0.803858
vt 0.577685 0.800875
vt 0.590874 0.797268
vt 0.597905 0.794960
vt 0.600594 0.794556
vt 0.598601 0.796400
vt 0.826502 0.813159
vt 0.839329 0.805325
vt 0.816244 0.819047
vt 0.711889 0.626517
vt 0.711913 0.613134
vt 0.715664 0.613190
vt 0.713807 0.626506
vt 0.712923 0.632902
vt 0.711823 0.635425
vt 0.602716 0.805922
vt 0.601366 0.819340
vt 0.598888 0.819064
vt 0.601511 0.805822
vt 0.602864 0.799019
vt 0.603698 0.796605
vt 0.724500 0.649649
vt 0.736486 0.658354
vt 0.716308 0.643867
vt 0.806666 0.805947
vt 0.804396 0.807114
vt 0.797327 0.793510
vt 0.801684 0.791326
vt 0.805714 0.789957
vt 0.808787 0.805198
vt 0.810732 0.813827
vt 0.810855 0.817121
vt 0.808698 0.814713
vt 0.617871 0.793929
vt 0.617773 0.792408
vt 0.631345 0.791272
vt 0.631524 0.794232
vt 0.631376 0.796839
vt 0.617791 0.795281
vt 0.610492 0.794038
vt 0.607888 0.793222
vt 0.610478 0.792688
vt 0.696630 0.643024
vt 0.682980 0.645272
vt 0.682791 0.642340
vt 0.696543 0.641441
vt 0.703437 0.641145
vt 0.706231 0.641598
vt 0.723541 0.631038
vt 0.722041 0.629648
vt 0.731582 0.619733
vt 0.734379 0.622449
vt 0.736523 0.625162
vt 0.724708 0.632459
vt 0.718822 0.636255
vt 0.716065 0.637229
vt 0.717386 0.634707
vt 0.798251 0.813300
vt 0.785449 0.805428
vt 0.788770 0.800743
vt 0.799979 0.810882
vt 0.806652 0.816451
vt 0.808565 0.819104
vt 0.593625 0.801859
vt 0.595127 0.803226
vt 0.585843 0.813166
vt 0.582889 0.810234
vt 0.601174 0.795422
vt 0.599874 0.797766
vt 0.813831 0.837207
vt 0.815307 0.837111
vt 0.817972 0.851798
vt 0.815090 0.852055
vt 0.812475 0.852094
vt 0.812489 0.837217
vt 0.812444 0.828740
vt 0.812805 0.825691
vt 0.813773 0.828681
vt 0.715933 0.626796
vt 0.719830 0.613860
vt 0.724076 0.615190
vt 0.718113 0.627418
vt 0.715270 0.633457
vt 0.713331 0.635587
vt 0.600091 0.805568
vt 0.595954 0.818443
vt 0.592688 0.817321
vt 0.598504 0.805087
vt 0.601449 0.798656
vt 0.602957 0.796491
vt 0.802097 0.808789
vt 0.792876 0.796710
vt 0.809614 0.817886
vt 0.617569 0.796568
vt 0.630987 0.799316
vt 0.630238 0.801906
vt 0.617150 0.797896
vt 0.610199 0.795270
vt 0.607811 0.793957
vt 0.696666 0.639607
vt 0.682957 0.638885
vt 0.683655 0.635049
vt 0.697079 0.637605
vt 0.703704 0.639055
vt 0.706211 0.640353
vt 0.720190 0.628405
vt 0.728071 0.617231
vt 0.714873 0.636232
vt 0.797163 0.828920
vt 0.798318 0.830805
vt 0.785294 0.838540
vt 0.783221 0.834885
vt 0.781832 0.831433
vt 0.796372 0.827102
vt 0.804950 0.823986
vt 0.808234 0.823373
vt 0.805846 0.825712
vt 0.602989 0.779336
vt 0.601890 0.765173
vt 0.604617 0.765043
vt 0.604393 0.779267
vt 0.604224 0.786575
vt 0.603778 0.789222
vt 0.811146 0.837236
vt 0.809860 0.852084
vt 0.806979 0.851857
vt 0.809669 0.837170
vt 0.811114 0.828710
vt 0.812053 0.825700
vt 0.703529 0.629183
vt 0.701960 0.630284
vt 0.692815 0.620489
vt 0.695838 0.618269
vt 0.698700 0.616672
vt 0.705016 0.628391
vt 0.707963 0.633917
vt 0.708620 0.636444
vt 0.706291 0.635013
vt 0.596801 0.804304
vt 0.589213 0.815545
vt 0.602044 0.796119
vt 0.829221 0.822044
vt 0.844339 0.822263
vt 0.844235 0.825306
vt 0.829171 0.823691
vt 0.820197 0.822373
vt 0.816993 0.821462
vt 0.616476 0.799375
vt 0.629011 0.804853
vt 0.627195 0.807973
vt 0.615504 0.800903
vt 0.609438 0.796682
vt 0.607519 0.794741
vt 0.697864 0.635522
vt 0.685060 0.630973
vt 0.687127 0.626994
vt 0.698982 0.633516
vt 0.704701 0.636818
vt 0.706604 0.638857
vt 0.718180 0.655305
vt 0.724222 0.669465
vt 0.721428 0.670564
vt 0.716700 0.655887
vt 0.714383 0.648791
vt 0.714013 0.645803
vt 0.799890 0.832634
vt 0.801772 0.834254
vt 0.791696 0.845488
vt 0.788177 0.842183
vt 0.808966 0.824397
vt 0.807440 0.827324
vt 0.605794 0.779402
vt 0.607337 0.765280
vt 0.610295 0.765968
vt 0.607302 0.779773
vt 0.605584 0.786811
vt 0.604550 0.789241
vt 0.807922 0.836922
vt 0.803564 0.851243
vt 0.799751 0.850061
vt 0.805965 0.836399
vt 0.809385 0.828337
vt 0.811156 0.825602
vt 0.700396 0.631749
vt 0.689812 0.623448
vt 0.707486 0.637444
vt 0.607551 0.805774
vt 0.609160 0.805375
vt 0.614614 0.817789
vt 0.611309 0.818775
vt 0.605068 0.796554
vt 0.606486 0.798798
vt 0.590518 0.795927
vt 0.577040 0.798264
vt 0.576750 0.795780
vt 0.590359 0.794637
vt 0.597669 0.793721
vt 0.600338 0.793763
vt 0.828947 0.825263
vt 0.843842 0.828209
vt 0.843026 0.831247
vt 0.828483 0.826892
vt 0.819882 0.823870
vt 0.816923 0.822347
vt 0.699048 0.649173
vt 0.700423 0.650942
vt 0.689855 0.660358
vt 0.687303 0.656848
vt 0.707151 0.643808
vt 0.705613 0.646287
vt 0.614190 0.802379
vt 0.624679 0.811087
vt 0.621614 0.813908
vt 0.612625 0.803679
vt 0.608102 0.797990
vt 0.606900 0.795581
vt 0.715153 0.656257
vt 0.718515 0.671280
vt 0.715222 0.671610
vt 0.713422 0.656422
vt 0.712591 0.649093
vt 0.712911 0.646140
vt 0.810638 0.804775
vt 0.809185 0.789203
vt 0.812375 0.788976
vt 0.812354 0.804641
vt 0.812390 0.813569
vt 0.811934 0.816806
vt 0.609028 0.780416
vt 0.613731 0.767192
vt 0.617445 0.769123
vt 0.610870 0.781403
vt 0.607247 0.787568
vt 0.605439 0.789517
vt 0.803856 0.835509
vt 0.795675 0.848128
vt 0.810041 0.825198
vt 0.725563 0.633794
vt 0.738075 0.627655
vt 0.739221 0.630125
vt 0.726189 0.635136
vt 0.719624 0.637739
vt 0.716780 0.638253
vt 0.610900 0.804677
vt 0.618155 0.816155
vt 0.605998 0.796232
vt 0.590342 0.793289
vt 0.576706 0.793178
vt 0.576997 0.790239
vt 0.590507 0.791782
vt 0.597744 0.792379
vt 0.600295 0.793028
vt 0.827711 0.828711
vt 0.841653 0.834697
vt 0.839597 0.838351
vt 0.826576 0.830599
vt 0.819004 0.825600
vt 0.816595 0.823296
vt 0.702226 0.652662
vt 0.704359 0.654172
vt 0.697437 0.666976
vt 0.693294 0.663859
vt 0.708302 0.645015
vt 0.707733 0.647968
vt 0.617459 0.790619
vt 0.616837 0.788642
vt 0.629540 0.783776
vt 0.630752 0.787735
vt 0.607768 0.792306
vt 0.610033 0.790930
vt 0.711389 0.656389
vt 0.711286 0.671551
vt 0.706861 0.670869
vt 0.709131 0.656053
vt 0.710284 0.648925
vt 0.711560 0.646218
vt 0.814069 0.804754
vt 0.815565 0.789184
vt 0.819035 0.789919
vt 0.815921 0.805155
vt 0.814046 0.813804
vt 0.812868 0.816799
vt 0.612730 0.782807
vt 0.621233 0.771935
vt 0.624714 0.775464
vt 0.614436 0.784551
vt 0.608908 0.789029
vt 0.606456 0.790167
vt 0.817049 0.836832
vt 0.821385 0.851153
vt 0.813700 0.825572
vt 0.726675 0.636575
vt 0.740148 0.632769
vt 0.717173 0.639275
vt 0.795890 0.825472
vt 0.780999 0.828393
vt 0.807898 0.822425
vt 0.590895 0.790017
vt 0.577715 0.786740
vt 0.600452 0.792122
vt 0.825024 0.832438
vt 0.836729 0.841999
vt 0.815874 0.824326
vt 0.706338 0.627850
vt 0.701220 0.615583
vt 0.709676 0.635896
vt 0.615817 0.786557
vt 0.627505 0.779549
vt 0.607309 0.791191
vt 0.706725 0.655308
vt 0.702103 0.669328
vt 0.709904 0.645893
vt 0.818046 0.805882
vt 0.823067 0.791271
vt 0.813947 0.817098
vt 0.604084 0.793009
vt 0.812411 0.821333
vt 0.711713 0.640636
vt 0.482974 0.354610
vt 0.484912 0.357132
vt 0.480980 0.354674
vt 0.480676 0.352366
vt 0.481509 0.351964
vt 0.482229 0.351624
vt 0.483642 0.354164
vt 0.485509 0.356584
vt 0.497385 0.363545
vt 0.499542 0.363664
vt 0.495100 0.363126
vt 0.495286 0.362331
vt 0.497476 0.362733
vt 0.499542 0.362846
vt 0.501701 0.363555
vt 0.503988 0.363146
vt 0.501610 0.362742
vt 0.503802 0.362350
vt 0.484202 0.330926
vt 0.482475 0.333578
vt 0.486323 0.328470
vt 0.486977 0.329251
vt 0.484966 0.331586
vt 0.483330 0.334106
vt 0.515024 0.330992
vt 0.512911 0.328526
vt 0.516742 0.333651
vt 0.515884 0.334175
vt 0.514257 0.331648
vt 0.512254 0.329304
vt 0.481238 0.336212
vt 0.480422 0.338698
vt 0.482163 0.336609
vt 0.481395 0.338969
vt 0.510501 0.326466
vt 0.507992 0.324867
vt 0.508320 0.323742
vt 0.510416 0.323781
vt 0.509965 0.327346
vt 0.507581 0.325825
vt 0.505582 0.323784
vt 0.503362 0.323119
vt 0.504146 0.322104
vt 0.506605 0.321704
vt 0.505290 0.324795
vt 0.503178 0.324162
vt 0.506535 0.362363
vt 0.509193 0.361133
vt 0.506243 0.361601
vt 0.508793 0.360421
vt 0.501424 0.322773
vt 0.499626 0.322679
vt 0.499631 0.320325
vt 0.503385 0.320921
vt 0.501335 0.323834
vt 0.499625 0.323744
vt 0.509089 0.317487
vt 0.499639 0.315392
vt 0.490184 0.317448
vt 0.495875 0.320906
vt 0.495110 0.322085
vt 0.492653 0.321675
vt 0.490931 0.323705
vt 0.488835 0.323736
vt 0.476785 0.353754
vt 0.478502 0.347151
vt 0.479263 0.347901
vt 0.479110 0.350627
vt 0.520548 0.355063
vt 0.514335 0.358706
vt 0.515160 0.357190
vt 0.517700 0.355057
vt 0.518265 0.352583
vt 0.519589 0.351018
vt 0.519698 0.348123
vt 0.520212 0.347545
vt 0.430485 0.355024
vt 0.386691 0.353998
vt 0.418805 0.317522
vt 0.409574 0.314981
vt 0.400817 0.315586
vt 0.444915 0.168730
vt 0.494171 0.168730
vt 0.479046 0.125250
vt 0.469543 0.124445
vt 0.460039 0.125250
vt 0.695967 0.688401
vt 0.703975 0.691023
vt 0.700781 0.713847
vt 0.689074 0.710001
vt 0.677646 0.703949
vt 0.688136 0.684326
vt 0.693847 0.598178
vt 0.689684 0.600194
vt 0.679319 0.581336
vt 0.685346 0.578205
vt 0.691046 0.576056
vt 0.697768 0.596762
vt 0.757521 0.628089
vt 0.756045 0.624037
vt 0.774765 0.617410
vt 0.776844 0.622973
vt 0.778667 0.629598
vt 0.758740 0.632866
vt 0.711336 0.692103
vt 0.717789 0.692106
vt 0.720739 0.715257
vt 0.711462 0.715350
vt 0.681310 0.678888
vt 0.667802 0.695831
vt 0.659940 0.686865
vt 0.675775 0.672844
vt 0.754332 0.620228
vt 0.752038 0.616290
vt 0.769403 0.606630
vt 0.772461 0.612157
vt 0.723075 0.691499
vt 0.727694 0.690319
vt 0.734728 0.712614
vt 0.728233 0.714316
vt 0.671816 0.666951
vt 0.654458 0.678267
vt 0.650810 0.670509
vt 0.669108 0.661542
vt 0.675102 0.612438
vt 0.670857 0.618690
vt 0.652379 0.609496
vt 0.658328 0.600073
vt 0.665279 0.591998
vt 0.679972 0.607134
vt 0.732145 0.688604
vt 0.736811 0.686034
vt 0.747662 0.706655
vt 0.741008 0.710235
vt 0.667760 0.625552
vt 0.665801 0.632416
vt 0.645730 0.629745
vt 0.648212 0.619694
vt 0.684946 0.603115
vt 0.672453 0.585843
vt 0.738922 0.602789
vt 0.732415 0.599001
vt 0.741942 0.580831
vt 0.751258 0.586713
vt 0.759116 0.593454
vt 0.744504 0.607238
vt 0.664967 0.638676
vt 0.664928 0.644161
vt 0.645011 0.646443
vt 0.644837 0.638724
vt 0.725328 0.596374
vt 0.718282 0.594882
vt 0.721280 0.574077
vt 0.731628 0.576614
vt 0.748819 0.611849
vt 0.765060 0.600244
vt 0.665351 0.648699
vt 0.666171 0.652794
vt 0.646908 0.658327
vt 0.645733 0.652716
vt 0.752459 0.670354
vt 0.756477 0.662487
vt 0.776229 0.672436
vt 0.770427 0.684002
vt 0.763115 0.693931
vt 0.747451 0.677138
vt 0.711898 0.594496
vt 0.706343 0.594866
vt 0.703658 0.573547
vt 0.711865 0.573231
vt 0.758881 0.654091
vt 0.759880 0.645949
vt 0.780734 0.648229
vt 0.779537 0.660103
vt 0.667325 0.656949
vt 0.648447 0.664060
vt 0.742074 0.682289
vt 0.755279 0.701351
vt 0.701783 0.595640
vt 0.696935 0.574496
vt 0.759679 0.638846
vt 0.780204 0.638039
vt 0.640268 0.770606
vt 0.635862 0.764116
vt 0.647445 0.751638
vt 0.653569 0.760696
vt 0.657900 0.770000
vt 0.643425 0.777292
vt 0.563215 0.782336
vt 0.562230 0.787694
vt 0.546834 0.784647
vt 0.548055 0.777368
vt 0.550647 0.768967
vt 0.565189 0.776243
vt 0.630294 0.758560
vt 0.624254 0.754208
vt 0.631179 0.737975
vt 0.639633 0.743935
vt 0.645241 0.783441
vt 0.660329 0.778442
vt 0.661420 0.785734
vt 0.646089 0.788829
vt 0.561867 0.792084
vt 0.561954 0.795901
vt 0.546564 0.795513
vt 0.546427 0.790498
vt 0.627129 0.828475
vt 0.632514 0.824340
vt 0.644369 0.834872
vt 0.636962 0.841218
vt 0.629056 0.846199
vt 0.621482 0.831636
vt 0.618430 0.751329
vt 0.613140 0.749592
vt 0.615912 0.731930
vt 0.623127 0.734147
vt 0.637092 0.819387
vt 0.640701 0.814139
vt 0.655114 0.819853
vt 0.650467 0.827484
vt 0.562318 0.799538
vt 0.563140 0.803435
vt 0.547918 0.805470
vt 0.546974 0.800279
vt 0.616121 0.833661
vt 0.621458 0.849490
vt 0.614567 0.851455
vt 0.611287 0.834809
vt 0.608699 0.748663
vt 0.604680 0.748375
vt 0.604663 0.730486
vt 0.609970 0.730800
vt 0.643181 0.809119
vt 0.644766 0.804555
vt 0.660015 0.806523
vt 0.658168 0.812778
vt 0.580138 0.827824
vt 0.585703 0.831143
vt 0.578133 0.845759
vt 0.570318 0.840621
vt 0.563033 0.834124
vt 0.574862 0.823537
vt 0.600656 0.748557
vt 0.596194 0.749367
vt 0.593395 0.731740
vt 0.599353 0.730714
vt 0.645691 0.800679
vt 0.646151 0.797052
vt 0.661519 0.796593
vt 0.661039 0.801350
vt 0.591016 0.833318
vt 0.595824 0.834599
vt 0.592540 0.851281
vt 0.585677 0.849194
vt 0.570418 0.818461
vt 0.557080 0.826612
vt 0.552581 0.818890
vt 0.566950 0.813119
vt 0.646338 0.793234
vt 0.661731 0.791586
vt 0.599876 0.835238
vt 0.603550 0.835422
vt 0.603545 0.852696
vt 0.598314 0.852376
vt 0.564604 0.808036
vt 0.549657 0.811758
vt 0.578809 0.757873
vt 0.573094 0.763277
vt 0.561480 0.750809
vt 0.569449 0.743271
vt 0.578022 0.737489
vt 0.584965 0.753684
vt 0.607225 0.835338
vt 0.608779 0.852456
vt 0.568518 0.769645
vt 0.555167 0.759744
vt 0.590862 0.750963
vt 0.586145 0.733822
vt 0.827372 0.776850
vt 0.821687 0.775034
vt 0.824108 0.760324
vt 0.831317 0.762523
vt 0.839365 0.766321
vt 0.833625 0.779876
vt 0.847855 0.849336
vt 0.851683 0.843741
vt 0.863301 0.847949
vt 0.858692 0.855562
vt 0.852640 0.862937
vt 0.843003 0.854613
vt 0.767834 0.829105
vt 0.768781 0.833280
vt 0.756474 0.833885
vt 0.755533 0.828712
vt 0.755127 0.823960
vt 0.767391 0.825195
vt 0.825635 0.864577
vt 0.831320 0.862401
vt 0.837411 0.874260
vt 0.829842 0.877553
vt 0.822970 0.879516
vt 0.820504 0.865822
vt 0.816905 0.774077
vt 0.812573 0.773807
vt 0.812858 0.758887
vt 0.818167 0.759201
vt 0.854314 0.838374
vt 0.855993 0.833483
vt 0.868173 0.834659
vt 0.866333 0.840896
vt 0.787317 0.858914
vt 0.793272 0.862314
vt 0.786660 0.873864
vt 0.778870 0.868783
vt 0.771600 0.862353
vt 0.781643 0.854481
vt 0.808237 0.774054
vt 0.803446 0.774985
vt 0.801582 0.760148
vt 0.807542 0.759115
vt 0.856965 0.829314
vt 0.857431 0.825408
vt 0.869693 0.824751
vt 0.869202 0.829499
vt 0.798935 0.864514
vt 0.804051 0.865782
vt 0.801004 0.879327
vt 0.794172 0.877260
vt 0.776824 0.849182
vt 0.765649 0.854906
vt 0.761146 0.847239
vt 0.773030 0.843566
vt 0.857593 0.821302
vt 0.857278 0.816583
vt 0.869613 0.813909
vt 0.869916 0.819752
vt 0.808361 0.866387
vt 0.812271 0.866529
vt 0.811971 0.880743
vt 0.806756 0.880418
vt 0.770431 0.838183
vt 0.758216 0.840146
vt 0.784965 0.784316
vt 0.778942 0.790152
vt 0.769804 0.779334
vt 0.777709 0.771764
vt 0.786236 0.765944
vt 0.791477 0.779763
vt 0.816184 0.866407
vt 0.817195 0.880511
vt 0.774136 0.796994
vt 0.770656 0.804070
vt 0.759122 0.797497
vt 0.763569 0.788280
vt 0.797749 0.776770
vt 0.794337 0.762248
vt 0.850869 0.797200
vt 0.846106 0.790332
vt 0.855637 0.779903
vt 0.861766 0.788928
vt 0.866100 0.798207
vt 0.854304 0.804292
vt 0.768605 0.810607
vt 0.767599 0.816359
vt 0.755389 0.813130
vt 0.756580 0.805878
vt 0.840114 0.784464
vt 0.847821 0.772241
vt 0.856311 0.810833
vt 0.868528 0.806631
vt 0.767253 0.821084
vt 0.754991 0.818962
vt 0.837300 0.859024
vt 0.845278 0.869279
vt 0.116041 0.757110
vt 0.117805 0.757736
vt 0.114347 0.756314
vt 0.116004 0.753073
vt 0.118415 0.751124
vt 0.118795 0.754221
vt 0.107415 0.728925
vt 0.106456 0.730532
vt 0.108526 0.727419
vt 0.111306 0.729753
vt 0.112722 0.732523
vt 0.109635 0.732265
vt 0.119536 0.720786
vt 0.117721 0.721246
vt 0.121387 0.720506
vt 0.121686 0.724173
vt 0.120722 0.727152
vt 0.118727 0.724770
vt 0.140920 0.732132
vt 0.140115 0.730442
vt 0.141556 0.733894
vt 0.137963 0.734979
vt 0.134833 0.734640
vt 0.136800 0.732193
vt 0.364579 0.712987
vt 0.365038 0.714802
vt 0.364299 0.711136
vt 0.367966 0.710837
vt 0.370944 0.711801
vt 0.368563 0.713796
vt 0.375925 0.691603
vt 0.374234 0.692408
vt 0.377686 0.690967
vt 0.378771 0.694560
vt 0.378433 0.697690
vt 0.375985 0.695723
vt 0.112666 0.723651
vt 0.111165 0.724769
vt 0.114269 0.722685
vt 0.115941 0.725932
vt 0.116187 0.729043
vt 0.113435 0.727614
vt 0.123257 0.720409
vt 0.125127 0.720496
vt 0.124705 0.724164
vt 0.123177 0.726903
vt 0.109843 0.752992
vt 0.111233 0.754245
vt 0.108582 0.751608
vt 0.111351 0.749275
vt 0.114324 0.748406
vt 0.113490 0.751403
vt 0.142391 0.739432
vt 0.142295 0.737562
vt 0.142303 0.741303
vt 0.138566 0.740958
vt 0.135804 0.739457
vt 0.138560 0.737939
vt 0.367444 0.719857
vt 0.368562 0.721358
vt 0.366478 0.718254
vt 0.369725 0.716582
vt 0.372835 0.716336
vt 0.371407 0.719088
vt 0.136826 0.752935
vt 0.138082 0.751546
vt 0.135441 0.754194
vt 0.133029 0.751362
vt 0.132133 0.748368
vt 0.135160 0.749224
vt 0.402337 0.709178
vt 0.402242 0.707308
vt 0.402250 0.711048
vt 0.398596 0.710766
vt 0.395863 0.709287
vt 0.398589 0.707747
vt 0.105693 0.746816
vt 0.106497 0.748506
vt 0.105058 0.745057
vt 0.108507 0.743987
vt 0.111585 0.744331
vt 0.109668 0.746771
vt 0.401963 0.705457
vt 0.401506 0.703642
vt 0.395616 0.706831
vt 0.397995 0.704788
vt 0.123345 0.758545
vt 0.125214 0.758449
vt 0.121475 0.758457
vt 0.121757 0.754803
vt 0.123235 0.752071
vt 0.124775 0.754797
vt 0.140952 0.746738
vt 0.141580 0.744974
vt 0.140155 0.748433
vt 0.136833 0.746712
vt 0.134855 0.744278
vt 0.137983 0.743920
vt 0.130643 0.757080
vt 0.132334 0.756277
vt 0.128881 0.757713
vt 0.127735 0.754203
vt 0.128052 0.751104
vt 0.130522 0.753043
vt 0.372717 0.725108
vt 0.374324 0.726067
vt 0.371212 0.723997
vt 0.373545 0.721217
vt 0.376316 0.719801
vt 0.376058 0.722888
vt 0.104225 0.739524
vt 0.104321 0.741393
vt 0.104312 0.737656
vt 0.107904 0.738014
vt 0.110616 0.739518
vt 0.107911 0.741031
vt 0.399104 0.698584
vt 0.397987 0.697082
vt 0.400069 0.700189
vt 0.396835 0.702001
vt 0.393729 0.702295
vt 0.395155 0.699493
vt 0.369747 0.695758
vt 0.368494 0.697149
vt 0.371130 0.694496
vt 0.373480 0.697407
vt 0.374356 0.700431
vt 0.371352 0.699548
vt 0.364202 0.709266
vt 0.364288 0.707396
vt 0.367957 0.707818
vt 0.370696 0.709345
vt 0.379597 0.727941
vt 0.381448 0.728211
vt 0.377781 0.727490
vt 0.378847 0.724037
vt 0.380856 0.721670
vt 0.381807 0.724619
vt 0.126980 0.720765
vt 0.128797 0.721214
vt 0.127668 0.724744
vt 0.125635 0.727138
vt 0.105660 0.732225
vt 0.105033 0.733988
vt 0.111563 0.734701
vt 0.108486 0.735054
vt 0.365631 0.701961
vt 0.365006 0.703726
vt 0.366426 0.700266
vt 0.369683 0.702063
vt 0.371639 0.704524
vt 0.368537 0.704856
vt 0.393832 0.693328
vt 0.392225 0.692368
vt 0.395338 0.694441
vt 0.393017 0.697362
vt 0.390250 0.698827
vt 0.390504 0.695690
vt 0.387035 0.727923
vt 0.388849 0.727464
vt 0.385185 0.728202
vt 0.384823 0.724612
vt 0.385765 0.721659
vt 0.387780 0.724016
vt 0.399148 0.719784
vt 0.400106 0.718176
vt 0.398038 0.721290
vt 0.395196 0.719033
vt 0.393759 0.716287
vt 0.396866 0.716519
vt 0.133866 0.723591
vt 0.132257 0.722633
vt 0.135374 0.724701
vt 0.132975 0.727560
vt 0.130179 0.729003
vt 0.130460 0.725891
vt 0.386949 0.690491
vt 0.385096 0.690219
vt 0.388766 0.690942
vt 0.387713 0.694540
vt 0.385707 0.696956
vt 0.384750 0.693957
vt 0.393901 0.725059
vt 0.395401 0.723941
vt 0.392298 0.726026
vt 0.390564 0.722855
vt 0.390295 0.719769
vt 0.393068 0.721172
vt 0.119622 0.758187
vt 0.120779 0.751835
vt 0.401979 0.712900
vt 0.401529 0.714718
vt 0.398014 0.713728
vt 0.395627 0.711744
vt 0.139147 0.728839
vt 0.138027 0.727338
vt 0.133664 0.732467
vt 0.135116 0.729688
vt 0.379502 0.690507
vt 0.381354 0.690227
vt 0.381731 0.693963
vt 0.380793 0.696967
vt 0.112739 0.755356
vt 0.116236 0.749966
vt 0.109781 0.726030
vt 0.114283 0.730613
vt 0.142016 0.735710
vt 0.135556 0.737001
vt 0.365674 0.716563
vt 0.371667 0.714161
vt 0.372631 0.693376
vt 0.376259 0.698860
vt 0.115960 0.721881
vt 0.118362 0.727874
vt 0.107464 0.750108
vt 0.112754 0.746503
vt 0.142032 0.743156
vt 0.135567 0.741915
vt 0.369822 0.722743
vt 0.374405 0.718240
vt 0.133939 0.755312
vt 0.130227 0.749937
vt 0.104600 0.743243
vt 0.110864 0.741972
vt 0.400872 0.701880
vt 0.394896 0.704471
vt 0.139195 0.750040
vt 0.133695 0.746457
vt 0.127066 0.758171
vt 0.125691 0.751824
vt 0.376018 0.726863
vt 0.378494 0.720959
vt 0.104582 0.735804
vt 0.110852 0.737063
vt 0.367383 0.698657
vt 0.372796 0.702344
vt 0.396727 0.695696
vt 0.392160 0.700390
vt 0.383317 0.728298
vt 0.383311 0.721907
vt 0.130562 0.721839
vt 0.127999 0.727847
vt 0.396784 0.722680
vt 0.392198 0.718199
vt 0.364557 0.705544
vt 0.370930 0.706888
vt 0.390530 0.691570
vt 0.388071 0.697668
vt 0.390609 0.726830
vt 0.388123 0.720937
vt 0.400902 0.716482
vt 0.394916 0.714108
vt 0.136765 0.725954
vt 0.132092 0.730563
vt 0.383225 0.690131
vt 0.383250 0.696719
vt 0.123176 0.739491
vt 0.383283 0.709347
vt 0.421117 0.358471
vt 0.423367 0.356392
vt 0.418644 0.360146
vt 0.418656 0.360031
vt 0.421128 0.358355
vt 0.423378 0.356276
vt 0.390806 0.341158
vt 0.390640 0.343093
vt 0.391063 0.339197
vt 0.391080 0.339079
vt 0.390823 0.341040
vt 0.390657 0.342975
vt 0.426872 0.336548
vt 0.425699 0.334047
vt 0.427644 0.338907
vt 0.427653 0.338787
vt 0.426881 0.336427
vt 0.425709 0.333926
vt 0.419744 0.327254
vt 0.417352 0.325748
vt 0.422043 0.329198
vt 0.422053 0.329077
vt 0.419755 0.327132
vt 0.417363 0.325626
vt 0.391984 0.336696
vt 0.391046 0.339315
vt 0.393138 0.334184
vt 0.393154 0.334065
vt 0.392000 0.336577
vt 0.424059 0.331530
vt 0.424069 0.331409
vt 0.403719 0.324779
vt 0.401429 0.325814
vt 0.405830 0.324142
vt 0.405843 0.324020
vt 0.403733 0.324658
vt 0.401443 0.325693
vt 0.394761 0.331653
vt 0.396761 0.329304
vt 0.396776 0.329184
vt 0.394777 0.331533
vt 0.411579 0.362481
vt 0.413738 0.362080
vt 0.409542 0.362597
vt 0.409557 0.362482
vt 0.411593 0.362366
vt 0.413751 0.361965
vt 0.399047 0.327340
vt 0.399061 0.327220
vt 0.391451 0.349216
vt 0.392382 0.351641
vt 0.390907 0.346961
vt 0.390924 0.346844
vt 0.391468 0.349100
vt 0.392399 0.351525
vt 0.407504 0.362499
vt 0.405342 0.362117
vt 0.405357 0.362003
vt 0.407519 0.362384
vt 0.428083 0.340999
vt 0.428264 0.342932
vt 0.428273 0.342812
vt 0.428092 0.340880
vt 0.393795 0.354138
vt 0.395656 0.356513
vt 0.393813 0.354023
vt 0.395673 0.356398
vt 0.402933 0.361383
vt 0.400416 0.360226
vt 0.400432 0.360112
vt 0.402949 0.361269
vt 0.428264 0.344812
vt 0.428164 0.346785
vt 0.428174 0.346666
vt 0.428183 0.346548
vt 0.428274 0.344693
vt 0.407674 0.323810
vt 0.409384 0.323716
vt 0.409396 0.323594
vt 0.407686 0.323688
vt 0.397926 0.358573
vt 0.397943 0.358458
vt 0.427505 0.349061
vt 0.426595 0.351493
vt 0.426605 0.351375
vt 0.427514 0.348942
vt 0.411095 0.323795
vt 0.412940 0.324112
vt 0.412952 0.323990
vt 0.411107 0.323673
vt 0.416138 0.361325
vt 0.416151 0.361210
vt 0.390655 0.344973
vt 0.390672 0.344856
vt 0.425204 0.354002
vt 0.425215 0.353884
vt 0.415055 0.324732
vt 0.415066 0.324610
vt 0.493951 0.324649
vt 0.491657 0.325669
vt 0.491662 0.325792
vt 0.493956 0.324771
vt 0.496069 0.324147
vt 0.496064 0.324025
vt 0.496058 0.323902
vt 0.493946 0.324526
vt 0.491652 0.325547
vt 0.518217 0.341023
vt 0.517790 0.338928
vt 0.517801 0.339047
vt 0.518228 0.341142
vt 0.518488 0.343102
vt 0.518478 0.342983
vt 0.518467 0.342864
vt 0.518206 0.340903
vt 0.517780 0.338808
vt 0.518375 0.344837
vt 0.518421 0.342582
vt 0.518641 0.344938
vt 0.518391 0.346953
vt 0.518128 0.346824
vt 0.518117 0.346706
vt 0.518364 0.344718
vt 0.480784 0.344754
vt 0.481023 0.346743
vt 0.480770 0.346871
vt 0.480529 0.344855
vt 0.480758 0.342501
vt 0.480690 0.342900
vt 0.480687 0.342780
vt 0.480781 0.344635
vt 0.481021 0.346624
vt 0.490184 0.164096
vt 0.491064 0.161077
vt 0.488836 0.167302
vt 0.488833 0.167203
vt 0.490180 0.163998
vt 0.491059 0.160981
vt 0.471910 0.130759
vt 0.469543 0.130624
vt 0.474425 0.131253
vt 0.474424 0.131169
vt 0.471910 0.130676
vt 0.469543 0.130541
vt 0.476340 0.179392
vt 0.479070 0.178051
vt 0.473814 0.180217
vt 0.473813 0.180113
vt 0.476339 0.179288
vt 0.479068 0.177948
vt 0.447527 0.158402
vt 0.448022 0.161077
vt 0.447225 0.155899
vt 0.447230 0.155804
vt 0.447532 0.158307
vt 0.448027 0.160981
vt 0.486939 0.170540
vt 0.484592 0.173551
vt 0.484589 0.173450
vt 0.486936 0.170439
vt 0.477235 0.132195
vt 0.480182 0.133683
vt 0.480180 0.133598
vt 0.477233 0.132111
vt 0.481895 0.176080
vt 0.481892 0.175977
vt 0.447350 0.153485
vt 0.447220 0.155993
vt 0.447649 0.150897
vt 0.447654 0.150804
vt 0.447354 0.153392
vt 0.490788 0.147959
vt 0.489679 0.144801
vt 0.491437 0.150897
vt 0.491432 0.150804
vt 0.490784 0.147868
vt 0.489675 0.144712
vt 0.483111 0.135814
vt 0.485792 0.138475
vt 0.485788 0.138388
vt 0.483108 0.135728
vt 0.448298 0.147959
vt 0.449407 0.144801
vt 0.449411 0.144712
vt 0.448302 0.147868
vt 0.487998 0.141556
vt 0.487994 0.141467
vt 0.461851 0.132195
vt 0.458904 0.133683
vt 0.464661 0.131253
vt 0.464662 0.131169
vt 0.461853 0.132111
vt 0.458906 0.133598
vt 0.451088 0.141556
vt 0.453294 0.138475
vt 0.453297 0.138388
vt 0.451092 0.141467
vt 0.471600 0.180644
vt 0.469543 0.180758
vt 0.469543 0.180654
vt 0.471600 0.180540
vt 0.455975 0.135814
vt 0.455978 0.135728
vt 0.448902 0.164096
vt 0.450249 0.167302
vt 0.448906 0.163998
vt 0.450253 0.167203
vt 0.467485 0.180644
vt 0.465272 0.180217
vt 0.465273 0.180113
vt 0.467486 0.180540
vt 0.491736 0.153485
vt 0.491865 0.155993
vt 0.491861 0.155899
vt 0.491856 0.155804
vt 0.491731 0.153392
vt 0.452147 0.170540
vt 0.454494 0.173551
vt 0.452150 0.170439
vt 0.454497 0.173450
vt 0.462746 0.179392
vt 0.460016 0.178051
vt 0.460018 0.177948
vt 0.462747 0.179288
vt 0.491558 0.158402
vt 0.491554 0.158307
vt 0.467176 0.130759
vt 0.467176 0.130676
vt 0.457191 0.176080
vt 0.457193 0.175977
vt 0.519232 0.340986
vt 0.518776 0.338780
vt 0.519419 0.343024
vt 0.480553 0.349399
vt 0.480004 0.347017
vt 0.481304 0.349160
vt 0.488740 0.326420
vt 0.491254 0.324832
vt 0.489272 0.327302
vt 0.493668 0.323759
vt 0.495890 0.323103
vt 0.517969 0.336291
vt 0.517043 0.336684
vt 0.479957 0.340902
vt 0.479763 0.342938
vt 0.480960 0.341062
vt 0.511818 0.359378
vt 0.514206 0.357196
vt 0.511312 0.358739
vt 0.513608 0.356645
vt 0.516157 0.354682
vt 0.517634 0.352043
vt 0.515486 0.354234
vt 0.516911 0.351700
vt 0.479759 0.344920
vt 0.518601 0.349481
vt 0.519161 0.347101
vt 0.517847 0.349239
vt 0.487290 0.359324
vt 0.489905 0.361090
vt 0.487794 0.358687
vt 0.490305 0.360380
vt 0.497829 0.322766
vt 0.497914 0.323827
vt 0.519414 0.345005
vt 0.492557 0.362332
vt 0.492849 0.361571
vt 0.484962 0.331464
vt 0.483327 0.333985
vt 0.486973 0.329129
vt 0.486970 0.329007
vt 0.484959 0.331342
vt 0.483324 0.333863
vt 0.501575 0.362394
vt 0.503735 0.362008
vt 0.499538 0.362497
vt 0.499530 0.362381
vt 0.501567 0.362278
vt 0.503726 0.361892
vt 0.489268 0.327180
vt 0.489264 0.327058
vt 0.481553 0.349001
vt 0.482467 0.351431
vt 0.481550 0.348882
vt 0.482464 0.351313
vt 0.497501 0.362385
vt 0.495343 0.361989
vt 0.495337 0.361873
vt 0.497494 0.362269
vt 0.483863 0.353936
vt 0.485705 0.356323
vt 0.483860 0.353819
vt 0.485701 0.356205
vt 0.492942 0.361240
vt 0.490435 0.360066
vt 0.490430 0.359949
vt 0.492936 0.361124
vt 0.497908 0.323704
vt 0.499618 0.323621
vt 0.499612 0.323499
vt 0.497902 0.323581
vt 0.487959 0.358396
vt 0.487955 0.358280
vt 0.517588 0.349080
vt 0.516663 0.351507
vt 0.516652 0.351389
vt 0.517578 0.348962
vt 0.501328 0.323711
vt 0.503171 0.324040
vt 0.503164 0.323917
vt 0.501321 0.323589
vt 0.506140 0.361269
vt 0.508653 0.360107
vt 0.506131 0.361153
vt 0.508644 0.359991
vt 0.515255 0.354006
vt 0.513402 0.356384
vt 0.513391 0.356268
vt 0.515245 0.353889
vt 0.505282 0.324673
vt 0.507573 0.325703
vt 0.507565 0.325581
vt 0.505274 0.324550
vt 0.511137 0.358448
vt 0.511128 0.358332
vt 0.480958 0.340941
vt 0.480692 0.343020
vt 0.481393 0.338849
vt 0.481390 0.338728
vt 0.480955 0.340821
vt 0.517032 0.336563
vt 0.515874 0.334055
vt 0.517022 0.336443
vt 0.515864 0.333934
vt 0.509957 0.327224
vt 0.512245 0.329183
vt 0.512236 0.329061
vt 0.509948 0.327102
vt 0.482160 0.336488
vt 0.482157 0.336367
vt 0.514247 0.331527
vt 0.514238 0.331406
s 1
usemtl ball.001
f 1/1/1 910/2/2 2730/3/3 885/4/4
f 1/1/1 885/4/4 2729/5/5 911/6/6
f 1/1/1 911/6/6 2744/7/7 899/8/8
f 1/1/1 899/8/8 2745/9/9 910/2/2
f 2/10/10 913/11/11 2728/12/12 883/13/13
f 2/10/10 883/13/13 2727/14/14 914/15/15
f 2/10/10 914/15/15 2742/16/16 897/17/17
f 2/10/10 897/17/17 2743/18/18 913/11/11
f 3/19/19 915/20/20 2739/21/21 894/22/22
f 3/19/19 894/22/22 2738/23/23 916/24/24
f 3/19/19 916/24/24 2753/25/25 908/26/26
f 3/19/19 908/26/26 2754/27/27 915/20/20
f 4/28/28 918/29/29 2737/30/30 892/31/31
f 4/28/28 892/31/31 2736/32/32 919/33/33
f 4/28/28 919/33/33 2751/34/34 906/35/35
f 4/28/28 906/35/35 2752/36/36 918/29/29
f 5/37/37 920/38/38 2735/39/39 890/40/40
f 5/37/37 890/40/40 2734/41/41 921/42/42
f 5/37/37 921/42/42 2749/43/43 904/44/44
f 5/37/37 904/44/44 2750/45/45 920/38/38
f 6/46/46 922/47/47 2733/48/48 888/49/49
f 6/46/46 888/49/49 2732/50/50 923/51/51
f 6/46/46 923/51/51 2747/52/52 902/53/53
f 6/46/46 902/53/53 2748/54/54 922/47/47
f 7/55/55 924/56/56 2731/57/57 886/58/58
f 7/55/55 886/58/58 2730/3/3 910/2/2
f 7/55/55 910/2/2 2745/9/9 900/59/59
f 7/55/55 900/59/59 2746/60/60 924/56/56
f 8/61/61 911/6/6 2729/5/5 884/62/62
f 8/61/61 884/62/62 2728/63/12 913/64/11
f 8/61/61 913/64/11 2743/65/18 898/66/63
f 8/61/61 898/66/63 2744/7/7 911/6/6
f 9/67/64 912/68/65 2740/69/66 895/70/67
f 9/67/64 895/70/67 2739/21/21 915/20/20
f 9/67/64 915/20/20 2754/27/27 909/71/68
f 9/67/64 909/71/68 2755/72/69 912/68/65
f 10/73/70 914/15/15 2727/14/14 882/74/71
f 10/73/70 882/74/71 2726/75/72 917/76/73
f 10/73/70 917/76/73 2741/77/74 896/78/75
f 10/73/70 896/78/75 2742/16/16 914/15/15
f 11/79/76 916/80/24 2738/81/23 893/82/77
f 11/79/76 893/82/77 2737/30/30 918/29/29
f 11/79/76 918/29/29 2752/36/36 907/83/78
f 11/79/76 907/83/78 2753/84/25 916/80/24
f 12/85/79 919/33/33 2736/32/32 891/86/80
f 12/85/79 891/86/80 2735/39/39 920/38/38
f 12/85/79 920/38/38 2750/45/45 905/87/81
f 12/85/79 905/87/81 2751/34/34 919/33/33
f 13/88/82 921/42/42 2734/41/41 889/89/83
f 13/88/82 889/89/83 2733/48/48 922/47/47
f 13/88/82 922/47/47 2748/54/54 903/90/84
f 13/88/82 903/90/84 2749/43/43 921/42/42
f 14/91/85 923/51/51 2732/50/50 887/92/86
f 14/91/85 887/92/86 2731/57/57 924/56/56
f 14/91/85 924/56/56 2746/60/60 901/93/87
f 14/91/85 901/93/87 2747/52/52 923/51/51
f 15/94/88 939/95/89 2751/34/34 905/87/81
f 15/94/88 905/87/81 2750/45/45 940/96/90
f 15/94/88 940/96/90 2765/97/91 934/98/92
f 15/94/88 934/98/92 2766/99/93 939/95/89
f 16/100/94 941/101/95 2749/43/43 903/90/84
f 16/100/94 903/90/84 2748/54/54 942/102/96
f 16/100/94 942/102/96 2763/103/97 932/104/98
f 16/100/94 932/104/98 2764/105/99 941/101/95
f 17/106/100 943/107/101 2747/52/52 901/93/87
f 17/106/100 901/93/87 2746/60/60 944/108/102
f 17/106/100 944/108/102 2761/109/103 930/110/104
f 17/106/100 930/110/104 2762/111/105 943/107/101
f 18/112/106 945/113/107 2745/9/9 899/8/8
f 18/112/106 899/8/8 2744/7/7 946/114/108
f 18/112/106 946/114/108 2759/115/109 928/116/110
f 18/112/106 928/116/110 2760/117/111 945/113/107
f 19/118/112 948/119/113 2743/18/18 897/17/17
f 19/118/112 897/17/17 2742/16/16 949/120/114
f 19/118/112 949/120/114 2757/121/115 926/122/116
f 19/118/112 926/122/116 2758/123/117 948/119/113
f 20/124/118 950/125/119 2754/27/27 908/26/26
f 20/124/118 908/26/26 2753/25/25 951/126/120
f 20/124/118 951/126/120 2768/127/121 937/128/122
f 20/124/118 937/128/122 2769/129/123 950/125/119
f 21/130/124 953/131/125 2752/36/36 906/35/35
f 21/130/124 906/35/35 2751/34/34 939/95/89
f 21/130/124 939/95/89 2766/99/93 935/132/126
f 21/130/124 935/132/126 2767/133/127 953/131/125
f 22/134/128 940/96/90 2750/45/45 904/44/44
f 22/134/128 904/44/44 2749/43/43 941/101/95
f 22/134/128 941/101/95 2764/105/99 933/135/129
f 22/134/128 933/135/129 2765/97/91 940/96/90
f 23/136/130 942/102/96 2748/54/54 902/53/53
f 23/136/130 902/53/53 2747/52/52 943/107/101
f 23/136/130 943/107/101 2762/111/105 931/137/131
f 23/136/130 931/137/131 2763/103/97 942/102/96
f 24/138/132 944/108/102 2746/60/60 900/59/59
f 24/138/132 900/59/59 2745/9/9 945/113/107
f 24/138/132 945/113/107 2760/117/111 929/139/133
f 24/138/132 929/139/133 2761/109/103 944/108/102
f 25/140/134 946/114/108 2744/7/7 898/66/63
f 25/140/134 898/66/63 2743/65/18 948/141/113
f 25/140/134 948/141/113 2758/142/117 927/143/135
f 25/140/134 927/143/135 2759/115/109 946/114/108
f 26/144/136 947/145/137 2755/72/69 909/71/68
f 26/144/136 909/71/68 2754/27/27 950/125/119
f 26/144/136 950/125/119 2769/129/123 938/146/138
f 26/144/136 938/146/138 2770/147/139 947/145/137
f 27/148/140 949/120/114 2742/16/16 896/78/75
f 27/148/140 896/78/75 2741/77/74 952/149/141
f 27/148/140 952/149/141 2756/150/142 925/151/143
f 27/148/140 925/151/143 2757/121/115 949/120/114
f 28/152/144 951/153/120 2753/84/25 907/83/78
f 28/152/144 907/83/78 2752/36/36 953/131/125
f 28/152/144 953/131/125 2767/133/127 936/154/145
f 28/152/144 936/154/145 2768/155/121 951/153/120
f 29/156/146 968/157/147 2766/99/93 934/98/92
f 29/156/146 934/98/92 2765/97/91 969/158/148
f 29/156/146 969/158/148 2780/159/149 963/160/150
f 29/156/146 963/160/150 2781/161/151 968/157/147
f 30/162/152 970/163/153 2764/105/99 932/104/98
f 30/162/152 932/104/98 2763/103/97 971/164/154
f 30/162/152 971/164/154 2778/165/155 961/166/156
f 30/162/152 961/166/156 2779/167/157 970/163/153
f 31/168/158 972/169/159 2762/111/105 930/110/104
f 31/168/158 930/110/104 2761/109/103 973/170/160
f 31/168/158 973/170/160 2776/171/161 959/172/162
f 31/168/158 959/172/162 2777/173/163 972/169/159
f 32/174/164 974/175/165 2760/117/111 928/116/110
f 32/174/164 928/116/110 2759/115/109 975/176/166
f 32/174/164 975/176/166 2774/177/167 957/178/168
f 32/174/164 957/178/168 2775/179/169 974/175/165
f 33/180/170 977/181/171 2758/123/117 926/122/116
f 33/180/170 926/122/116 2757/121/115 978/182/172
f 33/180/170 978/182/172 2772/183/173 955/184/174
f 33/180/170 955/184/174 2773/185/175 977/181/171
f 34/186/176 979/187/177 2769/129/123 937/128/122
f 34/186/176 937/128/122 2768/127/121 980/188/178
f 34/186/176 980/188/178 2783/189/179 966/190/180
f 34/186/176 966/190/180 2784/191/181 979/187/177
f 35/192/182 982/193/183 2767/133/127 935/132/126
f 35/192/182 935/132/126 2766/99/93 968/157/147
f 35/192/182 968/157/147 2781/161/151 964/194/184
f 35/192/182 964/194/184 2782/195/185 982/193/183
f 36/196/186 969/158/148 2765/97/91 933/135/129
f 36/196/186 933/135/129 2764/105/99 970/163/153
f 36/196/186 970/163/153 2779/167/157 962/197/187
f 36/196/186 962/197/187 2780/159/149 969/158/148
f 37/198/188 971/164/154 2763/103/97 931/137/131
f 37/198/188 931/137/131 2762/111/105 972/169/159
f 37/198/188 972/169/159 2777/173/163 960/199/189
f 37/198/188 960/199/189 2778/165/155 971/164/154
f 38/200/190 973/170/160 2761/109/103 929/139/133
f 38/200/190 929/139/133 2760/117/111 974/175/165
f 38/200/190 974/175/165 2775/179/169 958/201/191
f 38/200/190 958/201/191 2776/171/161 973/170/160
f 39/202/192 975/176/166 2759/115/109 927/143/135
f 39/202/192 927/143/135 2758/142/117 977/203/171
f 39/202/192 977/203/171 2773/204/175 956/205/193
f 39/202/192 956/205/193 2774/177/167 975/176/166
f 40/206/194 976/207/195 2770/147/139 938/146/138
f 40/206/194 938/146/138 2769/129/123 979/187/177
f 40/206/194 979/187/177 2784/191/181 967/208/196
f 40/206/194 967/208/196 2785/209/197 976/207/195
f 41/210/198 978/182/172 2757/121/115 925/151/143
f 41/210/198 925/151/143 2756/150/142 981/211/199
f 41/210/198 981/211/199 2771/212/200 954/213/201
f 41/210/198 954/213/201 2772/183/173 978/182/172
f 42/214/202 980/215/178 2768/155/121 936/154/145
f 42/214/202 936/154/145 2767/133/127 982/193/183
f 42/214/202 982/193/183 2782/195/185 965/216/203
f 42/214/202 965/216/203 2783/217/179 980/215/178
f 43/218/204 997/219/205 2781/161/151 963/160/150
f 43/218/204 963/160/150 2780/159/149 998/220/206
f 43/218/204 998/220/206 2795/221/207 992/222/208
f 43/218/204 992/222/208 2796/223/209 997/219/205
f 44/224/210 999/225/211 2779/167/157 961/166/156
f 44/224/210 961/166/156 2778/165/155 1000/226/212
f 44/224/210 1000/226/212 2793/227/213 990/228/214
f 44/224/210 990/228/214 2794/229/215 999/225/211
f 45/230/216 1001/231/217 2777/173/163 959/172/162
f 45/230/216 959/172/162 2776/171/161 1002/232/218
f 45/230/216 1002/232/218 2791/233/219 988/234/220
f 45/230/216 988/234/220 2792/235/221 1001/231/217
f 46/236/222 1003/237/223 2775/179/169 957/178/168
f 46/236/222 957/178/168 2774/177/167 1004/238/224
f 46/236/222 1004/238/224 2789/239/225 986/240/226
f 46/236/222 986/240/226 2790/241/227 1003/237/223
f 47/242/228 1006/243/229 2773/185/175 955/184/174
f 47/242/228 955/184/174 2772/183/173 1007/244/230
f 47/242/228 1007/244/230 2787/245/231 984/246/232
f 47/242/228 984/246/232 2788/247/233 1006/243/229
f 48/248/234 1008/249/235 2784/191/181 966/190/180
f 48/248/234 966/190/180 2783/189/179 1009/250/236
f 48/248/234 1009/250/236 2798/251/237 995/252/238
f 48/248/234 995/252/238 2799/253/239 1008/249/235
f 49/254/240 1011/255/241 2782/195/185 964/194/184
f 49/254/240 964/194/184 2781/161/151 997/219/205
f 49/254/240 997/219/205 2796/223/209 993/256/242
f 49/254/240 993/256/242 2797/257/243 1011/255/241
f 50/258/244 998/220/206 2780/159/149 962/197/187
f 50/258/244 962/197/187 2779/167/157 999/225/211
f 50/258/244 999/225/211 2794/229/215 991/259/245
f 50/258/244 991/259/245 2795/221/207 998/220/206
f 51/260/246 1000/226/212 2778/165/155 960/199/189
f 51/260/246 960/199/189 2777/173/163 1001/231/217
f 51/260/246 1001/231/217 2792/235/221 989/261/247
f 51/260/246 989/261/247 2793/227/213 1000/226/212
f 52/262/248 1002/232/218 2776/171/161 958/201/191
f 52/262/248 958/201/191 2775/179/169 1003/237/223
f 52/262/248 1003/237/223 2790/241/227 987/263/249
f 52/262/248 987/263/249 2791/233/219 1002/232/218
f 53/264/250 1004/238/224 2774/177/167 956/205/193
f 53/264/250 956/205/193 2773/204/175 1006/265/229
f 53/264/250 1006/265/229 2788/266/233 985/267/251
f 53/264/250 985/267/251 2789/239/225 1004/238/224
f 54/268/252 1005/269/253 2785/209/197 967/208/196
f 54/268/252 967/208/196 2784/191/181 1008/249/235
f 54/268/252 1008/249/235 2799/253/239 996/270/254
f 54/268/252 996/270/254 2800/271/255 1005/269/253
f 55/272/256 1007/244/230 2772/183/173 954/213/201
f 55/272/256 954/213/201 2771/212/200 1010/273/257
f 55/272/256 1010/273/257 2786/274/258 983/275/259
f 55/272/256 983/275/259 2787/245/231 1007/244/230
f 56/276/260 1009/277/236 2783/217/179 965/216/203
f 56/276/260 965/216/203 2782/195/185 1011/255/241
f 56/276/260 1011/255/241 2797/257/243 994/278/261
f 56/276/260 994/278/261 2798/279/237 1009/277/236
f 57/280/262 1026/281/263 2796/223/209 992/222/208
f 57/280/262 992/222/208 2795/221/207 1027/282/264
f 57/280/262 1027/282/264 2810/283/265 1021/284/266
f 57/280/262 1021/284/266 2811/285/267 1026/281/263
f 58/286/268 1028/287/269 2794/229/215 990/228/214
f 58/286/268 990/228/214 2793/227/213 1029/288/270
f 58/286/268 1029/288/270 2808/289/271 1019/290/272
f 58/286/268 1019/290/272 2809/291/273 1028/287/269
f 59/292/274 1030/293/275 2792/235/221 988/234/220
f 59/292/274 988/234/220 2791/233/219 1031/294/276
f 59/292/274 1031/294/276 2806/295/277 1017/296/278
f 59/292/274 1017/296/278 2807/297/279 1030/293/275
f 60/298/280 1032/299/281 2790/241/227 986/240/226
f 60/298/280 986/240/226 2789/239/225 1033/300/282
f 60/298/280 1033/300/282 2804/301/283 1015/302/284
f 60/298/280 1015/302/284 2805/303/285 1032/299/281
f 61/304/286 1035/305/287 2788/247/233 984/246/232
f 61/304/286 984/246/232 2787/245/231 1036/306/288
f 61/304/286 1036/306/288 2802/307/289 1013/308/290
f 61/304/286 1013/308/290 2803/309/291 1035/305/287
f 62/310/292 1037/311/293 2799/253/239 995/252/238
f 62/310/292 995/252/238 2798/251/237 1038/312/294
f 62/310/292 1038/312/294 2813/313/295 1024/314/296
f 62/310/292 1024/314/296 2814/315/297 1037/311/293
f 63/316/298 1040/317/299 2797/257/243 993/256/242
f 63/316/298 993/256/242 2796/223/209 1026/281/263
f 63/316/298 1026/281/263 2811/285/267 1022/318/300
f 63/316/298 1022/318/300 2812/319/301 1040/317/299
f 64/320/302 1027/282/264 2795/221/207 991/259/245
f 64/320/302 991/259/245 2794/229/215 1028/287/269
f 64/320/302 1028/287/269 2809/291/273 1020/321/303
f 64/320/302 1020/321/303 2810/283/265 1027/282/264
f 65/322/304 1029/288/270 2793/227/213 989/261/247
f 65/322/304 989/261/247 2792/235/221 1030/293/275
f 65/322/304 1030/293/275 2807/297/279 1018/323/305
f 65/322/304 1018/323/305 2808/289/271 1029/288/270
f 66/324/306 1031/294/276 2791/233/219 987/263/249
f 66/324/306 987/263/249 2790/241/227 1032/299/281
f 66/324/306 1032/299/281 2805/303/285 1016/325/307
f 66/324/306 1016/325/307 2806/295/277 1031/294/276
f 67/326/308 1033/300/282 2789/239/225 985/267/251
f 67/326/308 985/267/251 2788/266/233 1035/327/287
f 67/326/308 1035/327/287 2803/328/291 1014/329/309
f 67/326/308 1014/329/309 2804/301/283 1033/300/282
f 68/330/310 1034/331/311 2800/271/255 996/270/254
f 68/330/310 996/270/254 2799/253/239 1037/311/293
f 68/330/310 1037/311/293 2814/315/297 1025/332/312
f 68/330/310 1025/332/312 2815/333/313 1034/331/311
f 69/334/314 1036/306/288 2787/245/231 983/275/259
f 69/334/314 983/275/259 2786/274/258 1039/335/315
f 69/334/314 1039/335/315 2801/336/316 1012/337/317
f 69/334/314 1012/337/317 2802/307/289 1036/306/288
f 70/338/318 1038/339/294 2798/279/237 994/278/261
f 70/338/318 994/278/261 2797/257/243 1040/317/299
f 70/338/318 1040/317/299 2812/319/301 1023/340/319
f 70/338/318 1023/340/319 2813/341/295 1038/339/294
f 71/342/320 1055/343/321 2811/285/267 1021/284/266
f 71/342/320 1021/284/266 2810/283/265 1056/344/322
f 71/342/320 1056/344/322 2825/345/323 1050/346/324
f 71/342/320 1050/346/324 2826/347/325 1055/343/321
f 72/348/326 1057/349/327 2809/291/273 1019/290/272
f 72/348/326 1019/290/272 2808/289/271 1058/350/328
f 72/348/326 1058/350/328 2823/351/329 1048/352/330
f 72/348/326 1048/352/330 2824/353/331 1057/349/327
f 73/354/332 1059/355/333 2807/297/279 1017/296/278
f 73/354/332 1017/296/278 2806/295/277 1060/356/334
f 73/354/332 1060/356/334 2821/357/335 1046/358/336
f 73/354/332 1046/358/336 2822/359/337 1059/355/333
f 74/360/338 1061/361/339 2805/303/285 1015/302/284
f 74/360/338 1015/302/284 2804/301/283 1062/362/340
f 74/360/338 1062/362/340 2819/363/341 1044/364/342
f 74/360/338 1044/364/342 2820/365/343 1061/361/339
f 75/366/344 1064/367/345 2803/309/291 1013/308/290
f 75/366/344 1013/308/290 2802/307/289 1065/368/346
f 75/366/344 1065/368/346 2817/369/347 1042/370/348
f 75/366/344 1042/370/348 2818/371/349 1064/367/345
f 76/372/350 1066/373/351 2814/315/297 1024/314/296
f 76/372/350 1024/314/296 2813/313/295 1067/374/352
f 76/372/350 1067/374/352 2828/375/353 1053/376/354
f 76/372/350 1053/376/354 2829/377/355 1066/373/351
f 77/378/356 1069/379/357 2812/319/301 1022/318/300
f 77/378/356 1022/318/300 2811/285/267 1055/343/321
f 77/378/356 1055/343/321 2826/347/325 1051/380/358
f 77/378/356 1051/380/358 2827/381/359 1069/379/357
f 78/382/360 1056/344/322 2810/283/265 1020/321/303
f 78/382/360 1020/321/303 2809/291/273 1057/349/327
f 78/382/360 1057/349/327 2824/353/331 1049/383/361
f 78/382/360 1049/383/361 2825/345/323 1056/344/322
f 79/384/362 1058/350/328 2808/289/271 1018/323/305
f 79/384/362 1018/323/305 2807/297/279 1059/355/333
f 79/384/362 1059/355/333 2822/359/337 1047/385/363
f 79/384/362 1047/385/363 2823/351/329 1058/350/328
f 80/386/364 1060/356/334 2806/295/277 1016/325/307
f 80/386/364 1016/325/307 2805/303/285 1061/361/339
f 80/386/364 1061/361/339 2820/365/343 1045/387/365
f 80/386/364 1045/387/365 2821/357/335 1060/356/334
f 81/388/366 1062/362/340 2804/301/283 1014/329/309
f 81/388/366 1014/329/309 2803/328/291 1064/389/345
f 81/388/366 1064/389/345 2818/390/349 1043/391/367
f 81/388/366 1043/391/367 2819/363/341 1062/362/340
f 82/392/368 1063/393/369 2815/333/313 1025/332/312
f 82/392/368 1025/332/312 2814/315/297 1066/373/351
f 82/392/368 1066/373/351 2829/377/355 1054/394/370
f 82/392/368 1054/394/370 2830/395/371 1063/393/369
f 83/396/372 1065/368/346 2802/307/289 1012/337/317
f 83/396/372 1012/337/317 2801/336/316 1068/397/373
f 83/396/372 1068/397/373 2816/398/374 1041/399/375
f 83/396/372 1041/399/375 2817/369/347 1065/368/346
f 84/400/376 1067/401/352 2813/341/295 1023/340/319
f 84/400/376 1023/340/319 2812/319/301 1069/379/357
f 84/400/376 1069/379/357 2827/381/359 1052/402/377
f 84/400/376 1052/402/377 2828/403/353 1067/401/352
f 85/404/378 1084/405/379 2826/347/325 1050/346/324
f 85/404/378 1050/346/324 2825/345/323 1085/406/380
f 85/404/378 1085/406/380 2840/407/381 1079/408/382
f 85/404/378 1079/408/382 2841/409/383 1084/405/379
f 86/410/384 1086/411/385 2824/353/331 1048/352/330
f 86/410/384 1048/352/330 2823/351/329 1087/412/386
f 86/410/384 1087/412/386 2838/413/387 1077/414/388
f 86/410/384 1077/414/388 2839/415/389 1086/411/385
f 87/416/390 1088/417/391 2822/359/337 1046/358/336
f 87/416/390 1046/358/336 2821/357/335 1089/418/392
f 87/416/390 1089/418/392 2836/419/393 1075/420/394
f 87/416/390 1075/420/394 2837/421/395 1088/417/391
f 88/422/396 1090/423/397 2820/365/343 1044/364/342
f 88/422/396 1044/364/342 2819/363/341 1091/424/398
f 88/422/396 1091/424/398 2834/425/399 1073/426/400
f 88/422/396 1073/426/400 2835/427/401 1090/423/397
f 89/428/402 1093/429/403 2818/371/349 1042/370/348
f 89/428/402 1042/370/348 2817/369/347 1094/430/404
f 89/428/402 1094/430/404 2832/431/405 1071/432/406
f 89/428/402 1071/432/406 2833/433/407 1093/429/403
f 90/434/408 1095/435/409 2829/377/355 1053/376/354
f 90/434/408 1053/376/354 2828/375/353 1096/436/410
f 90/434/408 1096/436/410 2843/437/411 1082/438/412
f 90/434/408 1082/438/412 2844/439/413 1095/435/409
f 91/440/414 1098/441/415 2827/381/359 1051/380/358
f 91/440/414 1051/380/358 2826/347/325 1084/405/379
f 91/440/414 1084/405/379 2841/409/383 1080/442/416
f 91/440/414 1080/442/416 2842/443/417 1098/441/415
f 92/444/418 1085/406/380 2825/345/323 1049/383/361
f 92/444/418 1049/383/361 2824/353/331 1086/411/385
f 92/444/418 1086/411/385 2839/415/389 1078/445/419
f 92/444/418 1078/445/419 2840/407/381 1085/406/380
f 93/446/420 1087/412/386 2823/351/329 1047/385/363
f 93/446/420 1047/385/363 2822/359/337 1088/417/391
f 93/446/420 1088/417/391 2837/421/395 1076/447/421
f 93/446/420 1076/447/421 2838/413/387 1087/412/386
f 94/448/422 1089/418/392 2821/357/335 1045/387/365
f 94/448/422 1045/387/365 2820/365/343 1090/423/397
f 94/448/422 1090/423/397 2835/427/401 1074/449/423
f 94/448/422 1074/449/423 2836/419/393 1089/418/392
f 95/450/424 1091/424/398 2819/363/341 1043/391/367
f 95/450/424 1043/391/367 2818/390/349 1093/451/403
f 95/450/424 1093/451/403 2833/452/407 1072/453/425
f 95/450/424 1072/453/425 2834/425/399 1091/424/398
f 96/454/426 1092/455/427 2830/395/371 1054/394/370
f 96/454/426 1054/394/370 2829/377/355 1095/435/409
f 96/454/426 1095/435/409 2844/439/413 1083/456/428
f 96/454/426 1083/456/428 2845/457/429 1092/455/427
f 97/458/430 1094/430/404 2817/369/347 1041/399/375
f 97/458/430 1041/399/375 2816/398/374 1097/459/431
f 97/458/430 1097/459/431 2831/460/432 1070/461/433
f 97/458/430 1070/461/433 2832/431/405 1094/430/404
f 98/462/434 1096/463/410 2828/403/353 1052/402/377
f 98/462/434 1052/402/377 2827/381/359 1098/441/415
f 98/462/434 1098/441/415 2842/443/417 1081/464/435
f 98/462/434 1081/464/435 2843/465/411 1096/463/410
f 99/466/436 1113/467/437 2841/468/383 1079/469/382
f 99/466/436 1079/469/382 2840/470/381 1114/471/438
f 99/466/436 1114/471/438 2855/472/439 1108/473/440
f 99/466/436 1108/473/440 2856/474/441 1113/467/437
f 100/475/442 1115/476/443 2839/477/389 1077/478/388
f 100/475/442 1077/478/388 2838/479/387 1116/480/444
f 100/475/442 1116/480/444 2853/481/445 1106/482/446
f 100/475/442 1106/482/446 2854/483/447 1115/476/443
f 101/484/448 1117/485/449 2837/486/395 1075/487/394
f 101/484/448 1075/487/394 2836/488/393 1118/489/450
f 101/484/448 1118/489/450 2851/490/451 1104/491/452
f 101/484/448 1104/491/452 2852/492/453 1117/485/449
f 102/493/454 1119/494/455 2835/495/401 1073/496/400
f 102/493/454 1073/496/400 2834/497/399 1120/498/456
f 102/493/454 1120/498/456 2849/499/457 1102/500/458
f 102/493/454 1102/500/458 2850/501/459 1119/494/455
f 103/502/460 1122/503/461 2833/433/407 1071/432/406
f 103/502/460 1071/432/406 2832/431/405 1123/504/462
f 103/502/460 1123/504/462 2847/505/463 1100/506/464
f 103/502/460 1100/506/464 2848/507/465 1122/503/461
f 104/508/466 1124/509/467 2844/439/413 1082/438/412
f 104/508/466 1082/438/412 2843/437/411 1125/510/468
f 104/508/466 1125/510/468 2858/511/469 1111/512/470
f 104/508/466 1111/512/470 2859/513/471 1124/509/467
f 105/514/472 1127/515/473 2842/516/417 1080/517/416
f 105/514/472 1080/517/416 2841/468/383 1113/467/437
f 105/514/472 1113/467/437 2856/474/441 1109/518/474
f 105/514/472 1109/518/474 2857/519/475 1127/515/473
f 106/520/476 1114/471/438 2840/470/381 1078/521/419
f 106/520/476 1078/521/419 2839/477/389 1115/476/443
f 106/520/476 1115/476/443 2854/483/447 1107/522/477
f 106/520/476 1107/522/477 2855/472/439 1114/471/438
f 107/523/478 1116/480/444 2838/479/387 1076/524/421
f 107/523/478 1076/524/421 2837/486/395 1117/485/449
f 107/523/478 1117/485/449 2852/492/453 1105/525/479
f 107/523/478 1105/525/479 2853/481/445 1116/480/444
f 108/526/480 1118/489/450 2836/488/393 1074/527/423
f 108/526/480 1074/527/423 2835/495/401 1119/494/455
f 108/526/480 1119/494/455 2850/501/459 1103/528/481
f 108/526/480 1103/528/481 2851/490/451 1118/489/450
f 109/529/482 1120/498/456 2834/497/399 1072/530/425
f 109/529/482 1072/530/425 2833/531/407 1122/532/461
f 109/529/482 1122/532/461 2848/533/465 1101/534/483
f 109/529/482 1101/534/483 2849/499/457 1120/498/456
f 110/535/484 1121/536/485 2845/457/429 1083/456/428
f 110/535/484 1083/456/428 2844/439/413 1124/509/467
f 110/535/484 1124/509/467 2859/513/471 1112/537/486
f 110/535/484 1112/537/486 2860/538/487 1121/536/485
f 111/539/488 1123/504/462 2832/431/405 1070/461/433
f 111/539/488 1070/461/433 2831/460/432 1126/540/489
f 111/539/488 1126/540/489 2846/541/490 1099/542/491
f 111/539/488 1099/542/491 2847/505/463 1123/504/462
f 112/543/492 1125/544/468 2843/545/411 1081/546/435
f 112/543/492 1081/546/435 2842/516/417 1127/515/473
f 112/543/492 1127/515/473 2857/519/475 1110/547/493
f 112/543/492 1110/547/493 2858/548/469 1125/544/468
f 113/549/494 1142/550/495 2856/474/441 1108/473/440
f 113/549/494 1108/473/440 2855/472/439 1143/551/496
f 113/549/494 1143/551/496 2870/552/497 1137/553/498
f 113/549/494 1137/553/498 2871/554/499 1142/550/495
f 114/555/500 1144/556/501 2854/483/447 1106/482/446
f 114/555/500 1106/482/446 2853/481/445 1145/557/502
f 114/555/500 1145/557/502 2868/558/503 1135/559/504
f 114/555/500 1135/559/504 2869/560/505 1144/556/501
f 115/561/506 1146/562/507 2852/492/453 1104/491/452
f 115/561/506 1104/491/452 2851/490/451 1147/563/508
f 115/561/506 1147/563/508 2866/564/509 1133/565/510
f 115/561/506 1133/565/510 2867/566/511 1146/562/507
f 116/567/512 1148/568/513 2850/501/459 1102/500/458
f 116/567/512 1102/500/458 2849/499/457 1149/569/514
f 116/567/512 1149/569/514 2864/570/515 1131/571/516
f 116/567/512 1131/571/516 2865/572/517 1148/568/513
f 117/573/518 1151/574/519 2848/507/465 1100/506/464
f 117/573/518 1100/506/464 2847/505/463 1152/575/520
f 117/573/518 1152/575/520 2862/576/521 1129/577/522
f 117/573/518 1129/577/522 2863/578/523 1151/574/519
f 118/579/524 1153/580/525 2859/513/471 1111/512/470
f 118/579/524 1111/512/470 2858/511/469 1154/581/526
f 118/579/524 1154/581/526 2873/582/527 1140/583/528
f 118/579/524 1140/583/528 2874/584/529 1153/580/525
f 119/585/530 1156/586/531 2857/519/475 1109/518/474
f 119/585/530 1109/518/474 2856/474/441 1142/550/495
f 119/585/530 1142/550/495 2871/554/499 1138/587/532
f 119/585/530 1138/587/532 2872/588/533 1156/586/531
f 120/589/534 1143/551/496 2855/472/439 1107/522/477
f 120/589/534 1107/522/477 2854/483/447 1144/556/501
f 120/589/534 1144/556/501 2869/560/505 1136/590/535
f 120/589/534 1136/590/535 2870/552/497 1143/551/496
f 121/591/536 1145/557/502 2853/481/445 1105/525/479
f 121/591/536 1105/525/479 2852/492/453 1146/562/507
f 121/591/536 1146/562/507 2867/566/511 1134/592/537
f 121/591/536 1134/592/537 2868/558/503 1145/557/502
f 122/593/538 1147/563/508 2851/490/451 1103/528/481
f 122/593/538 1103/528/481 2850/501/459 1148/568/513
f 122/593/538 1148/568/513 2865/572/517 1132/594/539
f 122/593/538 1132/594/539 2866/564/509 1147/563/508
f 123/595/540 1149/569/514 2849/499/457 1101/534/483
f 123/595/540 1101/534/483 2848/533/465 1151/596/519
f 123/595/540 1151/596/519 2863/597/523 1130/598/541
f 123/595/540 1130/598/541 2864/570/515 1149/569/514
f 124/599/542 1150/600/543 2860/538/487 1112/537/486
f 124/599/542 1112/537/486 2859/513/471 1153/580/525
f 124/599/542 1153/580/525 2874/584/529 1141/601/544
f 124/599/542 1141/601/544 2875/602/545 1150/600/543
f 125/603/546 1152/575/520 2847/505/463 1099/542/491
f 125/603/546 1099/542/491 2846/541/490 1155/604/547
f 125/603/546 1155/604/547 2861/605/548 1128/606/549
f 125/603/546 1128/606/549 2862/576/521 1152/575/520
f 126/607/550 1154/608/526 2858/548/469 1110/547/493
f 126/607/550 1110/547/493 2857/519/475 1156/586/531
f 126/607/550 1156/586/531 2872/588/533 1139/609/551
f 126/607/550 1139/609/551 2873/610/527 1154/608/526
f 127/611/552 1171/612/553 2871/554/499 1137/553/498
f 127/611/552 1137/553/498 2870/552/497 1172/613/554
f 127/611/552 1172/613/554 2885/614/555 1166/615/556
f 127/611/552 1166/615/556 2886/616/557 1171/612/553
f 128/617/558 1173/618/559 2869/560/505 1135/559/504
f 128/617/558 1135/559/504 2868/558/503 1174/619/560
f 128/617/558 1174/619/560 2883/620/561 1164/621/562
f 128/617/558 1164/621/562 2884/622/563 1173/618/559
f 129/623/564 1175/624/565 2867/566/511 1133/565/510
f 129/623/564 1133/565/510 2866/564/509 1176/625/566
f 129/623/564 1176/625/566 2881/626/567 1162/627/568
f 129/623/564 1162/627/568 2882/628/569 1175/624/565
f 130/629/570 1177/630/571 2865/572/517 1131/571/516
f 130/629/570 1131/571/516 2864/570/515 1178/631/572
f 130/629/570 1178/631/572 2879/632/573 1160/633/574
f 130/629/570 1160/633/574 2880/634/575 1177/630/571
f 131/635/576 1180/636/577 2863/578/523 1129/577/522
f 131/635/576 1129/577/522 2862/576/521 1181/637/578
f 131/635/576 1181/637/578 2877/638/579 1158/639/580
f 131/635/576 1158/639/580 2878/640/581 1180/636/577
f 132/641/582 1182/642/583 2874/584/529 1140/583/528
f 132/641/582 1140/583/528 2873/582/527 1183/643/584
f 132/641/582 1183/643/584 2888/644/585 1169/645/586
f 132/641/582 1169/645/586 2889/646/587 1182/642/583
f 133/647/588 1185/648/589 2872/588/533 1138/587/532
f 133/647/588 1138/587/532 2871/554/499 1171/612/553
f 133/647/588 1171/612/553 2886/616/557 1167/649/590
f 133/647/588 1167/649/590 2887/650/591 1185/648/589
f 134/651/592 1172/613/554 2870/552/497 1136/590/535
f 134/651/592 1136/590/535 2869/560/505 1173/618/559
f 134/651/592 1173/618/559 2884/622/563 1165/652/593
f 134/651/592 1165/652/593 2885/614/555 1172/613/554
f 135/653/594 1174/619/560 2868/558/503 1134/592/537
f 135/653/594 1134/592/537 2867/566/511 1175/624/565
f 135/653/594 1175/624/565 2882/628/569 1163/654/595
f 135/653/594 1163/654/595 2883/620/561 1174/619/560
f 136/655/596 1176/625/566 2866/564/509 1132/594/539
f 136/655/596 1132/594/539 2865/572/517 1177/630/571
f 136/655/596 1177/630/571 2880/634/575 1161/656/597
f 136/655/596 1161/656/597 2881/626/567 1176/625/566
f 137/657/598 1178/631/572 2864/570/515 1130/598/541
f 137/657/598 1130/598/541 2863/597/523 1180/658/577
f 137/657/598 1180/658/577 2878/659/581 1159/660/599
f 137/657/598 1159/660/599 2879/632/573 1178/631/572
f 138/661/600 1179/662/601 2875/602/545 1141/601/544
f 138/661/600 1141/601/544 2874/584/529 1182/642/583
f 138/661/600 1182/642/583 2889/646/587 1170/663/602
f 138/661/600 1170/663/602 2890/664/603 1179/662/601
f 139/665/604 1181/637/578 2862/576/521 1128/606/549
f 139/665/604 1128/606/549 2861/605/548 1184/666/605
f 139/665/604 1184/666/605 2876/667/606 1157/668/607
f 139/665/604 1157/668/607 2877/638/579 1181/637/578
f 140/669/608 1183/670/584 2873/610/527 1139/609/551
f 140/669/608 1139/609/551 2872/588/533 1185/648/589
f 140/669/608 1185/648/589 2887/650/591 1168/671/609
f 140/669/608 1168/671/609 2888/672/585 1183/670/584
f 141/673/610 1200/674/611 2886/616/557 1166/615/556
f 141/673/610 1166/615/556 2885/614/555 1201/675/612
f 141/673/610 1201/675/612 2900/676/613 1195/677/614
f 141/673/610 1195/677/614 2901/678/615 1200/674/611
f 142/679/616 1202/680/617 2884/622/563 1164/621/562
f 142/679/616 1164/621/562 2883/620/561 1203/681/618
f 142/679/616 1203/681/618 2898/682/619 1193/683/620
f 142/679/616 1193/683/620 2899/684/621 1202/680/617
f 143/685/622 1204/686/623 2882/628/569 1162/627/568
f 143/685/622 1162/627/568 2881/626/567 1205/687/624
f 143/685/622 1205/687/624 2896/688/625 1191/689/626
f 143/685/622 1191/689/626 2897/690/627 1204/686/623
f 144/691/628 1206/692/629 2880/634/575 1160/633/574
f 144/691/628 1160/633/574 2879/632/573 1207/693/630
f 144/691/628 1207/693/630 2894/694/631 1189/695/632
f 144/691/628 1189/695/632 2895/696/633 1206/692/629
f 145/697/634 1209/698/635 2878/640/581 1158/639/580
f 145/697/634 1158/639/580 2877/638/579 1210/699/636
f 145/697/634 1210/699/636 2892/700/637 1187/701/638
f 145/697/634 1187/701/638 2893/702/639 1209/698/635
f 146/703/640 1211/704/641 2889/646/587 1169/645/586
f 146/703/640 1169/645/586 2888/644/585 1212/705/642
f 146/703/640 1212/705/642 2903/706/643 1198/707/644
f 146/703/640 1198/707/644 2904/708/645 1211/704/641
f 147/709/646 1214/710/647 2887/650/591 1167/649/590
f 147/709/646 1167/649/590 2886/616/557 1200/674/611
f 147/709/646 1200/674/611 2901/678/615 1196/711/648
f 147/709/646 1196/711/648 2902/712/649 1214/710/647
f 148/713/650 1201/675/612 2885/614/555 1165/652/593
f 148/713/650 1165/652/593 2884/622/563 1202/680/617
f 148/713/650 1202/680/617 2899/684/621 1194/714/651
f 148/713/650 1194/714/651 2900/676/613 1201/675/612
f 149/715/652 1203/681/618 2883/620/561 1163/654/595
f 149/715/652 1163/654/595 2882/628/569 1204/686/623
f 149/715/652 1204/686/623 2897/690/627 1192/716/653
f 149/715/652 1192/716/653 2898/682/619 1203/681/618
f 150/717/654 1205/687/624 2881/626/567 1161/656/597
f 150/717/654 1161/656/597 2880/634/575 1206/692/629
f 150/717/654 1206/692/629 2895/696/633 1190/718/655
f 150/717/654 1190/718/655 2896/688/625 1205/687/624
f 151/719/656 1207/693/630 2879/632/573 1159/660/599
f 151/719/656 1159/660/599 2878/659/581 1209/720/635
f 151/719/656 1209/720/635 2893/721/639 1188/722/657
f 151/719/656 1188/722/657 2894/694/631 1207/693/630
f 152/723/658 1208/724/659 2890/664/603 1170/663/602
f 152/723/658 1170/663/602 2889/646/587 1211/704/641
f 152/723/658 1211/704/641 2904/708/645 1199/725/660
f 152/723/658 1199/725/660 2905/726/661 1208/724/659
f 153/727/662 1210/699/636 2877/638/579 1157/668/607
f 153/727/662 1157/668/607 2876/667/606 1213/728/663
f 153/727/662 1213/728/663 2891/729/664 1186/730/665
f 153/727/662 1186/730/665 2892/700/637 1210/699/636
f 154/731/666 1212/732/642 2888/672/585 1168/671/609
f 154/731/666 1168/671/609 2887/650/591 1214/710/647
f 154/731/666 1214/710/647 2902/712/649 1197/733/667
f 154/731/666 1197/733/667 2903/734/643 1212/732/642
f 155/735/668 1229/736/669 2901/678/615 1195/677/614
f 155/735/668 1195/677/614 2900/676/613 1230/737/670
f 155/735/668 1230/737/670 2915/738/671 1224/739/672
f 155/735/668 1224/739/672 2916/740/673 1229/736/669
f 156/741/674 1231/742/675 2899/684/621 1193/683/620
f 156/741/674 1193/683/620 2898/682/619 1232/743/676
f 156/741/674 1232/743/676 2913/744/677 1222/745/678
f 156/741/674 1222/745/678 2914/746/679 1231/742/675
f 157/747/680 1233/748/681 2897/690/627 1191/689/626
f 157/747/680 1191/689/626 2896/688/625 1234/749/682
f 157/747/680 1234/749/682 2911/750/683 1220/751/684
f 157/747/680 1220/751/684 2912/752/685 1233/748/681
f 158/753/686 1235/754/687 2895/696/633 1189/695/632
f 158/753/686 1189/695/632 2894/694/631 1236/755/688
f 158/753/686 1236/755/688 2909/756/689 1218/757/690
f 158/753/686 1218/757/690 2910/758/691 1235/754/687
f 159/759/692 1238/760/693 2893/702/639 1187/701/638
f 159/759/692 1187/701/638 2892/700/637 1239/761/694
f 159/759/692 1239/761/694 2907/762/695 1216/763/696
f 159/759/692 1216/763/696 2908/764/697 1238/760/693
f 160/765/698 1240/766/699 2904/708/645 1198/707/644
f 160/765/698 1198/707/644 2903/706/643 1241/767/700
f 160/765/698 1241/767/700 2918/768/701 1227/769/702
f 160/765/698 1227/769/702 2919/770/703 1240/766/699
f 161/771/704 1243/772/705 2902/712/649 1196/711/648
f 161/771/704 1196/711/648 2901/678/615 1229/736/669
f 161/771/704 1229/736/669 2916/740/673 1225/773/706
f 161/771/704 1225/773/706 2917/774/707 1243/772/705
f 162/775/708 1230/737/670 2900/676/613 1194/714/651
f 162/775/708 1194/714/651 2899/684/621 1231/742/675
f 162/775/708 1231/742/675 2914/746/679 1223/776/709
f 162/775/708 1223/776/709 2915/738/671 1230/737/670
f 163/777/710 1232/743/676 2898/682/619 1192/716/653
f 163/777/710 1192/716/653 2897/690/627 1233/748/681
f 163/777/710 1233/748/681 2912/752/685 1221/778/711
f 163/777/710 1221/778/711 2913/744/677 1232/743/676
f 164/779/712 1234/749/682 2896/688/625 1190/718/655
f 164/779/712 1190/718/655 2895/696/633 1235/754/687
f 164/779/712 1235/754/687 2910/758/691 1219/780/713
f 164/779/712 1219/780/713 2911/750/683 1234/749/682
f 165/781/714 1236/755/688 2894/694/631 1188/722/657
f 165/781/714 1188/722/657 2893/721/639 1238/782/693
f 165/781/714 1238/782/693 2908/783/697 1217/784/715
f 165/781/714 1217/784/715 2909/756/689 1236/755/688
f 166/785/716 1237/786/717 2905/726/661 1199/725/660
f 166/785/716 1199/725/660 2904/708/645 1240/766/699
f 166/785/716 1240/766/699 2919/770/703 1228/787/718
f 166/785/716 1228/787/718 2920/788/719 1237/786/717
f 167/789/720 1239/761/694 2892/700/637 1186/730/665
f 167/789/720 1186/730/665 2891/729/664 1242/790/721
f 167/789/720 1242/790/721 2906/791/722 1215/792/723
f 167/789/720 1215/792/723 2907/762/695 1239/761/694
f 168/793/724 1241/794/700 2903/734/643 1197/733/667
f 168/793/724 1197/733/667 2902/712/649 1243/772/705
f 168/793/724 1243/772/705 2917/774/707 1226/795/725
f 168/793/724 1226/795/725 2918/796/701 1241/794/700
f 169/797/726 1258/798/727 2916/740/673 1224/739/672
f 169/797/726 1224/739/672 2915/738/671 1259/799/728
f 169/797/726 1259/799/728 2930/800/729 1253/801/730
f 169/797/726 1253/801/730 2931/802/731 1258/798/727
f 170/803/732 1260/804/733 2914/746/679 1222/745/678
f 170/803/732 1222/745/678 2913/744/677 1261/805/734
f 170/803/732 1261/805/734 2928/806/735 1251/807/736
f 170/803/732 1251/807/736 2929/808/737 1260/804/733
f 171/809/738 1262/810/739 2912/752/685 1220/751/684
f 171/809/738 1220/751/684 2911/750/683 1263/811/740
f 171/809/738 1263/811/740 2926/812/741 1249/813/742
f 171/809/738 1249/813/742 2927/814/743 1262/810/739
f 172/815/744 1264/816/745 2910/758/691 1218/757/690
f 172/815/744 1218/757/690 2909/756/689 1265/817/746
f 172/815/744 1265/817/746 2924/818/747 1247/819/748
f 172/815/744 1247/819/748 2925/820/749 1264/816/745
f 173/821/750 1267/822/751 2908/764/697 1216/763/696
f 173/821/750 1216/763/696 2907/762/695 1268/823/752
f 173/821/750 1268/823/752 2922/824/753 1245/825/754
f 173/821/750 1245/825/754 2923/826/755 1267/822/751
f 174/827/756 1269/828/757 2919/770/703 1227/769/702
f 174/827/756 1227/769/702 2918/768/701 1270/829/758
f 174/827/756 1270/829/758 2933/830/759 1256/831/760
f 174/827/756 1256/831/760 2934/832/761 1269/828/757
f 175/833/762 1272/834/763 2917/774/707 1225/773/706
f 175/833/762 1225/773/706 2916/740/673 1258/798/727
f 175/833/762 1258/798/727 2931/802/731 1254/835/764
f 175/833/762 1254/835/764 2932/836/765 1272/834/763
f 176/837/766 1259/799/728 2915/738/671 1223/776/709
f 176/837/766 1223/776/709 2914/746/679 1260/804/733
f 176/837/766 1260/804/733 2929/808/737 1252/838/767
f 176/837/766 1252/838/767 2930/800/729 1259/799/728
f 177/839/768 1261/805/734 2913/744/677 1221/778/711
f 177/839/768 1221/778/711 2912/752/685 1262/810/739
f 177/839/768 1262/810/739 2927/814/743 1250/840/769
f 177/839/768 1250/840/769 2928/806/735 1261/805/734
f 178/841/770 1263/811/740 2911/750/683 1219/780/713
f 178/841/770 1219/780/713 2910/758/691 1264/816/745
f 178/841/770 1264/816/745 2925/820/749 1248/842/771
f 178/841/770 1248/842/771 2926/812/741 1263/811/740
f 179/843/772 1265/817/746 2909/756/689 1217/784/715
f 179/843/772 1217/784/715 2908/783/697 1267/844/751
f 179/843/772 1267/844/751 2923/845/755 1246/846/773
f 179/843/772 1246/846/773 2924/818/747 1265/817/746
f 180/847/774 1266/848/775 2920/788/719 1228/787/718
f 180/847/774 1228/787/718 2919/770/703 1269/828/757
f 180/847/774 1269/828/757 2934/832/761 1257/849/776
f 180/847/774 1257/849/776 2935/850/777 1266/848/775
f 181/851/778 1268/823/752 2907/762/695 1215/792/723
f 181/851/778 1215/792/723 2906/791/722 1271/852/779
f 181/851/778 1271/852/779 2921/853/780 1244/854/781
f 181/851/778 1244/854/781 2922/824/753 1268/823/752
f 182/855/782 1270/856/758 2918/796/701 1226/795/725
f 182/855/782 1226/795/725 2917/774/707 1272/834/763
f 182/855/782 1272/834/763 2932/836/765 1255/857/783
f 182/855/782 1255/857/783 2933/858/759 1270/856/758
f 183/859/784 1287/860/785 2931/802/731 1253/801/730
f 183/859/784 1253/801/730 2930/800/729 1288/861/786
f 183/859/784 1288/861/786 2945/862/787 1282/863/788
f 183/859/784 1282/863/788 2946/864/789 1287/860/785
f 184/865/790 1289/866/791 2929/808/737 1251/807/736
f 184/865/790 1251/807/736 2928/806/735 1290/867/792
f 184/865/790 1290/867/792 2943/868/793 1280/869/794
f 184/865/790 1280/869/794 2944/870/795 1289/866/791
f 185/871/796 1291/872/797 2927/814/743 1249/813/742
f 185/871/796 1249/813/742 2926/812/741 1292/873/798
f 185/871/796 1292/873/798 2941/874/799 1278/875/800
f 185/871/796 1278/875/800 2942/876/801 1291/872/797
f 186/877/802 1293/878/803 2925/820/749 1247/819/748
f 186/877/802 1247/819/748 2924/818/747 1294/879/804
f 186/877/802 1294/879/804 2939/880/805 1276/881/806
f 186/877/802 1276/881/806 2940/882/807 1293/878/803
f 187/883/808 1296/884/809 2923/826/755 1245/825/754
f 187/883/808 1245/825/754 2922/824/753 1297/885/810
f 187/883/808 1297/885/810 2937/886/811 1274/887/812
f 187/883/808 1274/887/812 2938/888/813 1296/884/809
f 188/889/814 1298/890/815 2934/832/761 1256/831/760
f 188/889/814 1256/831/760 2933/830/759 1299/891/816
f 188/889/814 1299/891/816 2948/892/817 1285/893/818
f 188/889/814 1285/893/818 2949/894/819 1298/890/815
f 189/895/820 1301/896/821 2932/836/765 1254/835/764
f 189/895/820 1254/835/764 2931/802/731 1287/860/785
f 189/895/820 1287/860/785 2946/864/789 1283/897/822
f 189/895/820 1283/897/822 2947/898/823 1301/896/821
f 190/899/824 1288/861/786 2930/800/729 1252/838/767
f 190/899/824 1252/838/767 2929/808/737 1289/866/791
f 190/899/824 1289/866/791 2944/870/795 1281/900/825
f 190/899/824 1281/900/825 2945/862/787 1288/861/786
f 191/901/826 1290/867/792 2928/806/735 1250/840/769
f 191/901/826 1250/840/769 2927/814/743 1291/872/797
f 191/901/826 1291/872/797 2942/876/801 1279/902/827
f 191/901/826 1279/902/827 2943/868/793 1290/867/792
f 192/903/828 1292/873/798 2926/812/741 1248/842/771
f 192/903/828 1248/842/771 2925/820/749 1293/878/803
f 192/903/828 1293/878/803 2940/882/807 1277/904/829
f 192/903/828 1277/904/829 2941/874/799 1292/873/798
f 193/905/830 1294/879/804 2924/818/747 1246/846/773
f 193/905/830 1246/846/773 2923/845/755 1296/906/809
f 193/905/830 1296/906/809 2938/907/813 1275/908/831
f 193/905/830 1275/908/831 2939/880/805 1294/879/804
f 194/909/832 1295/910/833 2935/850/777 1257/849/776
f 194/909/832 1257/849/776 2934/832/761 1298/890/815
f 194/909/832 1298/890/815 2949/894/819 1286/911/834
f 194/909/832 1286/911/834 2950/912/835 1295/910/833
f 195/913/836 1297/885/810 2922/824/753 1244/854/781
f 195/913/836 1244/854/781 2921/853/780 1300/914/837
f 195/913/836 1300/914/837 2936/915/838 1273/916/839
f 195/913/836 1273/916/839 2937/886/811 1297/885/810
f 196/917/840 1299/918/816 2933/858/759 1255/857/783
f 196/917/840 1255/857/783 2932/836/765 1301/896/821
f 196/917/840 1301/896/821 2947/898/823 1284/919/841
f 196/917/840 1284/919/841 2948/920/817 1299/918/816
f 197/921/842 1316/922/843 2946/864/789 1282/863/788
f 197/921/842 1282/863/788 2945/862/787 1317/923/844
f 197/921/842 1317/923/844 2960/924/845 1311/925/846
f 197/921/842 1311/925/846 2961/926/847 1316/922/843
f 198/927/848 1318/928/849 2944/870/795 1280/869/794
f 198/927/848 1280/869/794 2943/868/793 1319/929/850
f 198/927/848 1319/929/850 2958/930/851 1309/931/852
f 198/927/848 1309/931/852 2959/932/853 1318/928/849
f 199/933/854 1320/934/855 2942/876/801 1278/875/800
f 199/933/854 1278/875/800 2941/874/799 1321/935/856
f 199/933/854 1321/935/856 2956/936/857 1307/937/858
f 199/933/854 1307/937/858 2957/938/859 1320/934/855
f 200/939/860 1322/940/861 2940/882/807 1276/881/806
f 200/939/860 1276/881/806 2939/880/805 1323/941/862
f 200/939/860 1323/941/862 2954/942/863 1305/943/864
f 200/939/860 1305/943/864 2955/944/865 1322/940/861
f 201/945/866 1325/946/867 2938/888/813 1274/887/812
f 201/945/866 1274/887/812 2937/886/811 1326/947/868
f 201/945/866 1326/947/868 2952/948/869 1303/949/870
f 201/945/866 1303/949/870 2953/950/871 1325/946/867
f 202/951/872 1327/952/873 2949/894/819 1285/893/818
f 202/951/872 1285/893/818 2948/892/817 1328/953/874
f 202/951/872 1328/953/874 2963/954/875 1314/955/876
f 202/951/872 1314/955/876 2964/956/877 1327/952/873
f 203/957/878 1330/958/879 2947/898/823 1283/897/822
f 203/957/878 1283/897/822 2946/864/789 1316/922/843
f 203/957/878 1316/922/843 2961/926/847 1312/959/880
f 203/957/878 1312/959/880 2962/960/881 1330/958/879
f 204/961/882 1317/923/844 2945/862/787 1281/900/825
f 204/961/882 1281/900/825 2944/870/795 1318/928/849
f 204/961/882 1318/928/849 2959/932/853 1310/962/883
f 204/961/882 1310/962/883 2960/924/845 1317/923/844
f 205/963/884 1319/929/850 2943/868/793 1279/902/827
f 205/963/884 1279/902/827 2942/876/801 1320/934/855
f 205/963/884 1320/934/855 2957/938/859 1308/964/885
f 205/963/884 1308/964/885 2958/930/851 1319/929/850
f 206/965/886 1321/935/856 2941/874/799 1277/904/829
f 206/965/886 1277/904/829 2940/882/807 1322/940/861
f 206/965/886 1322/940/861 2955/944/865 1306/966/887
f 206/965/886 1306/966/887 2956/936/857 1321/935/856
f 207/967/888 1323/941/862 2939/880/805 1275/908/831
f 207/967/888 1275/908/831 2938/907/813 1325/968/867
f 207/967/888 1325/968/867 2953/969/871 1304/970/889
f 207/967/888 1304/970/889 2954/942/863 1323/941/862
f 208/971/890 1324/972/891 2950/912/835 1286/911/834
f 208/971/890 1286/911/834 2949/894/819 1327/952/873
f 208/971/890 1327/952/873 2964/956/877 1315/973/892
f 208/971/890 1315/973/892 2965/974/893 1324/972/891
f 209/975/894 1326/947/868 2937/886/811 1273/916/839
f 209/975/894 1273/916/839 2936/915/838 1329/976/895
f 209/975/894 1329/976/895 2951/977/896 1302/978/897
f 209/975/894 1302/978/897 2952/948/869 1326/947/868
f 210/979/898 1328/980/874 2948/920/817 1284/919/841
f 210/979/898 1284/919/841 2947/898/823 1330/958/879
f 210/979/898 1330/958/879 2962/960/881 1313/981/899
f 210/979/898 1313/981/899 2963/982/875 1328/980/874
f 211/983/900 1345/984/901 2961/926/847 1311/925/846
f 211/983/900 1311/925/846 2960/924/845 1346/985/902
f 211/983/900 1346/985/902 2975/986/903 1340/987/904
f 211/983/900 1340/987/904 2976/988/905 1345/984/901
f 212/989/906 1347/990/907 2959/932/853 1309/931/852
f 212/989/906 1309/931/852 2958/930/851 1348/991/908
f 212/989/906 1348/991/908 2973/992/909 1338/993/910
f 212/989/906 1338/993/910 2974/994/911 1347/990/907
f 213/995/912 1349/996/913 2957/938/859 1307/937/858
f 213/995/912 1307/937/858 2956/936/857 1350/997/914
f 213/995/912 1350/997/914 2971/998/915 1336/999/916
f 213/995/912 1336/999/916 2972/1000/917 1349/996/913
f 214/1001/918 1351/1002/919 2955/944/865 1305/943/864
f 214/1001/918 1305/943/864 2954/942/863 1352/1003/920
f 214/1001/918 1352/1003/920 2969/1004/921 1334/1005/922
f 214/1001/918 1334/1005/922 2970/1006/923 1351/1002/919
f 215/1007/924 1354/1008/925 2953/950/871 1303/949/870
f 215/1007/924 1303/949/870 2952/948/869 1355/1009/926
f 215/1007/924 1355/1009/926 2967/1010/927 1332/1011/928
f 215/1007/924 1332/1011/928 2968/1012/929 1354/1008/925
f 216/1013/930 1356/1014/931 2964/956/877 1314/955/876
f 216/1013/930 1314/955/876 2963/954/875 1357/1015/932
f 216/1013/930 1357/1015/932 2978/1016/933 1343/1017/934
f 216/1013/930 1343/1017/934 2979/1018/935 1356/1014/931
f 217/1019/936 1359/1020/937 2962/960/881 1312/959/880
f 217/1019/936 1312/959/880 2961/926/847 1345/984/901
f 217/1019/936 1345/984/901 2976/988/905 1341/1021/938
f 217/1019/936 1341/1021/938 2977/1022/939 1359/1020/937
f 218/1023/940 1346/985/902 2960/924/845 1310/962/883
f 218/1023/940 1310/962/883 2959/932/853 1347/990/907
f 218/1023/940 1347/990/907 2974/994/911 1339/1024/941
f 218/1023/940 1339/1024/941 2975/986/903 1346/985/902
f 219/1025/942 1348/991/908 2958/930/851 1308/964/885
f 219/1025/942 1308/964/885 2957/938/859 1349/996/913
f 219/1025/942 1349/996/913 2972/1000/917 1337/1026/943
f 219/1025/942 1337/1026/943 2973/992/909 1348/991/908
f 220/1027/944 1350/997/914 2956/936/857 1306/966/887
f 220/1027/944 1306/966/887 2955/944/865 1351/1002/919
f 220/1027/944 1351/1002/919 2970/1006/923 1335/1028/945
f 220/1027/944 1335/1028/945 2971/998/915 1350/997/914
f 221/1029/946 1352/1003/920 2954/942/863 1304/970/889
f 221/1029/946 1304/970/889 2953/969/871 1354/1030/925
f 221/1029/946 1354/1030/925 2968/1031/929 1333/1032/947
f 221/1029/946 1333/1032/947 2969/1004/921 1352/1003/920
f 222/1033/948 1353/1034/949 2965/974/893 1315/973/892
f 222/1033/948 1315/973/892 2964/956/877 1356/1014/931
f 222/1033/948 1356/1014/931 2979/1018/935 1344/1035/950
f 222/1033/948 1344/1035/950 2980/1036/951 1353/1034/949
f 223/1037/952 1355/1009/926 2952/948/869 1302/978/897
f 223/1037/952 1302/978/897 2951/977/896 1358/1038/953
f 223/1037/952 1358/1038/953 2966/1039/954 1331/1040/955
f 223/1037/952 1331/1040/955 2967/1010/927 1355/1009/926
f 224/1041/956 1357/1042/932 2963/982/875 1313/981/899
f 224/1041/956 1313/981/899 2962/960/881 1359/1020/937
f 224/1041/956 1359/1020/937 2977/1022/939 1342/1043/957
f 224/1041/956 1342/1043/957 2978/1044/933 1357/1042/932
f 225/1045/958 1374/1046/959 2976/988/905 1340/987/904
f 225/1045/958 1340/987/904 2975/986/903 1375/1047/960
f 225/1045/958 1375/1047/960 2990/1048/961 1369/1049/962
f 225/1045/958 1369/1049/962 2991/1050/963 1374/1046/959
f 226/1051/964 1376/1052/965 2974/994/911 1338/993/910
f 226/1051/964 1338/993/910 2973/992/909 1377/1053/966
f 226/1051/964 1377/1053/966 2988/1054/967 1367/1055/968
f 226/1051/964 1367/1055/968 2989/1056/969 1376/1052/965
f 227/1057/970 1378/1058/971 2972/1000/917 1336/999/916
f 227/1057/970 1336/999/916 2971/998/915 1379/1059/972
f 227/1057/970 1379/1059/972 2986/1060/973 1365/1061/974
f 227/1057/970 1365/1061/974 2987/1062/975 1378/1058/971
f 228/1063/976 1380/1064/977 2970/1006/923 1334/1005/922
f 228/1063/976 1334/1005/922 2969/1004/921 1381/1065/978
f 228/1063/976 1381/1065/978 2984/1066/979 1363/1067/980
f 228/1063/976 1363/1067/980 2985/1068/981 1380/1064/977
f 229/1069/982 1383/1070/983 2968/1012/929 1332/1011/928
f 229/1069/982 1332/1011/928 2967/1010/927 1384/1071/984
f 229/1069/982 1384/1071/984 2982/1072/985 1361/1073/986
f 229/1069/982 1361/1073/986 2983/1074/987 1383/1070/983
f 230/1075/988 1385/1076/989 2979/1018/935 1343/1017/934
f 230/1075/988 1343/1017/934 2978/1016/933 1386/1077/990
f 230/1075/988 1386/1077/990 2993/1078/991 1372/1079/992
f 230/1075/988 1372/1079/992 2994/1080/993 1385/1076/989
f 231/1081/994 1388/1082/995 2977/1022/939 1341/1021/938
f 231/1081/994 1341/1021/938 2976/988/905 1374/1046/959
f 231/1081/994 1374/1046/959 2991/1050/963 1370/1083/996
f 231/1081/994 1370/1083/996 2992/1084/997 1388/1082/995
f 232/1085/998 1375/1047/960 2975/986/903 1339/1024/941
f 232/1085/998 1339/1024/941 2974/994/911 1376/1052/965
f 232/1085/998 1376/1052/965 2989/1056/969 1368/1086/999
f 232/1085/998 1368/1086/999 2990/1048/961 1375/1047/960
f 233/1087/1000 1377/1053/966 2973/992/909 1337/1026/943
f 233/1087/1000 1337/1026/943 2972/1000/917 1378/1058/971
f 233/1087/1000 1378/1058/971 2987/1062/975 1366/1088/1001
f 233/1087/1000 1366/1088/1001 2988/1054/967 1377/1053/966
f 234/1089/1002 1379/1059/972 2971/998/915 1335/1028/945
f 234/1089/1002 1335/1028/945 2970/1006/923 1380/1064/977
f 234/1089/1002 1380/1064/977 2985/1068/981 1364/1090/1003
f 234/1089/1002 1364/1090/1003 2986/1060/973 1379/1059/972
f 235/1091/1004 1381/1065/978 2969/1004/921 1333/1032/947
f 235/1091/1004 1333/1032/947 2968/1031/929 1383/1092/983
f 235/1091/1004 1383/1092/983 2983/1093/987 1362/1094/1005
f 235/1091/1004 1362/1094/1005 2984/1066/979 1381/1065/978
f 236/1095/1006 1382/1096/1007 2980/1036/951 1344/1035/950
f 236/1095/1006 1344/1035/950 2979/1018/935 1385/1076/989
f 236/1095/1006 1385/1076/989 2994/1080/993 1373/1097/1008
f 236/1095/1006 1373/1097/1008 2995/1098/1009 1382/1096/1007
f 237/1099/1010 1384/1071/984 2967/1010/927 1331/1040/955
f 237/1099/1010 1331/1040/955 2966/1039/954 1387/1100/1011
f 237/1099/1010 1387/1100/1011 2981/1101/1012 1360/1102/1013
f 237/1099/1010 1360/1102/1013 2982/1072/985 1384/1071/984
f 238/1103/1014 1386/1104/990 2978/1044/933 1342/1043/957
f 238/1103/1014 1342/1043/957 2977/1022/939 1388/1082/995
f 238/1103/1014 1388/1082/995 2992/1084/997 1371/1105/1015
f 238/1103/1014 1371/1105/1015 2993/1106/991 1386/1104/990
f 239/1107/1016 1403/1108/1017 2991/1050/963 1369/1049/962
f 239/1107/1016 1369/1049/962 2990/1048/961 1404/1109/1018
f 239/1107/1016 1404/1109/1018 3005/1110/1019 1398/1111/1020
f 239/1107/1016 1398/1111/1020 3006/1112/1021 1403/1108/1017
f 240/1113/1022 1405/1114/1023 2989/1056/969 1367/1055/968
f 240/1113/1022 1367/1055/968 2988/1054/967 1406/1115/1024
f 240/1113/1022 1406/1115/1024 3003/1116/1025 1396/1117/1026
f 240/1113/1022 1396/1117/1026 3004/1118/1027 1405/1114/1023
f 241/1119/1028 1407/1120/1029 2987/1062/975 1365/1061/974
f 241/1119/1028 1365/1061/974 2986/1060/973 1408/1121/1030
f 241/1119/1028 1408/1121/1030 3001/1122/1031 1394/1123/1032
f 241/1119/1028 1394/1123/1032 3002/1124/1033 1407/1120/1029
f 242/1125/1034 1409/1126/1035 2985/1068/981 1363/1067/980
f 242/1125/1034 1363/1067/980 2984/1066/979 1410/1127/1036
f 242/1125/1034 1410/1127/1036 2999/1128/1037 1392/1129/1038
f 242/1125/1034 1392/1129/1038 3000/1130/1039 1409/1126/1035
f 243/1131/1040 1412/1132/1041 2983/1074/987 1361/1073/986
f 243/1131/1040 1361/1073/986 2982/1072/985 1413/1133/1042
f 243/1131/1040 1413/1133/1042 2997/1134/1043 1390/1135/1044
f 243/1131/1040 1390/1135/1044 2998/1136/1045 1412/1132/1041
f 244/1137/1046 1414/1138/1047 2994/1080/993 1372/1079/992
f 244/1137/1046 1372/1079/992 2993/1078/991 1415/1139/1048
f 244/1137/1046 1415/1139/1048 3008/1140/1049 1401/1141/1050
f 244/1137/1046 1401/1141/1050 3009/1142/1051 1414/1138/1047
f 245/1143/1052 1417/1144/1053 2992/1084/997 1370/1083/996
f 245/1143/1052 1370/1083/996 2991/1050/963 1403/1108/1017
f 245/1143/1052 1403/1108/1017 3006/1112/1021 1399/1145/1054
f 245/1143/1052 1399/1145/1054 3007/1146/1055 1417/1144/1053
f 246/1147/1056 1404/1109/1018 2990/1048/961 1368/1086/999
f 246/1147/1056 1368/1086/999 2989/1056/969 1405/1114/1023
f 246/1147/1056 1405/1114/1023 3004/1118/1027 1397/1148/1057
f 246/1147/1056 1397/1148/1057 3005/1110/1019 1404/1109/1018
f 247/1149/1058 1406/1115/1024 2988/1054/967 1366/1088/1001
f 247/1149/1058 1366/1088/1001 2987/1062/975 1407/1120/1029
f 247/1149/1058 1407/1120/1029 3002/1124/1033 1395/1150/1059
f 247/1149/1058 1395/1150/1059 3003/1116/1025 1406/1115/1024
f 248/1151/1060 1408/1121/1030 2986/1060/973 1364/1090/1003
f 248/1151/1060 1364/1090/1003 2985/1068/981 1409/1126/1035
f 248/1151/1060 1409/1126/1035 3000/1130/1039 1393/1152/1061
f 248/1151/1060 1393/1152/1061 3001/1122/1031 1408/1121/1030
f 249/1153/1062 1410/1127/1036 2984/1066/979 1362/1094/1005
f 249/1153/1062 1362/1094/1005 2983/1093/987 1412/1154/1041
f 249/1153/1062 1412/1154/1041 2998/1155/1045 1391/1156/1063
f 249/1153/1062 1391/1156/1063 2999/1128/1037 1410/1127/1036
f 250/1157/1064 1411/1158/1065 2995/1098/1009 1373/1097/1008
f 250/1157/1064 1373/1097/1008 2994/1080/993 1414/1138/1047
f 250/1157/1064 1414/1138/1047 3009/1142/1051 1402/1159/1066
f 250/1157/1064 1402/1159/1066 3010/1160/1067 1411/1158/1065
f 251/1161/1068 1413/1133/1042 2982/1072/985 1360/1102/1013
f 251/1161/1068 1360/1102/1013 2981/1101/1012 1416/1162/1069
f 251/1161/1068 1416/1162/1069 2996/1163/1070 1389/1164/1071
f 251/1161/1068 1389/1164/1071 2997/1134/1043 1413/1133/1042
f 252/1165/1072 1415/1166/1048 2993/1106/991 1371/1105/1015
f 252/1165/1072 1371/1105/1015 2992/1084/997 1417/1144/1053
f 252/1165/1072 1417/1144/1053 3007/1146/1055 1400/1167/1073
f 252/1165/1072 1400/1167/1073 3008/1168/1049 1415/1166/1048
f 253/1169/1074 1432/1170/1075 3006/1112/1021 1398/1111/1020
f 253/1169/1074 1398/1111/1020 3005/1110/1019 1433/1171/1076
f 253/1169/1074 1433/1171/1076 3020/1172/1077 1427/1173/1078
f 253/1169/1074 1427/1173/1078 3021/1174/1079 1432/1170/1075
f 254/1175/1080 1434/1176/1081 3004/1118/1027 1396/1117/1026
f 254/1175/1080 1396/1117/1026 3003/1116/1025 1435/1177/1082
f 254/1175/1080 1435/1177/1082 3018/1178/1083 1425/1179/1084
f 254/1175/1080 1425/1179/1084 3019/1180/1085 1434/1176/1081
f 255/1181/1086 1436/1182/1087 3002/1124/1033 1394/1123/1032
f 255/1181/1086 1394/1123/1032 3001/1122/1031 1437/1183/1088
f 255/1181/1086 1437/1183/1088 3016/1184/1089 1423/1185/1090
f 255/1181/1086 1423/1185/1090 3017/1186/1091 1436/1182/1087
f 256/1187/1092 1438/1188/1093 3000/1130/1039 1392/1129/1038
f 256/1187/1092 1392/1129/1038 2999/1128/1037 1439/1189/1094
f 256/1187/1092 1439/1189/1094 3014/1190/1095 1421/1191/1096
f 256/1187/1092 1421/1191/1096 3015/1192/1097 1438/1188/1093
f 257/1193/1098 1441/1194/1099 2998/1136/1045 1390/1135/1044
f 257/1193/1098 1390/1135/1044 2997/1134/1043 1442/1195/1100
f 257/1193/1098 1442/1195/1100 3012/1196/1101 1419/1197/1102
f 257/1193/1098 1419/1197/1102 3013/1198/1103 1441/1194/1099
f 258/1199/1104 1443/1200/1105 3009/1142/1051 1401/1141/1050
f 258/1199/1104 1401/1141/1050 3008/1140/1049 1444/1201/1106
f 258/1199/1104 1444/1201/1106 3023/1202/1107 1430/1203/1108
f 258/1199/1104 1430/1203/1108 3024/1204/1109 1443/1200/1105
f 259/1205/1110 1446/1206/1111 3007/1146/1055 1399/1145/1054
f 259/1205/1110 1399/1145/1054 3006/1112/1021 1432/1170/1075
f 259/1205/1110 1432/1170/1075 3021/1174/1079 1428/1207/1112
f 259/1205/1110 1428/1207/1112 3022/1208/1113 1446/1206/1111
f 260/1209/1114 1433/1171/1076 3005/1110/1019 1397/1148/1057
f 260/1209/1114 1397/1148/1057 3004/1118/1027 1434/1176/1081
f 260/1209/1114 1434/1176/1081 3019/1180/1085 1426/1210/1115
f 260/1209/1114 1426/1210/1115 3020/1172/1077 1433/1171/1076
f 261/1211/1116 1435/1177/1082 3003/1116/1025 1395/1150/1059
f 261/1211/1116 1395/1150/1059 3002/1124/1033 1436/1182/1087
f 261/1211/1116 1436/1182/1087 3017/1186/1091 1424/1212/1117
f 261/1211/1116 1424/1212/1117 3018/1178/1083 1435/1177/1082
f 262/1213/1118 1437/1183/1088 3001/1122/1031 1393/1152/1061
f 262/1213/1118 1393/1152/1061 3000/1130/1039 1438/1188/1093
f 262/1213/1118 1438/1188/1093 3015/1192/1097 1422/1214/1119
f 262/1213/1118 1422/1214/1119 3016/1184/1089 1437/1183/1088
f 263/1215/1120 1439/1189/1094 2999/1128/1037 1391/1156/1063
f 263/1215/1120 1391/1156/1063 2998/1155/1045 1441/1216/1099
f 263/1215/1120 1441/1216/1099 3013/1217/1103 1420/1218/1121
f 263/1215/1120 1420/1218/1121 3014/1190/1095 1439/1189/1094
f 264/1219/1122 1440/1220/1123 3010/1160/1067 1402/1159/1066
f 264/1219/1122 1402/1159/1066 3009/1142/1051 1443/1200/1105
f 264/1219/1122 1443/1200/1105 3024/1204/1109 1431/1221/1124
f 264/1219/1122 1431/1221/1124 3025/1222/1125 1440/1220/1123
f 265/1223/1126 1442/1195/1100 2997/1134/1043 1389/1164/1071
f 265/1223/1126 1389/1164/1071 2996/1163/1070 1445/1224/1127
f 265/1223/1126 1445/1224/1127 3011/1225/1128 1418/1226/1129
f 265/1223/1126 1418/1226/1129 3012/1196/1101 1442/1195/1100
f 266/1227/1130 1444/1228/1106 3008/1168/1049 1400/1167/1073
f 266/1227/1130 1400/1167/1073 3007/1146/1055 1446/1206/1111
f 266/1227/1130 1446/1206/1111 3022/1208/1113 1429/1229/1131
f 266/1227/1130 1429/1229/1131 3023/1230/1107 1444/1228/1106
f 267/1231/1132 1461/1232/1133 3021/1174/1079 1427/1173/1078
f 267/1231/1132 1427/1173/1078 3020/1172/1077 1462/1233/1134
f 267/1231/1132 1462/1233/1134 3035/1234/1135 1456/1235/1136
f 267/1231/1132 1456/1235/1136 3036/1236/1137 1461/1232/1133
f 268/1237/1138 1463/1238/1139 3019/1180/1085 1425/1179/1084
f 268/1237/1138 1425/1179/1084 3018/1178/1083 1464/1239/1140
f 268/1237/1138 1464/1239/1140 3033/1240/1141 1454/1241/1142
f 268/1237/1138 1454/1241/1142 3034/1242/1143 1463/1238/1139
f 269/1243/1144 1465/1244/1145 3017/1186/1091 1423/1185/1090
f 269/1243/1144 1423/1185/1090 3016/1184/1089 1466/1245/1146
f 269/1243/1144 1466/1245/1146 3031/1246/1147 1452/1247/1148
f 269/1243/1144 1452/1247/1148 3032/1248/1149 1465/1244/1145
f 270/1249/1150 1467/1250/1151 3015/1192/1097 1421/1191/1096
f 270/1249/1150 1421/1191/1096 3014/1190/1095 1468/1251/1152
f 270/1249/1150 1468/1251/1152 3029/1252/1153 1450/1253/1154
f 270/1249/1150 1450/1253/1154 3030/1254/1155 1467/1250/1151
f 271/1255/1156 1470/1256/1157 3013/1198/1103 1419/1197/1102
f 271/1255/1156 1419/1197/1102 3012/1196/1101 1471/1257/1158
f 271/1255/1156 1471/1257/1158 3027/1258/1159 1448/1259/1160
f 271/1255/1156 1448/1259/1160 3028/1260/1161 1470/1256/1157
f 272/1261/1162 1472/1262/1163 3024/1204/1109 1430/1203/1108
f 272/1261/1162 1430/1203/1108 3023/1202/1107 1473/1263/1164
f 272/1261/1162 1473/1263/1164 3038/1264/1165 1459/1265/1166
f 272/1261/1162 1459/1265/1166 3039/1266/1167 1472/1262/1163
f 273/1267/1168 1475/1268/1169 3022/1208/1113 1428/1207/1112
f 273/1267/1168 1428/1207/1112 3021/1174/1079 1461/1232/1133
f 273/1267/1168 1461/1232/1133 3036/1236/1137 1457/1269/1170
f 273/1267/1168 1457/1269/1170 3037/1270/1171 1475/1268/1169
f 274/1271/1172 1462/1233/1134 3020/1172/1077 1426/1210/1115
f 274/1271/1172 1426/1210/1115 3019/1180/1085 1463/1238/1139
f 274/1271/1172 1463/1238/1139 3034/1242/1143 1455/1272/1173
f 274/1271/1172 1455/1272/1173 3035/1234/1135 1462/1233/1134
f 275/1273/1174 1464/1239/1140 3018/1178/1083 1424/1212/1117
f 275/1273/1174 1424/1212/1117 3017/1186/1091 1465/1244/1145
f 275/1273/1174 1465/1244/1145 3032/1248/1149 1453/1274/1175
f 275/1273/1174 1453/1274/1175 3033/1240/1141 1464/1239/1140
f 276/1275/1176 1466/1245/1146 3016/1184/1089 1422/1214/1119
f 276/1275/1176 1422/1214/1119 3015/1192/1097 1467/1250/1151
f 276/1275/1176 1467/1250/1151 3030/1254/1155 1451/1276/1177
f 276/1275/1176 1451/1276/1177 3031/1246/1147 1466/1245/1146
f 277/1277/1178 1468/1251/1152 3014/1190/1095 1420/1218/1121
f 277/1277/1178 1420/1218/1121 3013/1217/1103 1470/1278/1157
f 277/1277/1178 1470/1278/1157 3028/1279/1161 1449/1280/1179
f 277/1277/1178 1449/1280/1179 3029/1252/1153 1468/1251/1152
f 278/1281/1180 1469/1282/1181 3025/1222/1125 1431/1221/1124
f 278/1281/1180 1431/1221/1124 3024/1204/1109 1472/1262/1163
f 278/1281/1180 1472/1262/1163 3039/1266/1167 1460/1283/1182
f 278/1281/1180 1460/1283/1182 3040/1284/1183 1469/1282/1181
f 279/1285/1184 1471/1257/1158 3012/1196/1101 1418/1226/1129
f 279/1285/1184 1418/1226/1129 3011/1225/1128 1474/1286/1185
f 279/1285/1184 1474/1286/1185 3026/1287/1186 1447/1288/1187
f 279/1285/1184 1447/1288/1187 3027/1258/1159 1471/1257/1158
f 280/1289/1188 1473/1290/1164 3023/1230/1107 1429/1229/1131
f 280/1289/1188 1429/1229/1131 3022/1208/1113 1475/1268/1169
f 280/1289/1188 1475/1268/1169 3037/1270/1171 1458/1291/1189
f 280/1289/1188 1458/1291/1189 3038/1292/1165 1473/1290/1164
f 281/1293/1190 1491/1294/1191 3036/1236/1137 1456/1235/1136
f 281/1293/1190 1456/1235/1136 3035/1234/1135 1492/1295/1192
f 281/1293/1190 1492/1295/1192 3050/1296/1193 1485/1297/1194
f 281/1293/1190 1485/1297/1194 3051/1298/1195 1491/1294/1191
f 282/1299/1196 1493/1300/1197 3034/1242/1143 1454/1241/1142
f 282/1299/1196 1454/1241/1142 3033/1240/1141 1494/1301/1198
f 282/1299/1196 1494/1301/1198 3048/1302/1199 1483/1303/1200
f 282/1299/1196 1483/1303/1200 3049/1304/1201 1493/1300/1197
f 283/1305/1202 1495/1306/1203 3032/1248/1149 1452/1247/1148
f 283/1305/1202 1452/1247/1148 3031/1246/1147 1496/1307/1204
f 283/1305/1202 1496/1307/1204 3046/1308/1205 1481/1309/1206
f 283/1305/1202 1481/1309/1206 3047/1310/1207 1495/1306/1203
f 284/1311/1208 1497/1312/1209 3030/1254/1155 1450/1253/1154
f 284/1311/1208 1450/1253/1154 3029/1252/1153 1498/1313/1210
f 284/1311/1208 1498/1313/1210 3044/1314/1211 1479/1315/1212
f 284/1311/1208 1479/1315/1212 3045/1316/1213 1497/1312/1209
f 285/1317/1214 1500/1318/1215 3028/1260/1161 1448/1259/1160
f 285/1317/1214 1448/1259/1160 3027/1258/1159 1501/1319/1216
f 285/1317/1214 1501/1319/1216 3042/1320/1217 1477/1321/1218
f 285/1317/1214 1477/1321/1218 3043/1322/1219 1500/1318/1215
f 286/1323/1220 1502/1324/1221 3039/1266/1167 1459/1265/1166
f 286/1323/1220 1459/1265/1166 3038/1264/1165 1503/1325/1222
f 286/1323/1220 1503/1325/1222 3053/1326/1223 1488/1327/1224
f 286/1323/1220 1488/1327/1224 3054/1328/1225 1502/1324/1221
f 287/1329/1226 1505/1330/1227 3037/1270/1171 1457/1269/1170
f 287/1329/1226 1457/1269/1170 3036/1236/1137 1491/1294/1191
f 287/1329/1226 1491/1294/1191 3051/1298/1195 1486/1331/1228
f 287/1329/1226 1486/1331/1228 3052/1332/1229 1505/1330/1227
f 288/1333/1230 1492/1295/1192 3035/1234/1135 1455/1272/1173
f 288/1333/1230 1455/1272/1173 3034/1242/1143 1493/1300/1197
f 288/1333/1230 1493/1300/1197 3049/1304/1201 1484/1334/1231
f 288/1333/1230 1484/1334/1231 3050/1296/1193 1492/1295/1192
f 289/1335/1232 1494/1301/1198 3033/1240/1141 1453/1274/1175
f 289/1335/1232 1453/1274/1175 3032/1248/1149 1495/1306/1203
f 289/1335/1232 1495/1306/1203 3047/1310/1207 1482/1336/1233
f 289/1335/1232 1482/1336/1233 3048/1302/1199 1494/1301/1198
f 290/1337/1234 1496/1307/1204 3031/1246/1147 1451/1276/1177
f 290/1337/1234 1451/1276/1177 3030/1254/1155 1497/1312/1209
f 290/1337/1234 1497/1312/1209 3045/1316/1213 1480/1338/1235
f 290/1337/1234 1480/1338/1235 3046/1308/1205 1496/1307/1204
f 291/1339/1236 1498/1313/1210 3029/1252/1153 1449/1280/1179
f 291/1339/1236 1449/1280/1179 3028/1279/1161 1500/1340/1215
f 291/1339/1236 1500/1340/1215 3043/1341/1219 1478/1342/1237
f 291/1339/1236 1478/1342/1237 3044/1314/1211 1498/1313/1210
f 292/1343/1238 1499/1344/1239 3040/1284/1183 1460/1283/1182
f 292/1343/1238 1460/1283/1182 3039/1266/1167 1502/1324/1221
f 292/1343/1238 1502/1324/1221 3054/1328/1225 1489/1345/1240
f 292/1343/1238 1489/1345/1240 3055/1346/1241 1499/1344/1239
f 293/1347/1242 1501/1319/1216 3027/1258/1159 1447/1288/1187
f 293/1347/1242 1447/1288/1187 3026/1287/1186 1504/1348/1243
f 293/1347/1242 1504/1348/1243 3041/1349/1244 1476/1350/1245
f 293/1347/1242 1476/1350/1245 3042/1320/1217 1501/1319/1216
f 294/1351/1246 1503/1352/1222 3038/1292/1165 1458/1291/1189
f 294/1351/1246 1458/1291/1189 3037/1270/1171 1505/1330/1227
f 294/1351/1246 1505/1330/1227 3052/1332/1229 1487/1353/1247
f 294/1351/1246 1487/1353/1247 3053/1354/1223 1503/1352/1222
f 295/1355/1248 1520/1356/1249 3051/1298/1195 1485/1297/1194
f 295/1355/1248 1485/1297/1194 3050/1296/1193 1521/1357/1250
f 295/1355/1248 1521/1357/1250 3066/1358/1251 1515/1359/1252
f 295/1355/1248 1515/1359/1252 3067/1360/1253 1520/1356/1249
f 296/1361/1254 1522/1362/1255 3049/1304/1201 1483/1303/1200
f 296/1361/1254 1483/1303/1200 3048/1302/1199 1523/1363/1256
f 296/1361/1254 1523/1363/1256 3064/1364/1257 1513/1365/1258
f 296/1361/1254 1513/1365/1258 3065/1366/1259 1522/1362/1255
f 297/1367/1260 1524/1368/1261 3047/1310/1207 1481/1309/1206
f 297/1367/1260 1481/1309/1206 3046/1308/1205 1525/1369/1262
f 297/1367/1260 1525/1369/1262 3062/1370/1263 1511/1371/1264
f 297/1367/1260 1511/1371/1264 3063/1372/1265 1524/1368/1261
f 298/1373/1266 1526/1374/1267 3045/1316/1213 1479/1315/1212
f 298/1373/1266 1479/1315/1212 3044/1314/1211 1527/1375/1268
f 298/1373/1266 1527/1375/1268 3060/1376/1269 1509/1377/1270
f 298/1373/1266 1509/1377/1270 3061/1378/1271 1526/1374/1267
f 299/1379/1272 1529/1380/1273 3043/1322/1219 1477/1321/1218
f 299/1379/1272 1477/1321/1218 3042/1320/1217 1530/1381/1274
f 299/1379/1272 1530/1381/1274 3058/1382/1275 1507/1383/1276
f 299/1379/1272 1507/1383/1276 3059/1384/1277 1529/1380/1273
f 300/1385/1278 1531/1386/1279 3054/1328/1225 1488/1327/1224
f 300/1385/1278 1488/1327/1224 3053/1326/1223 1532/1387/1280
f 300/1385/1278 1532/1387/1280 3069/1388/1281 1518/1389/1282
f 300/1385/1278 1518/1389/1282 3070/1390/1283 1531/1386/1279
f 301/1391/1284 1534/1392/1285 3052/1332/1229 1486/1331/1228
f 301/1391/1284 1486/1331/1228 3051/1298/1195 1520/1356/1249
f 301/1391/1284 1520/1356/1249 3067/1360/1253 1516/1393/1286
f 301/1391/1284 1516/1393/1286 3068/1394/1287 1534/1392/1285
f 302/1395/1288 1521/1357/1250 3050/1296/1193 1484/1334/1231
f 302/1395/1288 1484/1334/1231 3049/1304/1201 1522/1362/1255
f 302/1395/1288 1522/1362/1255 3065/1366/1259 1514/1396/1289
f 302/1395/1288 1514/1396/1289 3066/1358/1251 1521/1357/1250
f 303/1397/1290 1523/1363/1256 3048/1302/1199 1482/1336/1233
f 303/1397/1290 1482/1336/1233 3047/1310/1207 1524/1368/1261
f 303/1397/1290 1524/1368/1261 3063/1372/1265 1512/1398/1291
f 303/1397/1290 1512/1398/1291 3064/1364/1257 1523/1363/1256
f 304/1399/1292 1525/1369/1262 3046/1308/1205 1480/1338/1235
f 304/1399/1292 1480/1338/1235 3045/1316/1213 1526/1374/1267
f 304/1399/1292 1526/1374/1267 3061/1378/1271 1510/1400/1293
f 304/1399/1292 1510/1400/1293 3062/1370/1263 1525/1369/1262
f 305/1401/1294 1527/1375/1268 3044/1314/1211 1478/1342/1237
f 305/1401/1294 1478/1342/1237 3043/1341/1219 1529/1402/1273
f 305/1401/1294 1529/1402/1273 3059/1403/1277 1508/1404/1295
f 305/1401/1294 1508/1404/1295 3060/1376/1269 1527/1375/1268
f 306/1405/1296 1528/1406/1297 3055/1346/1241 1489/1345/1240
f 306/1405/1296 1489/1345/1240 3054/1328/1225 1531/1386/1279
f 306/1405/1296 1531/1386/1279 3070/1390/1283 1519/1407/1298
f 306/1405/1296 1519/1407/1298 3071/1408/1299 1528/1406/1297
f 307/1409/1300 1530/1381/1274 3042/1320/1217 1476/1350/1245
f 307/1409/1300 1476/1350/1245 3041/1349/1244 1533/1410/1301
f 307/1409/1300 1533/1410/1301 3057/1411/1302 1506/1412/1303
f 307/1409/1300 1506/1412/1303 3058/1382/1275 1530/1381/1274
f 308/1413/1304 1532/1414/1280 3053/1354/1223 1487/1353/1247
f 308/1413/1304 1487/1353/1247 3052/1332/1229 1534/1392/1285
f 308/1413/1304 1534/1392/1285 3068/1394/1287 1517/1415/1305
f 308/1413/1304 1517/1415/1305 3069/1416/1281 1532/1414/1280
f 309/1417/1306 1547/1418/1307 3067/1360/1253 1515/1359/1252
f 309/1417/1306 1515/1359/1252 3066/1358/1251 1548/1419/1308
f 309/1417/1306 1548/1419/1308 3080/1420/1309 1542/1421/1310
f 309/1417/1306 1542/1421/1310 3081/1422/1311 1547/1418/1307
f 310/1423/1312 1549/1424/1313 3065/1366/1259 1513/1365/1258
f 310/1423/1312 1513/1365/1258 3064/1364/1257 1550/1425/1314
f 310/1423/1312 1550/1425/1314 3078/1426/1315 1540/1427/1316
f 310/1423/1312 1540/1427/1316 3079/1428/1317 1549/1424/1313
f 311/1429/1318 1551/1430/1319 3063/1372/1265 1511/1371/1264
f 311/1429/1318 1511/1371/1264 3062/1370/1263 1552/1431/1320
f 311/1429/1318 1552/1431/1320 3076/1432/1321 1538/1433/1322
f 311/1429/1318 1538/1433/1322 3077/1434/1323 1551/1430/1319
f 312/1435/1324 1565/1436/1325 3091/1437/1326 2210/1438/1327
f 312/1435/1324 2210/1438/1327 3211/1439/1328 1865/1440/1329
f 312/1435/1324 1865/1440/1329 3210/1441/1330 1864/1442/1331
f 312/1435/1324 1864/1442/1331 3209/1443/1332 1863/1444/1333
f 312/1435/1324 1863/1444/1333 3205/1445/1334 1910/1446/1335
f 312/1435/1324 1910/1446/1335 3090/1447/1336 1565/1436/1325
f 313/1448/1337 1555/1449/1338 3059/1384/1277 1507/1383/1276
f 313/1448/1337 1507/1383/1276 3058/1382/1275 1556/1450/1339
f 313/1448/1337 1556/1450/1339 3073/1451/1340 1536/1452/1341
f 313/1448/1337 1536/1452/1341 3074/1453/1342 1555/1449/1338
f 314/1454/1343 1557/1455/1344 3070/1390/1283 1518/1389/1282
f 314/1454/1343 1518/1389/1282 3069/1388/1281 1558/1456/1345
f 314/1454/1343 1558/1456/1345 3083/1457/1346 1545/1458/1347
f 314/1454/1343 1545/1458/1347 3084/1459/1348 1557/1455/1344
f 315/1460/1349 1560/1461/1350 3068/1394/1287 1516/1393/1286
f 315/1460/1349 1516/1393/1286 3067/1360/1253 1547/1418/1307
f 315/1460/1349 1547/1418/1307 3081/1422/1311 1543/1462/1351
f 315/1460/1349 1543/1462/1351 3082/1463/1352 1560/1461/1350
f 316/1464/1353 1548/1419/1308 3066/1358/1251 1514/1396/1289
f 316/1464/1353 1514/1396/1289 3065/1366/1259 1549/1424/1313
f 316/1464/1353 1549/1424/1313 3079/1428/1317 1541/1465/1354
f 316/1464/1353 1541/1465/1354 3080/1420/1309 1548/1419/1308
f 317/1466/1355 1550/1425/1314 3064/1364/1257 1512/1398/1291
f 317/1466/1355 1512/1398/1291 3063/1372/1265 1551/1430/1319
f 317/1466/1355 1551/1430/1319 3077/1434/1323 1539/1467/1356
f 317/1466/1355 1539/1467/1356 3078/1426/1315 1550/1425/1314
f 318/1468/1357 2212/1469/1358 3060/1376/1269 1553/1470/1359
f 318/1468/1357 1553/1470/1359 3075/1471/1360 1911/1472/1361
f 318/1468/1357 1911/1472/1361 3208/1473/1362 1880/1474/1363
f 318/1468/1357 1880/1474/1363 3227/1475/1364 1884/1476/1365
f 318/1468/1357 1884/1476/1365 3228/1477/1366 2212/1469/1358
f 319/1478/1367 1553/1470/1359 3060/1376/1269 1508/1404/1295
f 319/1478/1367 1508/1404/1295 3059/1403/1277 1555/1479/1338
f 319/1478/1367 1555/1479/1338 3074/1480/1342 1537/1481/1368
f 319/1478/1367 1537/1481/1368 3075/1471/1360 1553/1470/1359
f 320/1482/1369 1554/1483/1370 3071/1408/1299 1519/1407/1298
f 320/1482/1369 1519/1407/1298 3070/1390/1283 1557/1455/1344
f 320/1482/1369 1557/1455/1344 3084/1459/1348 1546/1484/1371
f 320/1482/1369 1546/1484/1371 3085/1485/1372 1554/1483/1370
f 321/1486/1373 1556/1450/1339 3058/1382/1275 1506/1412/1303
f 321/1486/1373 1506/1412/1303 3057/1411/1302 1559/1487/1374
f 321/1486/1373 1559/1487/1374 3072/1488/1375 1535/1489/1376
f 321/1486/1373 1535/1489/1376 3073/1451/1340 1556/1450/1339
f 322/1490/1377 1558/1491/1345 3069/1416/1281 1517/1415/1305
f 322/1490/1377 1517/1415/1305 3068/1394/1287 1560/1461/1350
f 322/1490/1377 1560/1461/1350 3082/1463/1352 1544/1492/1378
f 322/1490/1377 1544/1492/1378 3083/1493/1346 1558/1491/1345
f 323/1494/1379 2218/1495/1380 3079/1428/1317 1574/1496/1381
f 323/1494/1379 1574/1496/1381 3094/1497/1382 1943/1498/1383
f 323/1494/1379 1943/1498/1383 3256/1499/1384 1936/1500/1385
f 323/1494/1379 1936/1500/1385 3275/1501/1386 1940/1502/1387
f 323/1494/1379 1940/1502/1387 3276/1503/1388 1941/1504/1389
f 323/1494/1379 1941/1504/1389 3269/1505/1390 2218/1495/1380
f 324/1506/1391 1574/1496/1381 3079/1428/1317 1540/1427/1316
f 324/1506/1391 1540/1427/1316 3078/1426/1315 1575/1507/1392
f 324/1506/1391 1575/1507/1392 3093/1508/1393 1568/1509/1394
f 324/1506/1391 1568/1509/1394 3094/1497/1382 1574/1496/1381
f 325/1510/1395 1576/1511/1396 3077/1434/1323 1538/1433/1322
f 325/1510/1395 1538/1433/1322 3076/1432/1321 1577/1512/1397
f 325/1510/1395 1577/1512/1397 3091/1437/1326 1566/1513/1398
f 325/1510/1395 1566/1513/1398 3092/1514/1399 1576/1511/1396
f 326/1515/1400 2209/1516/1401 3062/1370/1263 1510/1400/1293
f 326/1515/1400 1510/1400/1293 3061/1378/1271 1912/1517/1402
f 326/1515/1400 1912/1517/1402 3207/1518/1403 1874/1519/1404
f 326/1515/1400 1874/1519/1404 3222/1520/1405 1878/1521/1406
f 326/1515/1400 1878/1521/1406 3223/1522/1407 1879/1523/1408
f 326/1515/1400 1879/1523/1408 3216/1524/1409 2209/1516/1401
f 327/1525/1410 1580/1526/1411 3074/1453/1342 1536/1452/1341
f 327/1525/1410 1536/1452/1341 3073/1451/1340 1581/1527/1412
f 327/1525/1410 1581/1527/1412 3087/1528/1413 1562/1529/1414
f 327/1525/1410 1562/1529/1414 3088/1530/1415 1580/1526/1411
f 328/1531/1416 1582/1532/1417 3084/1459/1348 1545/1458/1347
f 328/1531/1416 1545/1458/1347 3083/1457/1346 1583/1533/1418
f 328/1531/1416 1583/1533/1418 3097/1534/1419 1571/1535/1420
f 328/1531/1416 1571/1535/1420 3098/1536/1421 1582/1532/1417
f 329/1537/1422 1585/1538/1423 3082/1463/1352 1543/1462/1351
f 329/1537/1422 1543/1462/1351 3081/1422/1311 1573/1539/1424
f 329/1537/1422 1573/1539/1424 3095/1540/1425 1569/1541/1426
f 329/1537/1422 1569/1541/1426 3096/1542/1427 1585/1538/1423
f 330/1543/1428 1595/1544/1429 3110/1545/1430 2220/1546/1431
f 330/1543/1428 2220/1546/1431 3266/1547/1432 1929/1548/1433
f 330/1543/1428 1929/1548/1433 3259/1549/1434 1921/1550/1435
f 330/1543/1428 1921/1550/1435 3258/1551/1436 1920/1552/1437
f 330/1543/1428 1920/1552/1437 3257/1553/1438 1919/1554/1439
f 330/1543/1428 1919/1554/1439 3253/1555/1440 1942/1556/1441
f 330/1543/1428 1942/1556/1441 3109/1557/1442 1595/1544/1429
f 331/1558/1443 1575/1507/1392 3078/1426/1315 1539/1467/1356
f 331/1558/1443 1539/1467/1356 3077/1434/1323 1576/1511/1396
f 331/1558/1443 1576/1511/1396 3092/1514/1399 1567/1559/1444
f 331/1558/1443 1567/1559/1444 3093/1508/1393 1575/1507/1392
f 332/1560/1445 1660/1561/1446 3132/1562/1447 2214/1563/1448
f 332/1560/1445 2214/1563/1448 3250/1564/1449 1907/1565/1450
f 332/1560/1445 1907/1565/1450 3249/1566/1451 1906/1567/1452
f 332/1560/1445 1906/1567/1452 3248/1568/1453 1905/1569/1454
f 332/1560/1445 1905/1569/1454 3232/1570/1455 1915/1571/1456
f 332/1560/1445 1915/1571/1456 3118/1572/1457 1660/1561/1446
f 333/1573/1458 1578/1574/1459 3075/1471/1360 1537/1481/1368
f 333/1573/1458 1537/1481/1368 3074/1480/1342 1580/1575/1411
f 333/1573/1458 1580/1575/1411 3088/1576/1415 1563/1577/1460
f 333/1573/1458 1563/1577/1460 3089/1578/1461 1578/1574/1459
f 334/1579/1462 1579/1580/1463 3085/1485/1372 1546/1484/1371
f 334/1579/1462 1546/1484/1371 3084/1459/1348 1582/1532/1417
f 334/1579/1462 1582/1532/1417 3098/1536/1421 1572/1581/1464
f 334/1579/1462 1572/1581/1464 3099/1582/1465 1579/1580/1463
f 335/1583/1466 1581/1527/1412 3073/1451/1340 1535/1489/1376
f 335/1583/1466 1535/1489/1376 3072/1488/1375 1584/1584/1467
f 335/1583/1466 1584/1584/1467 3086/1585/1468 1561/1586/1469
f 335/1583/1466 1561/1586/1469 3087/1528/1413 1581/1527/1412
f 336/1587/1470 1583/1588/1418 3083/1493/1346 1544/1492/1378
f 336/1587/1470 1544/1492/1378 3082/1463/1352 1585/1538/1423
f 336/1587/1470 1585/1538/1423 3096/1542/1427 1570/1589/1471
f 336/1587/1470 1570/1589/1471 3097/1590/1419 1583/1588/1418
f 337/1591/1472 1601/1592/1473 3094/1497/1382 1568/1509/1394
f 337/1591/1472 1568/1509/1394 3093/1508/1393 1602/1593/1474
f 337/1591/1472 1602/1593/1474 3107/1594/1475 1593/1595/1476
f 337/1591/1472 1593/1595/1476 3108/1596/1477 1601/1592/1473
f 338/1597/1478 1603/1598/1479 3092/1514/1399 1566/1513/1398
f 338/1597/1478 1566/1513/1398 3091/1437/1326 1604/1599/1480
f 338/1597/1478 1604/1599/1480 3105/1600/1481 1591/1601/1482
f 338/1597/1478 1591/1601/1482 3106/1602/1483 1603/1598/1479
f 339/1603/1484 1605/1604/1485 3090/1447/1336 1564/1605/1486
f 339/1603/1484 1564/1605/1486 3089/1578/1461 1606/1606/1487
f 339/1603/1484 1606/1606/1487 3103/1607/1488 1589/1608/1489
f 339/1603/1484 1589/1608/1489 3104/1609/1490 1605/1604/1485
f 340/1610/1491 1608/1611/1492 3088/1530/1415 1562/1529/1414
f 340/1610/1491 1562/1529/1414 3087/1528/1413 1609/1612/1493
f 340/1610/1491 1609/1612/1493 3101/1613/1494 1587/1614/1495
f 340/1610/1491 1587/1614/1495 3102/1615/1496 1608/1611/1492
f 341/1616/1497 1610/1617/1498 3098/1536/1421 1571/1535/1420
f 341/1616/1497 1571/1535/1420 3097/1534/1419 1611/1618/1499
f 341/1616/1497 1611/1618/1499 3112/1619/1500 1598/1620/1501
f 341/1616/1497 1598/1620/1501 3113/1621/1502 1610/1617/1498
f 342/1622/1503 1613/1623/1504 3096/1542/1427 1569/1541/1426
f 342/1622/1503 1569/1541/1426 3095/1540/1425 1600/1624/1505
f 342/1622/1503 1600/1624/1505 3110/1545/1430 1596/1625/1506
f 342/1622/1503 1596/1625/1506 3111/1626/1507 1613/1623/1504
f 343/1627/1508 2219/1628/1509 3081/1422/1311 1542/1421/1310
f 343/1627/1508 1542/1421/1310 3080/1420/1309 1944/1629/1510
f 343/1627/1508 1944/1629/1510 3255/1630/1511 1930/1631/1512
f 343/1627/1508 1930/1631/1512 3270/1632/1513 1934/1633/1514
f 343/1627/1508 1934/1633/1514 3271/1634/1515 1935/1635/1516
f 343/1627/1508 1935/1635/1516 3264/1636/1517 1927/1637/1518
f 343/1627/1508 1927/1637/1518 3263/1638/1519 2219/1628/1509
f 344/1639/1520 1602/1593/1474 3093/1508/1393 1567/1559/1444
f 344/1639/1520 1567/1559/1444 3092/1514/1399 1603/1598/1479
f 344/1639/1520 1603/1598/1479 3106/1602/1483 1592/1640/1521
f 344/1639/1520 1592/1640/1521 3107/1594/1475 1602/1593/1474
f 345/1641/1522 1604/1599/1480 3091/1437/1326 1565/1436/1325
f 345/1641/1522 1565/1436/1325 3090/1447/1336 1605/1604/1485
f 345/1641/1522 1605/1604/1485 3104/1609/1490 1590/1642/1523
f 345/1641/1522 1590/1642/1523 3105/1600/1481 1604/1599/1480
f 346/1643/1524 1606/1606/1487 3089/1578/1461 1563/1577/1460
f 346/1643/1524 1563/1577/1460 3088/1576/1415 1608/1644/1492
f 346/1643/1524 1608/1644/1492 3102/1645/1496 1588/1646/1525
f 346/1643/1524 1588/1646/1525 3103/1607/1488 1606/1606/1487
f 347/1647/1526 1607/1648/1527 3099/1582/1465 1572/1581/1464
f 347/1647/1526 1572/1581/1464 3098/1536/1421 1610/1617/1498
f 347/1647/1526 1610/1617/1498 3113/1621/1502 1599/1649/1528
f 347/1647/1526 1599/1649/1528 3114/1650/1529 1607/1648/1527
f 348/1651/1530 1609/1612/1493 3087/1528/1413 1561/1586/1469
f 348/1651/1530 1561/1586/1469 3086/1585/1468 1612/1652/1531
f 348/1651/1530 1612/1652/1531 3100/1653/1532 1586/1654/1533
f 348/1651/1530 1586/1654/1533 3101/1613/1494 1609/1612/1493
f 349/1655/1534 1611/1656/1499 3097/1590/1419 1570/1589/1471
f 349/1655/1534 1570/1589/1471 3096/1542/1427 1613/1623/1504
f 349/1655/1534 1613/1623/1504 3111/1626/1507 1597/1657/1535
f 349/1655/1534 1597/1657/1535 3112/1658/1500 1611/1656/1499
f 350/1659/1536 1626/1660/1537 3110/1545/1430 1595/1544/1429
f 350/1659/1536 1595/1544/1429 3109/1557/1442 1627/1661/1538
f 350/1659/1536 1627/1661/1538 3123/1662/1539 1621/1663/1540
f 350/1659/1536 1621/1663/1540 3124/1664/1541 1626/1660/1537
f 351/1665/1542 1628/1666/1543 3108/1596/1477 1593/1595/1476
f 351/1665/1542 1593/1595/1476 3107/1594/1475 1629/1667/1544
f 351/1665/1542 1629/1667/1544 3121/1668/1545 1619/1669/1546
f 351/1665/1542 1619/1669/1546 3122/1670/1547 1628/1666/1543
f 352/1671/1548 1630/1672/1549 3106/1602/1483 1591/1601/1482
f 352/1671/1548 1591/1601/1482 3105/1600/1481 1631/1673/1550
f 352/1671/1548 1631/1673/1550 3119/1674/1551 1617/1675/1552
f 352/1671/1548 1617/1675/1552 3120/1676/1553 1630/1672/1549
f 353/1677/1554 1644/1678/1555 3134/1679/1556 2216/1680/1557
f 353/1677/1554 2216/1680/1557 3242/1681/1558 1897/1682/1559
f 353/1677/1554 1897/1682/1559 3235/1683/1560 1889/1684/1561
f 353/1677/1554 1889/1684/1561 3234/1685/1562 1888/1686/1563
f 353/1677/1554 1888/1686/1563 3233/1687/1564 1887/1688/1565
f 353/1677/1554 1887/1688/1565 3229/1689/1566 1914/1690/1567
f 353/1677/1554 1914/1690/1567 3133/1691/1568 1644/1678/1555
f 354/1692/1569 1634/1693/1570 3102/1615/1496 1587/1614/1495
f 354/1692/1569 1587/1614/1495 3101/1613/1494 1635/1694/1571
f 354/1692/1569 1635/1694/1571 3116/1695/1572 1615/1696/1573
f 354/1692/1569 1615/1696/1573 3117/1697/1574 1634/1693/1570
f 355/1698/1575 1636/1699/1576 3113/1621/1502 1598/1620/1501
f 355/1698/1575 1598/1620/1501 3112/1619/1500 1637/1700/1577
f 355/1698/1575 1637/1700/1577 3126/1701/1578 1624/1702/1579
f 355/1698/1575 1624/1702/1579 3127/1703/1580 1636/1699/1576
f 356/1704/1581 1639/1705/1582 3111/1626/1507 1596/1625/1506
f 356/1704/1581 1596/1625/1506 3110/1545/1430 1626/1660/1537
f 356/1704/1581 1626/1660/1537 3124/1664/1541 1622/1706/1583
f 356/1704/1581 1622/1706/1583 3125/1707/1584 1639/1705/1582
f 357/1708/1585 1627/1661/1538 3109/1557/1442 1594/1709/1586
f 357/1708/1585 1594/1709/1586 3108/1596/1477 1628/1666/1543
f 357/1708/1585 1628/1666/1543 3122/1670/1547 1620/1710/1587
f 357/1708/1585 1620/1710/1587 3123/1662/1539 1627/1661/1538
f 358/1711/1588 1629/1667/1544 3107/1594/1475 1592/1640/1521
f 358/1711/1588 1592/1640/1521 3106/1602/1483 1630/1672/1549
f 358/1711/1588 1630/1672/1549 3120/1676/1553 1618/1712/1589
f 358/1711/1588 1618/1712/1589 3121/1668/1545 1629/1667/1544
f 359/1713/1590 2213/1714/1591 3103/1607/1488 1632/1715/1592
f 359/1713/1590 1632/1715/1592 3118/1572/1457 1915/1571/1456
f 359/1713/1590 1915/1571/1456 3232/1570/1455 1904/1716/1593
f 359/1713/1590 1904/1716/1593 3251/1717/1594 1908/1718/1595
f 359/1713/1590 1908/1718/1595 3252/1719/1596 2213/1714/1591
f 360/1720/1597 1632/1715/1592 3103/1607/1488 1588/1646/1525
f 360/1720/1597 1588/1646/1525 3102/1645/1496 1634/1721/1570
f 360/1720/1597 1634/1721/1570 3117/1722/1574 1616/1723/1598
f 360/1720/1597 1616/1723/1598 3118/1572/1457 1632/1715/1592
f 361/1724/1599 1633/1725/1600 3114/1650/1529 1599/1649/1528
f 361/1724/1599 1599/1649/1528 3113/1621/1502 1636/1699/1576
f 361/1724/1599 1636/1699/1576 3127/1703/1580 1625/1726/1601
f 361/1724/1599 1625/1726/1601 3128/1727/1602 1633/1725/1600
f 362/1728/1603 1635/1694/1571 3101/1613/1494 1586/1654/1533
f 362/1728/1603 1586/1654/1533 3100/1653/1532 1638/1729/1604
f 362/1728/1603 1638/1729/1604 3115/1730/1605 1614/1731/1606
f 362/1728/1603 1614/1731/1606 3116/1695/1572 1635/1694/1571
f 363/1732/1607 1637/1733/1577 3112/1658/1500 1597/1657/1535
f 363/1732/1607 1597/1657/1535 3111/1626/1507 1639/1705/1582
f 363/1732/1607 1639/1705/1582 3125/1707/1584 1623/1734/1608
f 363/1732/1607 1623/1734/1608 3126/1735/1578 1637/1733/1577
f 364/1736/1609 1654/1737/1610 3124/1664/1541 1621/1663/1540
f 364/1736/1609 1621/1663/1540 3123/1662/1539 1655/1738/1611
f 364/1736/1609 1655/1738/1611 3138/1739/1612 1649/1740/1613
f 364/1736/1609 1649/1740/1613 3139/1741/1614 1654/1737/1610
f 365/1742/1615 1656/1743/1616 3122/1670/1547 1619/1669/1546
f 365/1742/1615 1619/1669/1546 3121/1668/1545 1657/1744/1617
f 365/1742/1615 1657/1744/1617 3136/1745/1618 1647/1746/1619
f 365/1742/1615 1647/1746/1619 3137/1747/1620 1656/1743/1616
f 366/1748/1621 1658/1749/1622 3120/1676/1553 1617/1675/1552
f 366/1748/1621 1617/1675/1552 3119/1674/1551 1659/1750/1623
f 366/1748/1621 1659/1750/1623 3134/1679/1556 1645/1751/1624
f 366/1748/1621 1645/1751/1624 3135/1752/1625 1658/1749/1622
f 367/1753/1626 2215/1754/1627 3105/1600/1481 1590/1642/1523
f 367/1753/1626 1590/1642/1523 3104/1609/1490 1916/1755/1628
f 367/1753/1626 1916/1755/1628 3231/1756/1629 1898/1757/1630
f 367/1753/1626 1898/1757/1630 3246/1758/1631 1902/1759/1632
f 367/1753/1626 1902/1759/1632 3247/1760/1633 1903/1761/1634
f 367/1753/1626 1903/1761/1634 3240/1762/1635 2215/1754/1627
f 368/1763/1636 1662/1764/1637 3117/1697/1574 1615/1696/1573
f 368/1763/1636 1615/1696/1573 3116/1695/1572 1663/1765/1638
f 368/1763/1636 1663/1765/1638 3130/1766/1639 1641/1767/1640
f 368/1763/1636 1641/1767/1640 3131/1768/1641 1662/1764/1637
f 369/1769/1642 1664/1770/1643 3127/1703/1580 1624/1702/1579
f 369/1769/1642 1624/1702/1579 3126/1701/1578 1665/1771/1644
f 369/1769/1642 1665/1771/1644 3141/1772/1645 1652/1773/1646
f 369/1769/1642 1652/1773/1646 3142/1774/1647 1664/1770/1643
f 370/1775/1648 1667/1776/1649 3125/1707/1584 1622/1706/1583
f 370/1775/1648 1622/1706/1583 3124/1664/1541 1654/1737/1610
f 370/1775/1648 1654/1737/1610 3139/1741/1614 1650/1777/1650
f 370/1775/1648 1650/1777/1650 3140/1778/1651 1667/1776/1649
f 371/1779/1652 1655/1738/1611 3123/1662/1539 1620/1710/1587
f 371/1779/1652 1620/1710/1587 3122/1670/1547 1656/1743/1616
f 371/1779/1652 1656/1743/1616 3137/1747/1620 1648/1780/1653
f 371/1779/1652 1648/1780/1653 3138/1739/1612 1655/1738/1611
f 372/1781/1654 1657/1744/1617 3121/1668/1545 1618/1712/1589
f 372/1781/1654 1618/1712/1589 3120/1676/1553 1658/1749/1622
f 372/1781/1654 1658/1749/1622 3135/1752/1625 1646/1782/1655
f 372/1781/1654 1646/1782/1655 3136/1745/1618 1657/1744/1617
f 373/1783/1656 1660/1561/1446 3118/1572/1457 1616/1723/1598
f 373/1783/1656 1616/1723/1598 3117/1722/1574 1662/1784/1637
f 373/1783/1656 1662/1784/1637 3131/1785/1641 1642/1786/1657
f 373/1783/1656 1642/1786/1657 3132/1562/1447 1660/1561/1446
f 374/1787/1658 1661/1788/1659 3128/1727/1602 1625/1726/1601
f 374/1787/1658 1625/1726/1601 3127/1703/1580 1664/1770/1643
f 374/1787/1658 1664/1770/1643 3142/1774/1647 1653/1789/1660
f 374/1787/1658 1653/1789/1660 3143/1790/1661 1661/1788/1659
f 375/1791/1662 1663/1765/1638 3116/1695/1572 1614/1731/1606
f 375/1791/1662 1614/1731/1606 3115/1730/1605 1666/1792/1663
f 375/1791/1662 1666/1792/1663 3129/1793/1664 1640/1794/1665
f 375/1791/1662 1640/1794/1665 3130/1766/1639 1663/1765/1638
f 376/1795/1666 1665/1796/1644 3126/1735/1578 1623/1734/1608
f 376/1795/1666 1623/1734/1608 3125/1707/1584 1667/1776/1649
f 376/1795/1666 1667/1776/1649 3140/1778/1651 1651/1797/1667
f 376/1795/1666 1651/1797/1667 3141/1798/1645 1665/1796/1644
f 377/1799/1668 1682/1800/1669 3139/1741/1614 1649/1740/1613
f 377/1799/1668 1649/1740/1613 3138/1739/1612 1683/1801/1670
f 377/1799/1668 1683/1801/1670 3153/1802/1671 1677/1803/1672
f 377/1799/1668 1677/1803/1672 3154/1804/1673 1682/1800/1669
f 378/1805/1674 1684/1806/1675 3137/1747/1620 1647/1746/1619
f 378/1805/1674 1647/1746/1619 3136/1745/1618 1685/1807/1676
f 378/1805/1674 1685/1807/1676 3151/1808/1677 1675/1809/1678
f 378/1805/1674 1675/1809/1678 3152/1810/1679 1684/1806/1675
f 379/1811/1680 1686/1812/1681 3135/1752/1625 1645/1751/1624
f 379/1811/1680 1645/1751/1624 3134/1679/1556 1687/1813/1682
f 379/1811/1680 1687/1813/1682 3149/1814/1683 1673/1815/1684
f 379/1811/1680 1673/1815/1684 3150/1816/1685 1686/1812/1681
f 380/1817/1686 1688/1818/1687 3133/1691/1568 1643/1819/1688
f 380/1817/1686 1643/1819/1688 3132/1562/1447 1689/1820/1689
f 380/1817/1686 1689/1820/1689 3147/1821/1690 1671/1822/1691
f 380/1817/1686 1671/1822/1691 3148/1823/1692 1688/1818/1687
f 381/1824/1693 1691/1825/1694 3131/1768/1641 1641/1767/1640
f 381/1824/1693 1641/1767/1640 3130/1766/1639 1692/1826/1695
f 381/1824/1693 1692/1826/1695 3145/1827/1696 1669/1828/1697
f 381/1824/1693 1669/1828/1697 3146/1829/1698 1691/1825/1694
f 382/1830/1699 1693/1831/1700 3142/1774/1647 1652/1773/1646
f 382/1830/1699 1652/1773/1646 3141/1772/1645 1694/1832/1701
f 382/1830/1699 1694/1832/1701 3156/1833/1702 1680/1834/1703
f 382/1830/1699 1680/1834/1703 3157/1835/1704 1693/1831/1700
f 383/1836/1705 1696/1837/1706 3140/1778/1651 1650/1777/1650
f 383/1836/1705 1650/1777/1650 3139/1741/1614 1682/1800/1669
f 383/1836/1705 1682/1800/1669 3154/1804/1673 1678/1838/1707
f 383/1836/1705 1678/1838/1707 3155/1839/1708 1696/1837/1706
f 384/1840/1709 1683/1801/1670 3138/1739/1612 1648/1780/1653
f 384/1840/1709 1648/1780/1653 3137/1747/1620 1684/1806/1675
f 384/1840/1709 1684/1806/1675 3152/1810/1679 1676/1841/1710
f 384/1840/1709 1676/1841/1710 3153/1802/1671 1683/1801/1670
f 385/1842/1711 1685/1807/1676 3136/1745/1618 1646/1782/1655
f 385/1842/1711 1646/1782/1655 3135/1752/1625 1686/1812/1681
f 385/1842/1711 1686/1812/1681 3150/1816/1685 1674/1843/1712
f 385/1842/1711 1674/1843/1712 3151/1808/1677 1685/1807/1676
f 386/1844/1713 1687/1813/1682 3134/1679/1556 1644/1678/1555
f 386/1844/1713 1644/1678/1555 3133/1691/1568 1688/1818/1687
f 386/1844/1713 1688/1818/1687 3148/1823/1692 1672/1845/1714
f 386/1844/1713 1672/1845/1714 3149/1814/1683 1687/1813/1682
f 387/1846/1715 1689/1820/1689 3132/1562/1447 1642/1786/1657
f 387/1846/1715 1642/1786/1657 3131/1785/1641 1691/1847/1694
f 387/1846/1715 1691/1847/1694 3146/1848/1698 1670/1849/1716
f 387/1846/1715 1670/1849/1716 3147/1821/1690 1689/1820/1689
f 388/1850/1717 1690/1851/1718 3143/1790/1661 1653/1789/1660
f 388/1850/1717 1653/1789/1660 3142/1774/1647 1693/1831/1700
f 388/1850/1717 1693/1831/1700 3157/1835/1704 1681/1852/1719
f 388/1850/1717 1681/1852/1719 3158/1853/1720 1690/1851/1718
f 389/1854/1721 1692/1826/1695 3130/1766/1639 1640/1794/1665
f 389/1854/1721 1640/1794/1665 3129/1793/1664 1695/1855/1722
f 389/1854/1721 1695/1855/1722 3144/1856/1723 1668/1857/1724
f 389/1854/1721 1668/1857/1724 3145/1827/1696 1692/1826/1695
f 390/1858/1725 1694/1859/1701 3141/1798/1645 1651/1797/1667
f 390/1858/1725 1651/1797/1667 3140/1778/1651 1696/1837/1706
f 390/1858/1725 1696/1837/1706 3155/1839/1708 1679/1860/1726
f 390/1858/1725 1679/1860/1726 3156/1861/1702 1694/1859/1701
f 391/1862/1727 1711/1863/1728 3154/1804/1673 1677/1803/1672
f 391/1862/1727 1677/1803/1672 3153/1802/1671 1712/1864/1729
f 391/1862/1727 1712/1864/1729 3168/1865/1730 1706/1866/1731
f 391/1862/1727 1706/1866/1731 3169/1867/1732 1711/1863/1728
f 392/1868/1733 1713/1869/1734 3152/1810/1679 1675/1809/1678
f 392/1868/1733 1675/1809/1678 3151/1808/1677 1714/1870/1735
f 392/1868/1733 1714/1870/1735 3166/1871/1736 1704/1872/1737
f 392/1868/1733 1704/1872/1737 3167/1873/1738 1713/1869/1734
f 393/1874/1739 1715/1875/1740 3150/1816/1685 1673/1815/1684
f 393/1874/1739 1673/1815/1684 3149/1814/1683 1716/1876/1741
f 393/1874/1739 1716/1876/1741 3164/1877/1742 1702/1878/1743
f 393/1874/1739 1702/1878/1743 3165/1879/1744 1715/1875/1740
f 394/1880/1745 1717/1881/1746 3148/1823/1692 1671/1822/1691
f 394/1880/1745 1671/1822/1691 3147/1821/1690 1718/1882/1747
f 394/1880/1745 1718/1882/1747 3162/1883/1748 1700/1884/1749
f 394/1880/1745 1700/1884/1749 3163/1885/1750 1717/1881/1746
f 395/1886/1751 1720/1887/1752 3146/1829/1698 1669/1828/1697
f 395/1886/1751 1669/1828/1697 3145/1827/1696 1721/1888/1753
f 395/1886/1751 1721/1888/1753 3160/1889/1754 1698/1890/1755
f 395/1886/1751 1698/1890/1755 3161/1891/1756 1720/1887/1752
f 396/1892/1757 1722/1893/1758 3157/1835/1704 1680/1834/1703
f 396/1892/1757 1680/1834/1703 3156/1833/1702 1723/1894/1759
f 396/1892/1757 1723/1894/1759 3171/1895/1760 1709/1896/1761
f 396/1892/1757 1709/1896/1761 3172/1897/1762 1722/1893/1758
f 397/1898/1763 1725/1899/1764 3155/1839/1708 1678/1838/1707
f 397/1898/1763 1678/1838/1707 3154/1804/1673 1711/1863/1728
f 397/1898/1763 1711/1863/1728 3169/1867/1732 1707/1900/1765
f 397/1898/1763 1707/1900/1765 3170/1901/1766 1725/1899/1764
f 398/1902/1767 1712/1864/1729 3153/1802/1671 1676/1841/1710
f 398/1902/1767 1676/1841/1710 3152/1810/1679 1713/1869/1734
f 398/1902/1767 1713/1869/1734 3167/1873/1738 1705/1903/1768
f 398/1902/1767 1705/1903/1768 3168/1865/1730 1712/1864/1729
f 399/1904/1769 1714/1870/1735 3151/1808/1677 1674/1843/1712
f 399/1904/1769 1674/1843/1712 3150/1816/1685 1715/1875/1740
f 399/1904/1769 1715/1875/1740 3165/1879/1744 1703/1905/1770
f 399/1904/1769 1703/1905/1770 3166/1871/1736 1714/1870/1735
f 400/1906/1771 1716/1876/1741 3149/1814/1683 1672/1845/1714
f 400/1906/1771 1672/1845/1714 3148/1823/1692 1717/1881/1746
f 400/1906/1771 1717/1881/1746 3163/1885/1750 1701/1907/1772
f 400/1906/1771 1701/1907/1772 3164/1877/1742 1716/1876/1741
f 401/1908/1773 1718/1882/1747 3147/1821/1690 1670/1849/1716
f 401/1908/1773 1670/1849/1716 3146/1848/1698 1720/1909/1752
f 401/1908/1773 1720/1909/1752 3161/1910/1756 1699/1911/1774
f 401/1908/1773 1699/1911/1774 3162/1883/1748 1718/1882/1747
f 402/1912/1775 1719/1913/1776 3158/1853/1720 1681/1852/1719
f 402/1912/1775 1681/1852/1719 3157/1835/1704 1722/1893/1758
f 402/1912/1775 1722/1893/1758 3172/1897/1762 1710/1914/1777
f 402/1912/1775 1710/1914/1777 3173/1915/1778 1719/1913/1776
f 403/1916/1779 1721/1888/1753 3145/1827/1696 1668/1857/1724
f 403/1916/1779 1668/1857/1724 3144/1856/1723 1724/1917/1780
f 403/1916/1779 1724/1917/1780 3159/1918/1781 1697/1919/1782
f 403/1916/1779 1697/1919/1782 3160/1889/1754 1721/1888/1753
f 404/1920/1783 1723/1921/1759 3156/1861/1702 1679/1860/1726
f 404/1920/1783 1679/1860/1726 3155/1839/1708 1725/1899/1764
f 404/1920/1783 1725/1899/1764 3170/1901/1766 1708/1922/1784
f 404/1920/1783 1708/1922/1784 3171/1923/1760 1723/1921/1759
f 405/1924/1785 1741/1925/1786 3169/1867/1732 1706/1866/1731
f 405/1924/1785 1706/1866/1731 3168/1865/1730 1742/1926/1787
f 405/1924/1785 1742/1926/1787 3184/1927/1788 1736/1928/1789
f 405/1924/1785 1736/1928/1789 3185/1929/1790 1741/1925/1786
f 406/1930/1791 1743/1931/1792 3167/1873/1738 1704/1872/1737
f 406/1930/1791 1704/1872/1737 3166/1871/1736 1744/1932/1793
f 406/1930/1791 1744/1932/1793 3182/1933/1794 1734/1934/1795
f 406/1930/1791 1734/1934/1795 3183/1935/1796 1743/1931/1792
f 407/1936/1797 1745/1937/1798 3165/1879/1744 1702/1878/1743
f 407/1936/1797 1702/1878/1743 3164/1877/1742 1746/1938/1799
f 407/1936/1797 1746/1938/1799 3180/1939/1800 1732/1940/1801
f 407/1936/1797 1732/1940/1801 3181/1941/1802 1745/1937/1798
f 408/1942/1803 1747/1943/1804 3163/1885/1750 1700/1884/1749
f 408/1942/1803 1700/1884/1749 3162/1883/1748 1748/1944/1805
f 408/1942/1803 1748/1944/1805 3178/1945/1806 1730/1946/1807
f 408/1942/1803 1730/1946/1807 3179/1947/1808 1747/1943/1804
f 409/1948/1809 1750/1949/1810 3161/1891/1756 1698/1890/1755
f 409/1948/1809 1698/1890/1755 3160/1889/1754 1751/1950/1811
f 409/1948/1809 1751/1950/1811 3176/1951/1812 1728/1952/1813
f 409/1948/1809 1728/1952/1813 3177/1953/1814 1750/1949/1810
f 410/1954/1815 1752/1955/1816 3172/1897/1762 1709/1896/1761
f 410/1954/1815 1709/1896/1761 3171/1895/1760 1753/1956/1817
f 410/1954/1815 1753/1956/1817 3187/1957/1818 1739/1958/1819
f 410/1954/1815 1739/1958/1819 3188/1959/1820 1752/1955/1816
f 411/1960/1821 1755/1961/1822 3170/1901/1766 1707/1900/1765
f 411/1960/1821 1707/1900/1765 3169/1867/1732 1741/1925/1786
f 411/1960/1821 1741/1925/1786 3185/1929/1790 1737/1962/1823
f 411/1960/1821 1737/1962/1823 3186/1963/1824 1755/1961/1822
f 412/1964/1825 1742/1926/1787 3168/1865/1730 1705/1903/1768
f 412/1964/1825 1705/1903/1768 3167/1873/1738 1743/1931/1792
f 412/1964/1825 1743/1931/1792 3183/1935/1796 1735/1965/1826
f 412/1964/1825 1735/1965/1826 3184/1927/1788 1742/1926/1787
f 413/1966/1827 1744/1932/1793 3166/1871/1736 1703/1905/1770
f 413/1966/1827 1703/1905/1770 3165/1879/1744 1745/1937/1798
f 413/1966/1827 1745/1937/1798 3181/1941/1802 1733/1967/1828
f 413/1966/1827 1733/1967/1828 3182/1933/1794 1744/1932/1793
f 414/1968/1829 1746/1938/1799 3164/1877/1742 1701/1907/1772
f 414/1968/1829 1701/1907/1772 3163/1885/1750 1747/1943/1804
f 414/1968/1829 1747/1943/1804 3179/1947/1808 1731/1969/1830
f 414/1968/1829 1731/1969/1830 3180/1939/1800 1746/1938/1799
f 415/1970/1831 1748/1944/1805 3162/1883/1748 1699/1911/1774
f 415/1970/1831 1699/1911/1774 3161/1910/1756 1750/1971/1810
f 415/1970/1831 1750/1971/1810 3177/1972/1814 1729/1973/1832
f 415/1970/1831 1729/1973/1832 3178/1945/1806 1748/1944/1805
f 416/1974/1833 1749/1975/1834 3173/1915/1778 1710/1914/1777
f 416/1974/1833 1710/1914/1777 3172/1897/1762 1752/1955/1816
f 416/1974/1833 1752/1955/1816 3188/1959/1820 1740/1976/1835
f 416/1974/1833 1740/1976/1835 3189/1977/1836 1749/1975/1834
f 417/1978/1837 1751/1950/1811 3160/1889/1754 1697/1919/1782
f 417/1978/1837 1697/1919/1782 3159/1918/1781 1754/1979/1838
f 417/1978/1837 1754/1979/1838 3175/1980/1839 1727/1981/1840
f 417/1978/1837 1727/1981/1840 3176/1951/1812 1751/1950/1811
f 418/1982/1841 1753/1983/1817 3171/1923/1760 1708/1922/1784
f 418/1982/1841 1708/1922/1784 3170/1901/1766 1755/1961/1822
f 418/1982/1841 1755/1961/1822 3186/1963/1824 1738/1984/1842
f 418/1982/1841 1738/1984/1842 3187/1985/1818 1753/1983/1817
f 419/1986/1843 1770/1987/1844 3185/1929/1790 1736/1928/1789
f 419/1986/1843 1736/1928/1789 3184/1927/1788 1771/1988/1845
f 419/1986/1843 1771/1988/1845 3199/1989/1846 1765/1990/1847
f 419/1986/1843 1765/1990/1847 3200/1991/1848 1770/1987/1844
f 420/1992/1849 1772/1993/1850 3183/1935/1796 1734/1934/1795
f 420/1992/1849 1734/1934/1795 3182/1933/1794 1773/1994/1851
f 420/1992/1849 1773/1994/1851 3197/1995/1852 1763/1996/1853
f 420/1992/1849 1763/1996/1853 3198/1997/1854 1772/1993/1850
f 421/1998/1855 1774/1999/1856 3181/1941/1802 1732/1940/1801
f 421/1998/1855 1732/1940/1801 3180/1939/1800 1775/2000/1857
f 421/1998/1855 1775/2000/1857 3195/2001/1858 1761/2002/1859
f 421/1998/1855 1761/2002/1859 3196/2003/1860 1774/1999/1856
f 422/2004/1861 1776/2005/1862 3179/1947/1808 1730/1946/1807
f 422/2004/1861 1730/1946/1807 3178/1945/1806 1777/2006/1863
f 422/2004/1861 1777/2006/1863 3193/2007/1864 1759/2008/1865
f 422/2004/1861 1759/2008/1865 3194/2009/1866 1776/2005/1862
f 423/2010/1867 1779/2011/1868 3177/1953/1814 1728/1952/1813
f 423/2010/1867 1728/1952/1813 3176/1951/1812 1780/2012/1869
f 423/2010/1867 1780/2012/1869 3191/2013/1870 1757/2014/1871
f 423/2010/1867 1757/2014/1871 3192/2015/1872 1779/2011/1868
f 424/2016/1873 1781/2017/1874 3188/1959/1820 1739/1958/1819
f 424/2016/1873 1739/1958/1819 3187/1957/1818 1782/2018/1875
f 424/2016/1873 1782/2018/1875 3202/2019/1876 1768/2020/1877
f 424/2016/1873 1768/2020/1877 3203/2021/1878 1781/2017/1874
f 425/2022/1879 1784/2023/1880 3186/1963/1824 1737/1962/1823
f 425/2022/1879 1737/1962/1823 3185/1929/1790 1770/1987/1844
f 425/2022/1879 1770/1987/1844 3200/1991/1848 1766/2024/1881
f 425/2022/1879 1766/2024/1881 3201/2025/1882 1784/2023/1880
f 426/2026/1883 1771/1988/1845 3184/1927/1788 1735/1965/1826
f 426/2026/1883 1735/1965/1826 3183/1935/1796 1772/1993/1850
f 426/2026/1883 1772/1993/1850 3198/1997/1854 1764/2027/1884
f 426/2026/1883 1764/2027/1884 3199/1989/1846 1771/1988/1845
f 427/2028/1885 1773/1994/1851 3182/1933/1794 1733/1967/1828
f 427/2028/1885 1733/1967/1828 3181/1941/1802 1774/1999/1856
f 427/2028/1885 1774/1999/1856 3196/2003/1860 1762/2029/1886
f 427/2028/1885 1762/2029/1886 3197/1995/1852 1773/1994/1851
f 428/2030/1887 1775/2000/1857 3180/1939/1800 1731/1969/1830
f 428/2030/1887 1731/1969/1830 3179/1947/1808 1776/2005/1862
f 428/2030/1887 1776/2005/1862 3194/2009/1866 1760/2031/1888
f 428/2030/1887 1760/2031/1888 3195/2001/1858 1775/2000/1857
f 429/2032/1889 1777/2006/1863 3178/1945/1806 1729/1973/1832
f 429/2032/1889 1729/1973/1832 3177/1972/1814 1779/2033/1868
f 429/2032/1889 1779/2033/1868 3192/2034/1872 1758/2035/1890
f 429/2032/1889 1758/2035/1890 3193/2007/1864 1777/2006/1863
f 430/2036/1891 1778/2037/1892 3189/1977/1836 1740/1976/1835
f 430/2036/1891 1740/1976/1835 3188/1959/1820 1781/2017/1874
f 430/2036/1891 1781/2017/1874 3203/2021/1878 1769/2038/1893
f 430/2036/1891 1769/2038/1893 3204/2039/1894 1778/2037/1892
f 431/2040/1895 1780/2012/1869 3176/1951/1812 1727/1981/1840
f 431/2040/1895 1727/1981/1840 3175/1980/1839 1783/2041/1896
f 431/2040/1895 1783/2041/1896 3190/2042/1897 1756/2043/1898
f 431/2040/1895 1756/2043/1898 3191/2013/1870 1780/2012/1869
f 432/2044/1899 1782/2045/1875 3187/1985/1818 1738/1984/1842
f 432/2044/1899 1738/1984/1842 3186/1963/1824 1784/2023/1880
f 432/2044/1899 1784/2023/1880 3201/2025/1882 1767/2046/1900
f 432/2044/1899 1767/2046/1900 3202/2047/1876 1782/2045/1875
f 433/2048/1901 2402/2049/1902 3025/1222/1125 1469/1282/1181
f 433/2048/1901 1469/1282/1181 3040/1284/1183 2403/2050/1903
f 433/2048/1901 2403/2050/1903 3532/2051/1904 1832/2052/1905
f 433/2048/1901 1832/2052/1905 3530/2053/1906 2402/2049/1902
f 434/2054/1907 2418/2055/1908 3086/1585/1468 1584/1584/1467
f 434/2054/1907 1584/1584/1467 3072/1488/1375 2410/2056/1909
f 434/2054/1907 2410/2056/1909 3537/2057/1910 1815/2058/1911
f 434/2054/1907 1815/2058/1911 3539/2059/1912 2418/2055/1908
f 435/2060/1913 2395/2061/1914 2966/1039/954 1358/1038/953
f 435/2060/1913 1358/1038/953 2951/977/896 2401/2062/1915
f 435/2060/1913 2401/2062/1915 3521/2063/1916 1490/2064/1917
f 435/2060/1913 1490/2064/1917 3523/2065/1918 2395/2061/1914
f 436/2066/1919 2425/2067/1920 3144/1856/1723 1695/1855/1722
f 436/2066/1919 1695/1855/1722 3129/1793/1664 2428/2068/1921
f 436/2066/1919 2428/2068/1921 3545/2069/1922 1799/2070/1923
f 436/2066/1919 1799/2070/1923 3547/2071/1924 2425/2067/1920
f 437/2072/1925 2393/2073/1926 2786/274/258 1010/273/257
f 437/2072/1925 1010/273/257 2771/212/200 2400/2074/1927
f 437/2072/1925 2400/2074/1927 3497/2075/1928 1833/2076/1929
f 437/2072/1925 1833/2076/1929 3499/2077/1930 2393/2073/1926
f 438/2078/1931 2423/2079/1932 3175/1980/1839 1754/1979/1838
f 438/2078/1931 1754/1979/1838 3159/1918/1781 2424/2080/1933
f 438/2078/1931 2424/2080/1933 3549/2081/1934 1791/2082/1935
f 438/2078/1931 1791/2082/1935 3551/2083/1936 2423/2079/1932
f 439/2084/1937 2398/2085/1938 3055/1346/1241 1528/1406/1297
f 439/2084/1937 1528/1406/1297 3071/1408/1299 2399/2086/1939
f 439/2084/1937 2399/2086/1939 3536/2087/1940 1825/2088/1941
f 439/2084/1937 1825/2088/1941 3534/2089/1942 2398/2085/1938
f 440/2090/1943 2427/2091/1944 2935/850/777 1295/910/833
f 440/2090/1943 1295/910/833 2950/912/835 2422/2092/1945
f 440/2090/1943 2422/2092/1945 3520/2093/1946 1794/2094/1947
f 440/2090/1943 1794/2094/1947 3518/2095/1948 2427/2091/1944
f 441/2096/1949 2397/2097/1950 2845/457/429 1121/536/485
f 441/2096/1949 1121/536/485 2860/538/487 2394/2098/1951
f 441/2096/1949 2394/2098/1951 3508/2099/1952 1818/2100/1953
f 441/2096/1949 1818/2100/1953 3506/2101/1954 2397/2097/1950
f 442/2102/1955 2399/2086/1939 3071/1408/1299 1554/1483/1370
f 442/2102/1955 1554/1483/1370 3085/1485/1372 2392/2103/1956
f 442/2102/1955 2392/2103/1956 3538/2104/1957 1821/2105/1958
f 442/2102/1955 1821/2105/1958 3536/2087/1940 2399/2086/1939
f 443/2106/1959 2396/2107/1960 3128/1727/1602 1661/1788/1659
f 443/2106/1959 1661/1788/1659 3143/1790/1661 2391/2108/1961
f 443/2106/1959 2391/2108/1961 3546/2109/1962 1805/2110/1963
f 443/2106/1959 1805/2110/1963 3544/2111/1964 2396/2107/1960
f 444/2112/1965 2421/2113/1966 2876/667/606 1184/666/605
f 444/2112/1965 1184/666/605 2861/605/548 2426/2114/1967
f 444/2112/1965 2426/2114/1967 3509/2115/1968 1808/2116/1969
f 444/2112/1965 1808/2116/1969 3511/2117/1970 2421/2113/1966
f 445/2118/1971 2390/2119/1972 2981/1101/1012 1387/1100/1011
f 445/2118/1971 1387/1100/1011 2966/1039/954 2395/2061/1914
f 445/2118/1971 2395/2061/1914 3523/2065/1918 1842/2120/1973
f 445/2118/1971 1842/2120/1973 3525/2121/1974 2390/2119/1972
f 446/2122/1975 2378/2123/1976 2755/72/69 947/145/137
f 446/2122/1975 947/145/137 2770/147/139 2420/2124/1977
f 446/2122/1975 2420/2124/1977 3496/2125/1978 1843/2126/1979
f 446/2122/1975 1843/2126/1979 3494/2127/1980 2378/2123/1976
f 447/2128/1981 2394/2098/1951 2860/538/487 1150/600/543
f 447/2128/1981 1150/600/543 2875/602/545 2384/2129/1982
f 447/2128/1981 2384/2129/1982 3510/2130/1983 1814/2131/1984
f 447/2128/1981 1814/2131/1984 3508/2099/1952 2394/2098/1951
f 448/2132/1985 2424/2080/1933 3159/1918/1781 1724/1917/1780
f 448/2132/1985 1724/1917/1780 3144/1856/1723 2425/2067/1920
f 448/2132/1985 2425/2067/1920 3547/2071/1924 1795/2133/1986
f 448/2132/1985 1795/2133/1986 3549/2081/1934 2424/2080/1933
f 449/2134/1987 2385/2135/1988 2801/336/316 1039/335/315
f 449/2134/1987 1039/335/315 2786/274/258 2393/2073/1926
f 449/2134/1987 2393/2073/1926 3499/2077/1930 1829/2136/1989
f 449/2134/1987 1829/2136/1989 3501/2137/1990 2385/2135/1988
f 450/2138/1991 2387/2139/1992 3190/2042/1897 1783/2041/1896
f 450/2138/1991 1783/2041/1896 3175/1980/1839 2423/2079/1932
f 450/2138/1991 2423/2079/1932 3551/2083/1936 1787/2140/1993
f 450/2138/1991 1787/2140/1993 3553/2141/1994 2387/2139/1992
f 451/2142/1995 2392/2103/1956 3085/1485/1372 1579/1580/1463
f 451/2142/1995 1579/1580/1463 3099/1582/1465 2367/2143/1996
f 451/2142/1995 2367/2143/1996 3540/2144/1997 1817/2145/1998
f 451/2142/1995 1817/2145/1998 3538/2104/1957 2392/2103/1956
f 452/2146/1999 2422/2092/1945 2950/912/835 1324/972/891
f 452/2146/1999 1324/972/891 2965/974/893 2419/2147/2000
f 452/2146/1999 2419/2147/2000 3522/2148/2001 1790/2149/2002
f 452/2146/1999 1790/2149/2002 3520/2093/1946 2422/2092/1945
f 453/2150/2003 2391/2108/1961 3143/1790/1661 1690/1851/1718
f 453/2150/2003 1690/1851/1718 3158/1853/1720 2382/2151/2004
f 453/2150/2003 2382/2151/2004 3548/2152/2005 1801/2153/2006
f 453/2150/2003 1801/2153/2006 3546/2109/1962 2391/2108/1961
f 454/2154/2007 2409/2155/2008 2741/77/74 917/76/73
f 454/2154/2007 917/76/73 2726/75/72 2386/2156/2009
f 454/2154/2007 2386/2156/2009 3056/2157/2010 1844/2158/2011
f 454/2154/2007 1844/2158/2011 3493/2159/2012 2409/2155/2008
f 455/2160/2013 2381/2161/2014 2996/1163/1070 1416/1162/1069
f 455/2160/2013 1416/1162/1069 2981/1101/1012 2390/2119/1972
f 455/2160/2013 2390/2119/1972 3525/2121/1974 1838/2162/2015
f 455/2160/2013 1838/2162/2015 3527/2163/2016 2381/2161/2014
f 456/2164/2017 2417/2165/2018 2891/729/664 1213/728/663
f 456/2164/2017 1213/728/663 2876/667/606 2421/2113/1966
f 456/2164/2017 2421/2113/1966 3511/2117/1970 1804/2166/2019
f 456/2164/2017 1804/2166/2019 3513/2167/2020 2417/2165/2018
f 457/2168/2021 2388/2169/2022 3115/1730/1605 1638/1729/1604
f 457/2168/2021 1638/1729/1604 3100/1653/1532 2389/2170/2023
f 457/2168/2021 2389/2170/2023 3541/2171/2024 1807/2172/2025
f 457/2168/2021 1807/2172/2025 3543/2173/2026 2388/2169/2022
f 458/2174/2027 2420/2124/1977 2770/147/139 976/207/195
f 458/2174/2027 976/207/195 2785/209/197 2416/2175/2028
f 458/2174/2027 2416/2175/2028 3498/2176/2029 1839/2177/2030
f 458/2174/2027 1839/2177/2030 3496/2125/1978 2420/2124/1977
f 459/2178/2031 2383/2179/2032 3173/1915/1778 1749/1975/1834
f 459/2178/2031 1749/1975/1834 3189/1977/1836 2379/2180/2033
f 459/2178/2031 2379/2180/2033 3552/2181/2034 1793/2182/2035
f 459/2178/2031 1793/2182/2035 3550/2183/2036 2383/2179/2032
f 460/2184/2037 2419/2147/2000 2965/974/893 1353/1034/949
f 460/2184/2037 1353/1034/949 2980/1036/951 2415/2185/2038
f 460/2184/2037 2415/2185/2038 3524/2186/2039 1786/2187/2040
f 460/2184/2037 1786/2187/2040 3522/2148/2001 2419/2147/2000
f 461/2188/2041 2386/2156/2009 2726/75/72 1860/2189/2042
f 461/2188/2041 1860/2189/2042 3190/2042/1897 2387/2139/1992
f 461/2188/2041 2387/2139/1992 3553/2141/1994 1726/2190/2043
f 461/2188/2041 1726/2190/2043 3056/2157/2010 2386/2156/2009
f 462/2191/2044 2389/2170/2023 3100/1653/1532 1612/1652/1531
f 462/2191/2044 1612/1652/1531 3086/1585/1468 2418/2055/1908
f 462/2191/2044 2418/2055/1908 3539/2059/1912 1811/2192/2045
f 462/2191/2044 1811/2192/2045 3541/2171/2024 2389/2170/2023
f 463/2193/2046 2375/2194/2047 2816/398/374 1068/397/373
f 463/2193/2046 1068/397/373 2801/336/316 2385/2135/1988
f 463/2193/2046 2385/2135/1988 3501/2137/1990 1824/2195/2048
f 463/2193/2046 1824/2195/2048 3503/2196/2049 2375/2194/2047
f 464/2197/2050 2414/2198/2051 2906/791/722 1242/790/721
f 464/2197/2050 1242/790/721 2891/729/664 2417/2165/2018
f 464/2197/2050 2417/2165/2018 3513/2167/2020 1800/2199/2052
f 464/2197/2050 1800/2199/2052 3515/2200/2053 2414/2198/2051
f 465/2201/2054 2384/2129/1982 2875/602/545 1179/662/601
f 465/2201/2054 1179/662/601 2890/664/603 2376/2202/2055
f 465/2201/2054 2376/2202/2055 3512/2203/2056 1810/2204/2057
f 465/2201/2054 1810/2204/2057 3510/2130/1983 2384/2129/1982
f 466/2205/2058 2416/2175/2028 2785/209/197 1005/269/253
f 466/2205/2058 1005/269/253 2800/271/255 2413/2206/2059
f 466/2205/2058 2413/2206/2059 3500/2207/2060 1835/2208/2061
f 466/2205/2058 1835/2208/2061 3498/2176/2029 2416/2175/2028
f 467/2209/2062 2382/2151/2004 3158/1853/1720 1719/1913/1776
f 467/2209/2062 1719/1913/1776 3173/1915/1778 2383/2179/2032
f 467/2209/2062 2383/2179/2032 3550/2183/2036 1797/2210/2063
f 467/2209/2062 1797/2210/2063 3548/2152/2005 2382/2151/2004
f 468/2211/2064 2415/2185/2038 2980/1036/951 1382/1096/1007
f 468/2211/2064 1382/1096/1007 2995/1098/1009 2412/2212/2065
f 468/2211/2064 2412/2212/2065 3526/2213/2066 1845/2214/2067
f 468/2211/2064 1845/2214/2067 3524/2186/2039 2415/2185/2038
f 469/2215/2068 2374/2216/2069 3011/1225/1128 1445/1224/1127
f 469/2215/2068 1445/1224/1127 2996/1163/1070 2381/2161/2014
f 469/2215/2068 2381/2161/2014 3527/2163/2016 1834/2217/2070
f 469/2215/2068 1834/2217/2070 3529/2218/2071 2374/2216/2069
f 470/2219/2072 2411/2220/2073 2921/853/780 1271/852/779
f 470/2219/2072 1271/852/779 2906/791/722 2414/2198/2051
f 470/2219/2072 2414/2198/2051 3515/2200/2053 1796/2221/2074
f 470/2219/2072 1796/2221/2074 3517/2222/2075 2411/2220/2073
f 471/2223/2076 2379/2180/2033 3189/1977/1836 1778/2037/1892
f 471/2223/2076 1778/2037/1892 3204/2039/1894 2380/2224/2077
f 471/2223/2076 2380/2224/2077 3554/2225/2078 1789/2226/2079
f 471/2223/2076 1789/2226/2079 3552/2181/2034 2379/2180/2033
f 472/2227/2080 2413/2206/2059 2800/271/255 1034/331/311
f 472/2227/2080 1034/331/311 2815/333/313 2408/2228/2081
f 472/2227/2080 2408/2228/2081 3502/2229/2082 1831/2230/2083
f 472/2227/2080 1831/2230/2083 3500/2207/2060 2413/2206/2059
f 473/2231/2084 2405/2232/2085 2830/395/371 1092/455/427
f 473/2231/2084 1092/455/427 2845/457/429 2397/2097/1950
f 473/2231/2084 2397/2097/1950 3506/2101/1954 1822/2233/2086
f 473/2231/2084 1822/2233/2086 3504/2234/2087 2405/2232/2085
f 474/2235/2088 2412/2212/2065 2995/1098/1009 1411/1158/1065
f 474/2235/2088 1411/1158/1065 3010/1160/1067 2406/2236/2089
f 474/2235/2088 2406/2236/2089 3528/2237/2090 1840/2238/2091
f 474/2235/2088 1840/2238/2091 3526/2213/2066 2412/2212/2065
f 475/2239/2092 2403/2050/1903 3040/1284/1183 1499/1344/1239
f 475/2239/2092 1499/1344/1239 3055/1346/1241 2398/2085/1938
f 475/2239/2092 2398/2085/1938 3534/2089/1942 1828/2240/2093
f 475/2239/2092 1828/2240/2093 3532/2051/1904 2403/2050/1903
f 476/2241/2094 2368/2242/2095 3114/1650/1529 1633/1725/1600
f 476/2241/2094 1633/1725/1600 3128/1727/1602 2396/2107/1960
f 476/2241/2094 2396/2107/1960 3544/2111/1964 1809/2243/2096
f 476/2241/2094 1809/2243/2096 3542/2244/2097 2368/2242/2095
f 477/2245/2098 2377/2246/2099 2740/69/66 912/68/65
f 477/2245/2098 912/68/65 2755/72/69 2378/2123/1976
f 477/2245/2098 2378/2123/1976 3494/2127/1980 1846/2247/2100
f 477/2245/2098 1846/2247/2100 3174/2248/2101 2377/2246/2099
f 478/2249/2102 2407/2250/2103 2936/915/838 1300/914/837
f 478/2249/2102 1300/914/837 2921/853/780 2411/2220/2073
f 478/2249/2102 2411/2220/2073 3517/2222/2075 1792/2251/2104
f 478/2249/2102 1792/2251/2104 3519/2252/2105 2407/2250/2103
f 479/2253/2106 2376/2202/2055 2890/664/603 1208/724/659
f 479/2253/2106 1208/724/659 2905/726/661 2365/2254/2107
f 479/2253/2106 2365/2254/2107 3514/2255/2108 1806/2256/2109
f 479/2253/2106 1806/2256/2109 3512/2203/2056 2376/2202/2055
f 480/2257/2110 2410/2056/1909 3072/1488/1375 1559/1487/1374
f 480/2257/2110 1559/1487/1374 3057/1411/1302 2371/2258/2111
f 480/2257/2110 2371/2258/2111 3535/2259/2112 1819/2260/2113
f 480/2257/2110 1819/2260/2113 3537/2057/1910 2410/2056/1909
f 481/2261/2114 2372/2262/2115 3041/1349/1244 1504/1348/1243
f 481/2261/2114 1504/1348/1243 3026/1287/1186 2373/2263/2116
f 481/2261/2114 2373/2263/2116 3531/2264/2117 1827/2265/2118
f 481/2261/2114 1827/2265/2118 3533/2266/2119 2372/2262/2115
f 482/2267/2120 2380/2224/2077 3204/2039/1894 1855/2268/2121
f 482/2267/2120 1855/2268/2121 2740/69/66 2377/2246/2099
f 482/2267/2120 2377/2246/2099 3174/2248/2101 1785/2269/2122
f 482/2267/2120 1785/2269/2122 3554/2225/2078 2380/2224/2077
f 483/2270/2123 2370/2271/2124 2831/460/432 1097/459/431
f 483/2270/2123 1097/459/431 2816/398/374 2375/2194/2047
f 483/2270/2123 2375/2194/2047 3503/2196/2049 1820/2272/2125
f 483/2270/2123 1820/2272/2125 3505/2273/2126 2370/2271/2124
f 484/2274/2127 2404/2275/2128 2756/150/142 952/149/141
f 484/2274/2127 952/149/141 2741/77/74 2409/2155/2008
f 484/2274/2127 2409/2155/2008 3493/2159/2012 1841/2276/2129
f 484/2274/2127 1841/2276/2129 3495/2277/2130 2404/2275/2128
f 485/2278/2131 2373/2263/2116 3026/1287/1186 1474/1286/1185
f 485/2278/2131 1474/1286/1185 3011/1225/1128 2374/2216/2069
f 485/2278/2131 2374/2216/2069 3529/2218/2071 1830/2279/2132
f 485/2278/2131 1830/2279/2132 3531/2264/2117 2373/2263/2116
f 486/2280/2133 2408/2228/2081 2815/333/313 1063/393/369
f 486/2280/2133 1063/393/369 2830/395/371 2405/2232/2085
f 486/2280/2133 2405/2232/2085 3504/2234/2087 1826/2281/2134
f 486/2280/2133 1826/2281/2134 3502/2229/2082 2408/2228/2081
f 487/2282/2135 2371/2258/2111 3057/1411/1302 1533/1410/1301
f 487/2282/2135 1533/1410/1301 3041/1349/1244 2372/2262/2115
f 487/2282/2135 2372/2262/2115 3533/2266/2119 1823/2283/2136
f 487/2282/2135 1823/2283/2136 3535/2259/2112 2371/2258/2111
f 488/2284/2137 2401/2062/1915 2951/977/896 1329/976/895
f 488/2284/2137 1329/976/895 2936/915/838 2407/2250/2103
f 488/2284/2137 2407/2250/2103 3519/2252/2105 1788/2285/2138
f 488/2284/2137 1788/2285/2138 3521/2063/1916 2401/2062/1915
f 489/2286/2139 2369/2287/2140 2846/541/490 1126/540/489
f 489/2286/2139 1126/540/489 2831/460/432 2370/2271/2124
f 489/2286/2139 2370/2271/2124 3505/2273/2126 1816/2288/2141
f 489/2286/2139 1816/2288/2141 3507/2289/2142 2369/2287/2140
f 490/2290/2143 2406/2236/2089 3010/1160/1067 1440/1220/1123
f 490/2290/2143 1440/1220/1123 3025/1222/1125 2402/2049/1902
f 490/2290/2143 2402/2049/1902 3530/2053/1906 1836/2291/2144
f 490/2290/2143 1836/2291/2144 3528/2237/2090 2406/2236/2089
f 491/2292/2145 2367/2143/1996 3099/1582/1465 1607/1648/1527
f 491/2292/2145 1607/1648/1527 3114/1650/1529 2368/2242/2095
f 491/2292/2145 2368/2242/2095 3542/2244/2097 1813/2293/2146
f 491/2292/2145 1813/2293/2146 3540/2144/1997 2367/2143/1996
f 492/2294/2147 2366/2295/2148 2920/788/719 1266/848/775
f 492/2294/2147 1266/848/775 2935/850/777 2427/2091/1944
f 492/2294/2147 2427/2091/1944 3518/2095/1948 1798/2296/2149
f 492/2294/2147 1798/2296/2149 3516/2297/2150 2366/2295/2148
f 493/2298/2151 2365/2254/2107 2905/726/661 1237/786/717
f 493/2298/2151 1237/786/717 2920/788/719 2366/2295/2148
f 493/2298/2151 2366/2295/2148 3516/2297/2150 1802/2299/2152
f 493/2298/2151 1802/2299/2152 3514/2255/2108 2365/2254/2107
f 494/2300/2153 2428/2068/1921 3129/1793/1664 1666/1792/1663
f 494/2300/2153 1666/1792/1663 3115/1730/1605 2388/2169/2022
f 494/2300/2153 2388/2169/2022 3543/2173/2026 1803/2301/2154
f 494/2300/2153 1803/2301/2154 3545/2069/1922 2428/2068/1921
f 495/2302/2155 1847/2303/2156 3200/1991/1848 1765/1990/1847
f 495/2302/2155 1765/1990/1847 3199/1989/1846 1848/2304/2157
f 495/2302/2155 1848/2304/2157 2735/39/39 891/86/80
f 495/2302/2155 891/86/80 2736/32/32 1847/2303/2156
f 496/2305/2158 1849/2306/2159 3198/1997/1854 1763/1996/1853
f 496/2305/2158 1763/1996/1853 3197/1995/1852 1850/2307/2160
f 496/2305/2158 1850/2307/2160 2733/48/48 889/89/83
f 496/2305/2158 889/89/83 2734/41/41 1849/2306/2159
f 497/2308/2161 1851/2309/2162 3196/2003/1860 1761/2002/1859
f 497/2308/2161 1761/2002/1859 3195/2001/1858 1852/2310/2163
f 497/2308/2161 1852/2310/2163 2731/57/57 887/92/86
f 497/2308/2161 887/92/86 2732/50/50 1851/2309/2162
f 498/2311/2164 1853/2312/2165 3194/2009/1866 1759/2008/1865
f 498/2311/2164 1759/2008/1865 3193/2007/1864 1854/2313/2166
f 498/2311/2164 1854/2313/2166 2729/5/5 885/4/4
f 498/2311/2164 885/4/4 2730/3/3 1853/2312/2165
f 499/2314/2167 2400/2074/1927 2771/212/200 981/211/199
f 499/2314/2167 981/211/199 2756/150/142 2404/2275/2128
f 499/2314/2167 2404/2275/2128 3495/2277/2130 1837/2315/2168
f 499/2314/2167 1837/2315/2168 3497/2075/1928 2400/2074/1927
f 500/2316/2169 1856/2317/2170 3192/2015/1872 1757/2014/1871
f 500/2316/2169 1757/2014/1871 3191/2013/1870 1857/2318/2171
f 500/2316/2169 1857/2318/2171 2727/14/14 883/13/13
f 500/2316/2169 883/13/13 2728/12/12 1856/2317/2170
f 501/2319/2172 1858/2320/2173 3203/2021/1878 1768/2020/1877
f 501/2319/2172 1768/2020/1877 3202/2019/1876 1859/2321/2174
f 501/2319/2172 1859/2321/2174 2738/23/23 894/22/22
f 501/2319/2172 894/22/22 2739/21/21 1858/2320/2173
f 502/2322/2175 2426/2114/1967 2861/605/548 1155/604/547
f 502/2322/2175 1155/604/547 2846/541/490 2369/2287/2140
f 502/2322/2175 2369/2287/2140 3507/2289/2142 1812/2323/2176
f 502/2322/2175 1812/2323/2176 3509/2115/1968 2426/2114/1967
f 503/2324/2177 1861/2325/2178 3201/2025/1882 1766/2024/1881
f 503/2324/2177 1766/2024/1881 3200/1991/1848 1847/2303/2156
f 503/2324/2177 1847/2303/2156 2736/32/32 892/31/31
f 503/2324/2177 892/31/31 2737/30/30 1861/2325/2178
f 504/2326/2179 1848/2304/2157 3199/1989/1846 1764/2027/1884
f 504/2326/2179 1764/2027/1884 3198/1997/1854 1849/2306/2159
f 504/2326/2179 1849/2306/2159 2734/41/41 890/40/40
f 504/2326/2179 890/40/40 2735/39/39 1848/2304/2157
f 505/2327/2180 1850/2307/2160 3197/1995/1852 1762/2029/1886
f 505/2327/2180 1762/2029/1886 3196/2003/1860 1851/2309/2162
f 505/2327/2180 1851/2309/2162 2732/50/50 888/49/49
f 505/2327/2180 888/49/49 2733/48/48 1850/2307/2160
f 506/2328/2181 1852/2310/2163 3195/2001/1858 1760/2031/1888
f 506/2328/2181 1760/2031/1888 3194/2009/1866 1853/2312/2165
f 506/2328/2181 1853/2312/2165 2730/3/3 886/58/58
f 506/2328/2181 886/58/58 2731/57/57 1852/2310/2163
f 507/2329/2182 1854/2313/2166 3193/2007/1864 1758/2035/1890
f 507/2329/2182 1758/2035/1890 3192/2034/1872 1856/2330/2170
f 507/2329/2182 1856/2330/2170 2728/63/12 884/62/62
f 507/2329/2182 884/62/62 2729/5/5 1854/2313/2166
f 508/2331/2183 1855/2268/2121 3204/2039/1894 1769/2038/1893
f 508/2331/2183 1769/2038/1893 3203/2021/1878 1858/2320/2173
f 508/2331/2183 1858/2320/2173 2739/21/21 895/70/67
f 508/2331/2183 895/70/67 2740/69/66 1855/2268/2121
f 509/2332/2184 1857/2318/2171 3191/2013/1870 1756/2043/1898
f 509/2332/2184 1756/2043/1898 3190/2042/1897 1860/2189/2042
f 509/2332/2184 1860/2189/2042 2726/75/72 882/74/71
f 509/2332/2184 882/74/71 2727/14/14 1857/2318/2171
f 510/2333/2185 1859/2334/2174 3202/2047/1876 1767/2046/1900
f 510/2333/2185 1767/2046/1900 3201/2025/1882 1861/2325/2178
f 510/2333/2185 1861/2325/2178 2737/30/30 893/82/77
f 510/2333/2185 893/82/77 2738/81/23 1859/2334/2174
f 511/2335/2186 1578/1574/1459 3089/1578/1461 2211/2336/2187
f 511/2335/2186 2211/2336/2187 3226/2337/2188 1883/2338/2189
f 511/2335/2186 1883/2338/2189 3225/2339/2190 1882/2340/2191
f 511/2335/2186 1882/2340/2191 3224/2341/2192 1881/2342/2193
f 511/2335/2186 1881/2342/2193 3208/1473/1362 1911/1472/1361
f 511/2335/2186 1911/1472/1361 3075/1471/1360 1578/1574/1459
f 512/2343/2194 1601/1592/1473 3108/1596/1477 2217/2344/2195
f 512/2343/2194 2217/2344/2195 3274/2345/2196 1939/2346/2197
f 512/2343/2194 1939/2346/2197 3273/2347/2198 1938/2348/2199
f 512/2343/2194 1938/2348/2199 3272/2349/2200 1937/2350/2201
f 512/2343/2194 1937/2350/2201 3256/1499/1384 1943/1498/1383
f 512/2343/2194 1943/1498/1383 3094/1497/1382 1601/1592/1473
f 3691/2351/2202 3693/2352/2203 3253/1555/1440 1919/1554/1439
f 3691/2351/2202 1919/1554/1439 3257/1553/1438 3692/2353/2204
f 513/2351/2205 2000/2353/2206 3314/2354/2207 1975/2355/2208
f 513/2351/2205 1975/2355/2208 3310/2356/2209 1999/2352/2210
f 3694/2357/2211 3696/2358/2212 3271/1634/1515 1934/1633/1514
f 3694/2357/2211 1934/1633/1514 3270/1632/1513 3695/2359/2213
f 514/2357/2214 2002/2359/2215 3327/2360/2216 1990/2361/2217
f 514/2357/2214 1990/2361/2217 3328/2362/2218 2001/2358/2219
f 3697/2363/2220 3699/2364/2221 3235/1683/1560 1897/1682/1559
f 3697/2363/2220 1897/1682/1559 3242/1681/1558 3698/2365/2222
f 515/2363/2223 2004/2365/2224 3299/2366/2225 1961/2367/2226
f 515/2363/2223 1961/2367/2226 3292/2368/2227 2003/2364/2228
f 3700/2369/2229 3702/2370/2230 3263/1638/1519 1927/1637/1518
f 3700/2369/2229 1927/1637/1518 3264/1636/1517 3701/2371/2231
f 516/2369/2232 2006/2371/2233 3321/2372/2234 1983/2373/2235
f 516/2369/2232 1983/2373/2235 3320/2374/2236 2005/2370/2237
f 3703/2375/2238 3705/2376/2239 3237/2377/2240 1890/2378/2241
f 3703/2375/2238 1890/2378/2241 3236/2379/2242 3704/2380/2243
f 517/2375/2244 2008/2380/2245 3293/2381/2246 1954/2382/2247
f 517/2375/2244 1954/2382/2247 3294/2383/2248 2007/2376/2249
f 3706/2384/2250 3708/2385/2251 3232/1570/1455 1905/1569/1454
f 3706/2384/2250 1905/1569/1454 3248/1568/1453 3707/2386/2252
f 518/2384/2253 2010/2386/2254 3305/2387/2255 1969/2388/2256
f 518/2384/2253 1969/2388/2256 3289/2389/2257 2009/2385/2258
f 3709/2390/2259 3692/2353/2204 3257/1553/1438 1920/1552/1437
f 3709/2390/2259 1920/1552/1437 3258/1551/1436 3710/2391/2260
f 519/2390/2261 2011/2391/2262 3315/2392/2263 1976/2393/2264
f 519/2390/2261 1976/2393/2264 3314/2354/2207 2000/2353/2206
f 3711/2394/2265 3701/2371/2231 3264/1636/1517 1935/1635/1516
f 3711/2394/2265 1935/1635/1516 3271/1634/1515 3696/2358/2212
f 520/2394/2266 2001/2358/2219 3328/2362/2218 1991/2395/2267
f 520/2394/2266 1991/2395/2267 3321/2372/2234 2006/2371/2233
f 3712/2396/2268 3714/2397/2269 3246/1758/1631 1898/1757/1630
f 3712/2396/2268 1898/1757/1630 3231/1756/1629 3713/2398/2270
f 521/2396/2271 2013/2398/2272 3288/2399/2273 1962/2400/2274
f 521/2396/2271 1962/2400/2274 3303/2401/2275 2012/2397/2276
f 3715/2402/2277 3717/2403/2278 3266/1547/1432 1928/2404/2279
f 3715/2402/2277 1928/2404/2279 3265/2405/2280 3716/2406/2281
f 522/2402/2282 2015/2406/2283 3322/2407/2284 1984/2408/2285
f 522/2402/2282 1984/2408/2285 3323/2409/2286 2014/2403/2287
f 3718/2410/2288 3719/2411/2289 3250/1564/1449 1891/2412/2290
f 3718/2410/2288 1891/2412/2290 3237/2377/2240 3705/2376/2239
f 523/2410/2291 2007/2376/2249 3294/2383/2248 1955/2413/2292
f 523/2410/2291 1955/2413/2292 3307/2414/2293 2016/2411/2294
f 3720/2415/2295 3707/2386/2252 3248/1568/1453 1906/1567/1452
f 3720/2415/2295 1906/1567/1452 3249/1566/1451 3721/2416/2296
f 524/2415/2297 2017/2416/2298 3306/2417/2299 1970/2418/2300
f 524/2415/2297 1970/2418/2300 3305/2387/2255 2010/2386/2254
f 3722/2419/2301 3710/2391/2260 3258/1551/1436 1921/1550/1435
f 3722/2419/2301 1921/1550/1435 3259/1549/1434 3723/2420/2302
f 525/2419/2303 2019/2420/2304 3316/2421/2305 1977/2422/2306
f 525/2419/2303 1977/2422/2306 3315/2392/2263 2011/2391/2262
f 3724/2423/2307 3726/2424/2308 3275/1501/1386 1936/1500/1385
f 3724/2423/2307 1936/1500/1385 3256/1499/1384 3725/2425/2309
f 526/2423/2310 2021/2425/2311 3313/2426/2312 1992/2427/2313
f 526/2423/2310 1992/2427/2313 3332/2428/2314 2020/2424/2315
f 3727/2429/2316 3713/2398/2270 3231/1756/1629 1899/2430/2317
f 3727/2429/2316 1899/2430/2317 3243/2431/2318 3728/2432/2319
f 527/2429/2320 2022/2432/2321 3300/2433/2322 1963/2434/2323
f 527/2429/2320 1963/2434/2323 3288/2399/2273 2013/2398/2272
f 3729/2435/2324 3723/2420/2302 3259/1549/1434 1929/1548/1433
f 3729/2435/2324 1929/1548/1433 3266/1547/1432 3717/2403/2278
f 528/2435/2325 2014/2403/2287 3323/2409/2286 1985/2436/2326
f 528/2435/2325 1985/2436/2326 3316/2421/2305 2019/2420/2304
f 3730/2437/2327 3732/2438/2328 3241/2439/2329 1892/2440/2330
f 3730/2437/2327 1892/2440/2330 3230/2441/2331 3731/2442/2332
f 529/2437/2333 2024/2442/2334 3287/2443/2335 1956/2444/2336
f 529/2437/2333 1956/2444/2336 3298/2445/2337 2023/2438/2338
f 3733/2446/2339 3721/2416/2296 3249/1566/1451 1907/1565/1450
f 3733/2446/2339 1907/1565/1450 3250/1564/1449 3719/2411/2289
f 530/2446/2340 2016/2411/2294 3307/2414/2293 1971/2447/2341
f 530/2446/2340 1971/2447/2341 3306/2417/2299 2017/2416/2298
f 3734/2448/2342 3736/2449/2343 3261/2450/2344 1922/2451/2345
f 3734/2448/2342 1922/2451/2345 3260/2452/2346 3735/2453/2347
f 531/2448/2348 2026/2453/2349 3317/2454/2350 1978/2455/2351
f 531/2448/2348 1978/2455/2351 3318/2456/2352 2025/2449/2353
f 3737/2457/2354 3725/2425/2309 3256/1499/1384 1937/2350/2201
f 3737/2457/2354 1937/2350/2201 3272/2349/2200 3738/2458/2355
f 532/2457/2356 2027/2458/2357 3329/2459/2358 1993/2460/2359
f 532/2457/2356 1993/2460/2359 3313/2426/2312 2021/2425/2311
f 3739/2461/2360 3728/2432/2319 3243/2431/2318 1900/2462/2361
f 3739/2461/2360 1900/2462/2361 3244/2463/2362 3740/2464/2363
f 533/2461/2364 2028/2464/2365 3301/2465/2366 1964/2466/2367
f 533/2461/2364 1964/2466/2367 3300/2433/2322 2022/2432/2321
f 3741/2467/2368 3695/2359/2213 3270/1632/1513 1930/1631/1512
f 3741/2467/2368 1930/1631/1512 3255/1630/1511 3742/2468/2369
f 534/2467/2370 2030/2468/2371 3312/2469/2372 1986/2470/2373
f 534/2467/2370 1986/2470/2373 3327/2360/2216 2002/2359/2215
f 3743/2471/2374 3731/2442/2332 3230/2441/2331 1893/2472/2375
f 3743/2471/2374 1893/2472/2375 3238/2473/2376 3744/2474/2377
f 535/2471/2378 2031/2474/2379 3295/2475/2380 1957/2476/2381
f 535/2471/2378 1957/2476/2381 3287/2443/2335 2024/2442/2334
f 3745/2477/2382 3747/2478/2383 3252/1719/1596 1908/1718/1595
f 3745/2477/2382 1908/1718/1595 3251/1717/1594 3746/2479/2384
f 536/2477/2385 2033/2479/2386 3308/2480/2387 1972/2481/2388
f 536/2477/2385 1972/2481/2388 3309/2482/2389 2032/2478/2390
f 3748/2483/2391 3749/2484/2392 3274/2345/2196 1923/2485/2393
f 3748/2483/2391 1923/2485/2393 3261/2450/2344 3736/2449/2343
f 537/2483/2394 2025/2449/2353 3318/2456/2352 1979/2486/2395
f 537/2483/2394 1979/2486/2395 3331/2487/2396 2034/2484/2397
f 3750/2488/2398 3704/2380/2243 3236/2379/2242 1886/2489/2399
f 3750/2488/2398 1886/2489/2399 3229/1689/1566 3751/2490/2400
f 538/2488/2401 2035/2490/2402 3286/2491/2403 1950/2492/2404
f 538/2488/2401 1950/2492/2404 3293/2381/2246 2008/2380/2245
f 3752/2493/2405 3738/2458/2355 3272/2349/2200 1938/2348/2199
f 3752/2493/2405 1938/2348/2199 3273/2347/2198 3753/2494/2406
f 539/2493/2407 2036/2494/2408 3330/2495/2409 1994/2496/2410
f 539/2493/2407 1994/2496/2410 3329/2459/2358 2027/2458/2357
f 3754/2497/2411 3740/2464/2363 3244/2463/2362 1901/2498/2412
f 3754/2497/2411 1901/2498/2412 3245/2499/2413 3755/2500/2414
f 540/2497/2415 2037/2500/2416 3302/2501/2417 1965/2502/2418
f 540/2497/2415 1965/2502/2418 3301/2465/2366 2028/2464/2365
f 3756/2503/2419 3742/2468/2369 3255/1630/1511 1931/2504/2420
f 3756/2503/2419 1931/2504/2420 3267/2505/2421 3757/2506/2422
f 541/2503/2423 2038/2506/2424 3324/2507/2425 1987/2508/2426
f 541/2503/2423 1987/2508/2426 3312/2469/2372 2030/2468/2371
f 3758/2509/2427 3744/2474/2377 3238/2473/2376 1894/2510/2428
f 3758/2509/2427 1894/2510/2428 3239/2511/2429 3759/2512/2430
f 542/2509/2431 2039/2512/2432 3296/2513/2433 1958/2514/2434
f 542/2509/2431 1958/2514/2434 3295/2475/2380 2031/2474/2379
f 3760/2515/2435 3755/2500/2414 3245/2499/2413 1909/2516/2436
f 3760/2515/2435 1909/2516/2436 3252/1719/1596 3747/2478/2383
f 543/2515/2437 2032/2478/2390 3309/2482/2389 1973/2517/2438
f 543/2515/2437 1973/2517/2438 3302/2501/2417 2037/2500/2416
f 3761/2518/2439 3716/2406/2281 3265/2405/2280 1924/2519/2440
f 3761/2518/2439 1924/2519/2440 3254/2520/2441 3762/2521/2442
f 544/2518/2443 2040/2521/2444 3311/2522/2445 1980/2523/2446
f 544/2518/2443 1980/2523/2446 3322/2407/2284 2015/2406/2283
f 3763/2524/2447 3751/2490/2400 3229/1689/1566 1887/1688/1565
f 3763/2524/2447 1887/1688/1565 3233/1687/1564 3764/2525/2448
f 545/2524/2449 2041/2525/2450 3290/2526/2451 1951/2527/2452
f 545/2524/2449 1951/2527/2452 3286/2491/2403 2035/2490/2402
f 3765/2528/2453 3753/2494/2406 3273/2347/2198 1939/2346/2197
f 3765/2528/2453 1939/2346/2197 3274/2345/2196 3749/2484/2392
f 546/2528/2454 2034/2484/2397 3331/2487/2396 1995/2529/2455
f 546/2528/2454 1995/2529/2455 3330/2495/2409 2036/2494/2408
f 3766/2530/2456 3767/2531/2457 3247/1760/1633 1902/1759/1632
f 3766/2530/2456 1902/1759/1632 3246/1758/1631 3714/2397/2269
f 547/2530/2458 2012/2397/2276 3303/2401/2275 1966/2532/2459
f 547/2530/2458 1966/2532/2459 3304/2533/2460 2042/2531/2461
f 3768/2534/2462 3757/2506/2422 3267/2505/2421 1932/2535/2463
f 3768/2534/2462 1932/2535/2463 3268/2536/2464 3769/2537/2465
f 548/2534/2466 2043/2537/2467 3325/2538/2468 1988/2539/2469
f 548/2534/2466 1988/2539/2469 3324/2507/2425 2038/2506/2424
f 3770/2540/2470 3759/2512/2430 3239/2511/2429 1895/2541/2471
f 3770/2540/2470 1895/2541/2471 3240/1762/1635 3771/2542/2472
f 549/2540/2473 2044/2542/2474 3297/2543/2475 1959/2544/2476
f 549/2540/2473 1959/2544/2476 3296/2513/2433 2039/2512/2432
f 3772/2545/2477 3762/2521/2442 3254/2520/2441 1925/2546/2478
f 3772/2545/2477 1925/2546/2478 3262/2547/2479 3773/2548/2480
f 550/2545/2481 2045/2548/2482 3319/2549/2483 1981/2550/2484
f 550/2545/2481 1981/2550/2484 3311/2522/2445 2040/2521/2444
f 3774/2551/2485 3764/2525/2448 3233/1687/1564 1888/1686/1563
f 3774/2551/2485 1888/1686/1563 3234/1685/1562 3775/2552/2486
f 551/2551/2487 2046/2552/2488 3291/2553/2489 1952/2554/2490
f 551/2551/2487 1952/2554/2490 3290/2526/2451 2041/2525/2450
f 3776/2555/2491 3777/2556/2492 3276/1503/1388 1940/1502/1387
f 3776/2555/2491 1940/1502/1387 3275/1501/1386 3726/2424/2308
f 552/2555/2493 2020/2424/2315 3332/2428/2314 1996/2557/2494
f 552/2555/2493 1996/2557/2494 3333/2558/2495 2047/2556/2496
f 3778/2559/2497 3771/2542/2472 3240/1762/1635 1903/1761/1634
f 3778/2559/2497 1903/1761/1634 3247/1760/1633 3767/2531/2457
f 553/2559/2498 2042/2531/2461 3304/2533/2460 1967/2560/2499
f 553/2559/2498 1967/2560/2499 3297/2543/2475 2044/2542/2474
f 3779/2561/2500 3735/2453/2347 3260/2452/2346 1918/2562/2501
f 3779/2561/2500 1918/2562/2501 3253/1555/1440 3693/2352/2203
f 554/2561/2502 1999/2352/2210 3310/2356/2209 1974/2563/2503
f 554/2561/2502 1974/2563/2503 3317/2454/2350 2026/2453/2349
f 3780/2564/2504 3769/2537/2465 3268/2536/2464 1933/2565/2505
f 3780/2564/2504 1933/2565/2505 3269/1505/1390 3781/2566/2506
f 555/2564/2507 2049/2566/2508 3326/2567/2509 1989/2568/2510
f 555/2564/2507 1989/2568/2510 3325/2538/2468 2043/2537/2467
f 3782/2569/2511 3698/2365/2222 3242/1681/1558 1896/2570/2512
f 3782/2569/2511 1896/2570/2512 3241/2439/2329 3732/2438/2328
f 556/2569/2513 2023/2438/2338 3298/2445/2337 1960/2571/2514
f 556/2569/2513 1960/2571/2514 3299/2366/2225 2004/2365/2224
f 3783/2572/2515 3773/2548/2480 3262/2547/2479 1926/2573/2516
f 3783/2572/2515 1926/2573/2516 3263/1638/1519 3702/2370/2230
f 557/2572/2517 2005/2370/2237 3320/2374/2236 1982/2574/2518
f 557/2572/2517 1982/2574/2518 3319/2549/2483 2045/2548/2482
f 3784/2575/2519 3775/2552/2486 3234/1685/1562 1889/1684/1561
f 3784/2575/2519 1889/1684/1561 3235/1683/1560 3699/2364/2221
f 558/2575/2520 2003/2364/2228 3292/2368/2227 1953/2576/2521
f 558/2575/2520 1953/2576/2521 3291/2553/2489 2046/2552/2488
f 3785/2577/2522 3781/2566/2506 3269/1505/1390 1941/1504/1389
f 3785/2577/2522 1941/1504/1389 3276/1503/1388 3777/2556/2492
f 559/2577/2523 2047/2556/2496 3333/2558/2495 1997/2578/2524
f 559/2577/2523 1997/2578/2524 3326/2567/2509 2049/2566/2508
f 3786/2579/2525 3746/2479/2384 3251/1717/1594 1904/1716/1593
f 3786/2579/2525 1904/1716/1593 3232/1570/1455 3708/2385/2251
f 560/2579/2526 2009/2385/2258 3289/2389/2257 1968/2580/2527
f 560/2579/2526 1968/2580/2527 3308/2480/2387 2033/2479/2386
f 3787/2581/2528 3789/2582/2529 4078/2583/2530 4122/2584/2531
f 3787/2581/2528 4122/2584/2531 4086/2585/2532 3788/2586/2533
f 561/2581/2534 2123/2586/2535 3381/2587/2536 2097/2588/2537
f 561/2581/2534 2097/2588/2537 3374/2589/2538 2317/2582/2539
f 3790/2590/2540 3792/2591/2541 4069/2592/2542 4074/2593/2543
f 3790/2590/2540 4074/2593/2543 4058/2594/2544 3791/2595/2545
f 562/2590/2546 2125/2595/2547 3346/2596/2548 2060/2597/2549
f 562/2590/2546 2060/2597/2549 3347/2598/2550 2269/2591/2550
f 3793/2599/2551 3795/2600/2552 3985/2601/2553 4026/2602/2554
f 3793/2599/2551 4026/2602/2554 4022/2603/2555 3794/2604/2556
f 563/2599/2557 2127/2604/2557 3397/2605/2558 2112/2606/2559
f 563/2599/2557 2112/2606/2559 3396/2607/2558 2221/2600/2560
f 3796/2608/2561 3798/2609/2562 4081/2610/2563 4121/2611/2564
f 3796/2608/2561 4121/2611/2564 4118/2612/2565 3797/2613/2566
f 564/2608/2567 2129/2613/2568 3362/2614/2569 2075/2615/2570
f 564/2608/2567 2075/2615/2570 3358/2616/2571 2319/2609/2572
f 3799/2617/2573 3801/2618/2574 4114/2619/2575 4120/2620/2576
f 3799/2617/2573 4120/2620/2576 4103/2621/2577 3800/2622/2578
f 565/2617/2579 2131/2622/2580 3375/2623/2579 2090/2624/2581
f 565/2617/2579 2090/2624/2581 3376/2625/2582 2321/2618/2583
f 3802/2626/2584 3804/2627/2585 4030/2628/2586 4073/2629/2587
f 3802/2626/2584 4073/2629/2587 4071/2630/2588 3803/2631/2589
f 566/2626/2590 2132/2631/2591 3340/2632/2592 2053/2633/2546
f 566/2626/2590 2053/2633/2546 3339/2634/2593 2271/2627/2591
f 3805/2635/2594 3807/2636/2595 3982/2637/2595 4025/2638/2596
f 3805/2635/2594 4025/2638/2596 4020/2639/2597 3806/2640/2598
f 567/2635/2599 2134/2640/2600 3391/2641/2601 2105/2642/2602
f 567/2635/2599 2105/2642/2602 3383/2643/2603 2223/2636/2604
f 3808/2644/2605 3810/2645/2606 4048/2646/2607 4072/2647/2608
f 3808/2644/2605 4072/2647/2608 4067/2648/2609 3809/2649/2609
f 568/2644/2610 2135/2649/2611 3337/2650/2612 2068/2651/2613
f 568/2644/2610 2068/2651/2613 3356/2652/2614 2273/2645/2615
f 3811/2653/2616 3813/2654/2617 4016/2655/2618 4024/2656/2619
f 3811/2653/2616 4024/2656/2619 4002/2657/2620 3812/2658/2621
f 569/2653/2622 2137/2658/2623 3404/2659/2623 2120/2660/2560
f 569/2653/2622 2120/2660/2560 3405/2661/2624 2225/2654/2625
f 3814/2662/2626 3816/2663/2627 4075/2664/2628 4119/2665/2629
f 3814/2662/2626 4119/2665/2629 4116/2666/2630 3815/2667/2631
f 570/2662/2632 2139/2667/2632 3369/2668/2633 2083/2669/2634
f 570/2662/2632 2083/2669/2634 3368/2670/2632 2323/2663/2579
f 3817/2671/2635 3803/2631/2589 4071/2630/2588 4070/2672/2636
f 3817/2671/2635 4070/2672/2636 4069/2592/2542 3792/2591/2541
f 571/2671/2550 2269/2591/2550 3347/2598/2550 2061/2673/2637
f 571/2671/2550 2061/2673/2637 3340/2632/2592 2132/2631/2591
f 3818/2674/2638 3820/2675/2639 3996/2676/2640 4023/2677/2641
f 3818/2674/2638 4023/2677/2641 4015/2678/2642 3819/2679/2643
f 572/2674/2644 2141/2679/2645 3382/2680/2646 2098/2681/2647
f 572/2674/2644 2098/2681/2647 3389/2682/2648 2227/2675/2649
f 3821/2683/2650 3794/2604/2556 4022/2603/2555 4021/2684/2650
f 3821/2683/2650 4021/2684/2650 4018/2685/2651 3822/2686/2652
f 573/2683/2623 2142/2686/2623 3398/2687/2560 2113/2688/2558
f 573/2683/2623 2113/2688/2558 3397/2605/2558 2127/2604/2557
f 3823/2689/2653 3797/2613/2566 4118/2612/2565 4117/2690/2654
f 3823/2689/2653 4117/2690/2654 4112/2691/2655 3824/2692/2656
f 574/2689/2657 2143/2692/2569 3363/2693/2658 2076/2694/2659
f 574/2689/2657 2076/2694/2659 3362/2614/2569 2129/2613/2568
f 3825/2695/2660 3827/2696/2661 4063/2697/2662 4068/2698/2663
f 3825/2695/2660 4068/2698/2663 4047/2699/2664 3826/2700/2665
f 575/2695/2666 2144/2700/2667 3341/2701/2668 2054/2702/2669
f 575/2695/2666 2054/2702/2669 3342/2703/2670 2275/2696/2671
f 3828/2704/2672 3815/2667/2631 4116/2666/2630 4115/2705/2673
f 3828/2704/2672 4115/2705/2673 4114/2619/2575 3801/2618/2574
f 576/2704/2674 2321/2618/2583 3376/2625/2582 2091/2706/2675
f 576/2704/2674 2091/2706/2675 3369/2668/2633 2139/2667/2632
f 3829/2707/2676 3806/2640/2598 4020/2639/2597 4019/2708/2677
f 3829/2707/2676 4019/2708/2677 4012/2709/2678 3830/2710/2679
f 577/2707/2680 2145/2710/2681 3392/2711/2682 2106/2712/2683
f 577/2707/2680 2106/2712/2683 3391/2641/2601 2134/2640/2600
f 3831/2713/2684 3809/2649/2609 4067/2648/2609 4066/2714/2685
f 3831/2713/2684 4066/2714/2685 4062/2715/2686 3832/2716/2687
f 578/2713/2688 2146/2716/2689 3353/2717/2690 2069/2718/2691
f 578/2713/2688 2069/2718/2691 3337/2650/2612 2135/2649/2611
f 3833/2719/2692 3822/2686/2652 4018/2685/2651 4017/2720/2693
f 3833/2719/2692 4017/2720/2693 4016/2655/2618 3813/2654/2617
f 579/2719/2694 2225/2654/2625 3405/2661/2624 2121/2721/2557
f 579/2719/2694 2121/2721/2557 3398/2687/2560 2142/2686/2623
f 3834/2722/2695 3836/2723/2696 4107/2724/2697 4113/2725/2698
f 3834/2722/2695 4113/2725/2698 4095/2726/2699 3835/2727/2700
f 580/2722/2701 2148/2727/2702 3370/2728/2703 2084/2729/2702
f 580/2722/2701 2084/2729/2702 3371/2730/2704 2326/2723/2705
f 3837/2731/2706 3839/2732/2707 4035/2733/2708 4065/2734/2709
f 3837/2731/2706 4065/2734/2709 4060/2735/2710 3838/2736/2711
f 581/2731/2712 2150/2736/2713 3336/2737/2714 2062/2738/2715
f 581/2731/2712 2062/2738/2715 3351/2739/2716 2278/2732/2717
f 3840/2740/2718 3819/2679/2643 4015/2678/2642 4014/2741/2719
f 3840/2740/2718 4014/2741/2719 4010/2742/2720 3841/2743/2721
f 582/2740/2722 2151/2743/2723 3386/2744/2724 2099/2745/2725
f 582/2740/2722 2099/2745/2725 3382/2680/2646 2141/2679/2645
f 3842/2746/2726 3844/2747/2727 4006/2748/2728 4013/2749/2729
f 3842/2746/2726 4013/2749/2729 3993/2750/2730 3843/2751/2731
f 583/2746/2680 2153/2751/2682 3399/2752/2682 2114/2753/2732
f 583/2746/2680 2114/2753/2732 3400/2754/2600 2232/2747/2733
f 3845/2755/2734 3824/2692/2656 4112/2691/2655 4111/2756/2735
f 3845/2755/2734 4111/2756/2735 4109/2757/2736 3846/2758/2737
f 584/2755/2657 2154/2758/2738 3364/2759/2739 2077/2760/2702
f 584/2755/2657 2077/2760/2702 3363/2693/2658 2143/2692/2569
f 3847/2761/2740 3848/2762/2741 4054/2763/2742 4064/2764/2743
f 3847/2761/2740 4064/2764/2743 4063/2697/2662 3827/2696/2661
f 585/2761/2744 2275/2696/2671 3342/2703/2670 2055/2765/2670
f 585/2761/2744 2055/2765/2670 3355/2766/2745 2280/2762/2690
f 3849/2767/2746 3851/2768/2747 4084/2769/2748 4110/2770/2749
f 3849/2767/2746 4110/2770/2749 4105/2771/2750 3850/2772/2751
f 586/2767/2752 2156/2772/2753 3361/2773/2754 2092/2774/2755
f 586/2767/2752 2092/2774/2755 3380/2775/2756 2329/2768/2757
f 3852/2776/2758 3830/2710/2679 4012/2709/2678 4011/2777/2759
f 3852/2776/2758 4011/2777/2759 4008/2778/2760 3853/2779/2761
f 587/2776/2762 2157/2779/2763 3393/2780/2764 2107/2781/2680
f 587/2776/2762 2107/2781/2680 3392/2711/2682 2145/2710/2681
f 3854/2782/2765 3832/2716/2687 4062/2715/2686 4061/2783/2766
f 3854/2782/2765 4061/2783/2766 4056/2784/2767 3855/2785/2768
f 588/2782/2744 2158/2785/2690 3354/2786/2769 2070/2787/2770
f 588/2782/2744 2070/2787/2770 3353/2717/2690 2146/2716/2689
f 3856/2788/2771 3846/2758/2737 4109/2757/2736 4108/2789/2772
f 3856/2788/2771 4108/2789/2772 4107/2724/2697 3836/2723/2696
f 589/2788/2773 2326/2723/2705 3371/2730/2704 2085/2790/2774
f 589/2788/2773 2085/2790/2774 3364/2759/2739 2154/2758/2738
f 3857/2791/2775 3838/2736/2711 4060/2735/2710 4059/2792/2776
f 3857/2791/2775 4059/2792/2776 4053/2793/2777 3858/2794/2778
f 590/2791/2779 2159/2794/2780 3348/2795/2781 2063/2796/2782
f 590/2791/2779 2063/2796/2782 3336/2737/2714 2150/2736/2713
f 3859/2797/2783 3841/2743/2721 4010/2742/2720 4009/2798/2784
f 3859/2797/2783 4009/2798/2784 4004/2799/2785 3860/2800/2786
f 591/2797/2787 2160/2800/2788 3387/2801/2788 2100/2802/2789
f 591/2797/2787 2100/2802/2789 3386/2744/2724 2151/2743/2723
f 3861/2803/2790 3853/2779/2761 4008/2778/2760 4007/2804/2791
f 3861/2803/2790 4007/2804/2791 4006/2748/2728 3844/2747/2727
f 592/2803/2792 2232/2747/2733 3400/2754/2600 2115/2805/2793
f 592/2803/2792 2115/2805/2793 3393/2780/2764 2157/2779/2763
f 3862/2806/2794 3864/2807/2795 4100/2808/2796 4106/2809/2797
f 3862/2806/2794 4106/2809/2797 4083/2810/2798 3863/2811/2799
f 593/2806/2800 2162/2811/2801 3365/2812/2802 2078/2813/2803
f 593/2806/2800 2078/2813/2803 3366/2814/2804 2331/2807/2804
f 3865/2815/2805 3791/2595/2545 4058/2594/2544 4057/2816/2806
f 3865/2815/2805 4057/2816/2806 4051/2817/2807 3866/2818/2807
f 594/2815/2808 2163/2818/2809 3335/2819/2810 2056/2820/2811
f 594/2815/2808 2056/2820/2811 3346/2596/2548 2125/2595/2547
f 3867/2821/2812 3850/2772/2751 4105/2771/2750 4104/2822/2813
f 3867/2821/2812 4104/2822/2813 4099/2823/2814 3868/2824/2815
f 595/2821/2816 2164/2824/2817 3377/2825/2818 2093/2826/2819
f 595/2821/2816 2093/2826/2819 3361/2773/2754 2156/2772/2753
f 3869/2827/2820 3871/2828/2821 3998/2829/2822 4005/2830/2823
f 3869/2827/2820 4005/2830/2823 3984/2831/2824 3870/2832/2825
f 596/2827/2826 2166/2832/2787 3394/2833/2827 2108/2834/2723
f 596/2827/2826 2108/2834/2723 3395/2835/2789 2236/2828/2723
f 3872/2836/2828 3855/2785/2768 4056/2784/2767 4055/2837/2829
f 3872/2836/2828 4055/2837/2829 4054/2763/2742 3848/2762/2741
f 597/2836/2690 2280/2762/2690 3355/2766/2745 2071/2838/2690
f 597/2836/2690 2071/2838/2690 3354/2786/2769 2158/2785/2690
f 3873/2839/2830 3800/2622/2578 4103/2621/2577 4102/2840/2831
f 3873/2839/2830 4102/2840/2831 4097/2841/2832 3874/2842/2833
f 598/2839/2834 2167/2842/2835 3360/2843/2836 2086/2844/2837
f 598/2839/2834 2086/2844/2837 3375/2623/2579 2131/2622/2580
f 3875/2845/2838 3858/2794/2778 4053/2793/2777 4052/2846/2839
f 3875/2845/2838 4052/2846/2839 4045/2847/2840 3876/2848/2841
f 599/2845/2842 2168/2848/2843 3349/2849/2844 2064/2850/2781
f 599/2845/2842 2064/2850/2781 3348/2795/2781 2159/2794/2780
f 3877/2851/2845 3860/2800/2786 4004/2799/2785 4003/2852/2846
f 3877/2851/2845 4003/2852/2846 4000/2853/2847 3878/2854/2848
f 600/2851/2787 2169/2854/2787 3388/2855/2788 2101/2856/2723
f 600/2851/2787 2101/2856/2723 3387/2801/2788 2160/2800/2788
f 3879/2857/2849 3812/2658/2621 4002/2657/2620 4001/2858/2850
f 3879/2857/2849 4001/2858/2850 3995/2859/2851 3880/2860/2851
f 601/2857/2852 2170/2860/2853 3385/2861/2854 2116/2862/2855
f 601/2857/2852 2116/2862/2855 3404/2659/2623 2137/2658/2623
f 3881/2863/2856 3882/2864/2857 4091/2865/2857 4101/2866/2858
f 3881/2863/2856 4101/2866/2858 4100/2808/2796 3864/2807/2795
f 602/2863/2804 2331/2807/2804 3366/2814/2804 2079/2867/2859
f 602/2863/2804 2079/2867/2859 3379/2868/2860 2335/2864/2861
f 3883/2869/2862 3866/2818/2807 4051/2817/2807 4050/2870/2863
f 3883/2869/2862 4050/2870/2863 4043/2871/2864 3884/2872/2865
f 603/2869/2866 2172/2872/2867 3343/2873/2868 2057/2874/2869
f 603/2869/2866 2057/2874/2869 3335/2819/2810 2163/2818/2809
f 3885/2875/2870 3868/2824/2815 4099/2823/2814 4098/2876/2871
f 3885/2875/2870 4098/2876/2871 4093/2877/2872 3886/2878/2873
f 604/2875/2874 2173/2878/2875 3378/2879/2861 2094/2880/2859
f 604/2875/2874 2094/2880/2859 3377/2825/2818 2164/2824/2817
f 3887/2881/2876 3878/2854/2848 4000/2853/2847 3999/2882/2877
f 3887/2881/2876 3999/2882/2877 3998/2829/2822 3871/2828/2821
f 605/2881/2787 2236/2828/2723 3395/2835/2789 2109/2883/2878
f 605/2881/2787 2109/2883/2878 3388/2855/2788 2169/2854/2787
f 3888/2884/2879 3889/2885/2880 4039/2886/2881 4049/2887/2882
f 3888/2884/2879 4049/2887/2882 4048/2646/2607 3810/2645/2606
f 606/2884/2843 2273/2645/2615 3356/2652/2614 2072/2888/2883
f 606/2884/2843 2072/2888/2883 3357/2889/2781 2286/2885/2843
f 3890/2890/2884 3826/2700/2665 4047/2699/2664 4046/2891/2885
f 3890/2890/2884 4046/2891/2885 4038/2892/2886 3891/2893/2887
f 607/2890/2888 2174/2893/2889 3334/2894/2890 2050/2895/2891
f 607/2890/2888 2050/2895/2891 3341/2701/2668 2144/2700/2667
f 3892/2896/2892 3874/2842/2833 4097/2841/2832 4096/2897/2893
f 3892/2896/2892 4096/2897/2893 4090/2898/2894 3893/2899/2895
f 608/2896/2896 2175/2899/2897 3372/2900/2898 2087/2901/2899
f 608/2896/2896 2087/2901/2899 3360/2843/2836 2167/2842/2835
f 3894/2902/2900 3895/2903/2901 3990/2904/2902 3997/2905/2903
f 3894/2902/2900 3997/2905/2903 3996/2676/2640 3820/2675/2639
f 609/2902/2904 2227/2675/2649 3389/2682/2648 2102/2906/2905
f 609/2902/2904 2102/2906/2905 3390/2907/2906 2240/2903/2907
f 3896/2908/2908 3876/2848/2841 4045/2847/2840 4044/2909/2909
f 3896/2908/2908 4044/2909/2909 4041/2910/2910 3897/2911/2911
f 610/2908/2912 2177/2911/2912 3350/2912/2912 2065/2913/2912
f 610/2908/2912 2065/2913/2912 3349/2849/2844 2168/2848/2843
f 3898/2914/2913 3880/2860/2851 3995/2859/2851 3994/2915/2914
f 3898/2914/2913 3994/2915/2914 3989/2916/2915 3899/2917/2916
f 611/2914/2917 2178/2917/2918 3401/2918/2918 2117/2919/2919
f 611/2914/2917 2117/2919/2919 3385/2861/2854 2170/2860/2853
f 3900/2920/2920 3835/2727/2700 4095/2726/2699 4094/2921/2921
f 3900/2920/2920 4094/2921/2921 4088/2922/2922 3901/2923/2922
f 612/2920/2923 2179/2923/2924 3359/2924/2925 2080/2925/2926
f 612/2920/2923 2080/2925/2926 3370/2728/2703 2148/2727/2702
f 3902/2926/2927 3884/2872/2865 4043/2871/2864 4042/2927/2928
f 3902/2926/2927 4042/2927/2928 4034/2928/2929 3903/2929/2930
f 613/2926/2868 2180/2929/2867 3344/2930/2868 2058/2931/2868
f 613/2926/2868 2058/2931/2868 3343/2873/2868 2172/2872/2867
f 3904/2932/2931 3886/2878/2873 4093/2877/2872 4092/2933/2932
f 3904/2932/2931 4092/2933/2932 4091/2865/2857 3882/2864/2857
f 614/2932/2933 2335/2864/2861 3379/2868/2860 2095/2934/2861
f 614/2932/2933 2095/2934/2861 3378/2879/2861 2173/2878/2875
f 3905/2935/2934 3843/2751/2731 3993/2750/2730 3992/2936/2935
f 3905/2935/2934 3992/2936/2935 3987/2937/2936 3906/2938/2937
f 615/2935/2938 2181/2938/2939 3384/2939/2940 2110/2940/2941
f 615/2935/2938 2110/2940/2941 3399/2752/2682 2153/2751/2682
f 3907/2941/2942 3897/2911/2911 4041/2910/2910 4040/2942/2943
f 3907/2941/2942 4040/2942/2943 4039/2886/2881 3889/2885/2880
f 616/2941/2843 2286/2885/2843 3357/2889/2781 2073/2943/2781
f 616/2941/2843 2073/2943/2781 3350/2912/2912 2177/2911/2912
f 3908/2944/2944 3891/2893/2887 4038/2892/2886 4037/2945/2944
f 3908/2944/2944 4037/2945/2944 4032/2946/2945 3909/2947/2946
f 617/2944/2947 2182/2947/2550 3338/2948/2550 2051/2949/2948
f 617/2944/2947 2051/2949/2948 3334/2894/2890 2174/2893/2889
f 3910/2950/2949 3893/2899/2895 4090/2898/2894 4089/2951/2950
f 3910/2950/2949 4089/2951/2950 4080/2952/2951 3911/2953/2952
f 618/2950/2953 2183/2953/2954 3373/2954/2955 2088/2955/2898
f 618/2950/2953 2088/2955/2898 3372/2900/2898 2175/2899/2897
f 3912/2956/2956 3913/2957/2957 3979/2958/2958 3991/2959/2959
f 3912/2956/2956 3991/2959/2959 3990/2904/2902 3895/2903/2901
f 619/2956/2907 2240/2903/2907 3390/2907/2906 2103/2960/2960
f 619/2956/2907 2103/2960/2960 3403/2961/2961 2243/2957/2907
f 3914/2962/2962 3915/2963/2963 4027/2964/2964 4036/2965/2965
f 3914/2962/2962 4036/2965/2965 4035/2733/2708 3839/2732/2707
f 620/2962/2966 2278/2732/2717 3351/2739/2716 2066/2966/2716
f 620/2962/2966 2066/2966/2716 3352/2967/2868 2291/2963/2716
f 3916/2968/2967 3899/2917/2916 3989/2916/2915 3988/2969/2968
f 3916/2968/2967 3988/2969/2968 3981/2970/2969 3917/2971/2970
f 621/2968/2960 2185/2971/2971 3402/2972/2905 2118/2973/2972
f 621/2968/2960 2118/2973/2972 3401/2918/2918 2178/2917/2918
f 3918/2974/2973 3901/2923/2922 4088/2922/2922 4087/2975/2974
f 3918/2974/2973 4087/2975/2974 4077/2976/2975 3919/2977/2976
f 622/2974/2977 2186/2977/2978 3367/2978/2581 2081/2979/2979
f 622/2974/2977 2081/2979/2979 3359/2924/2925 2179/2923/2924
f 3920/2980/2980 3903/2929/2930 4034/2928/2929 4033/2981/2981
f 3920/2980/2980 4033/2981/2981 4029/2982/2982 3921/2983/2983
f 623/2980/2984 2187/2983/2868 3345/2984/2868 2059/2985/2984
f 623/2980/2984 2059/2985/2984 3344/2930/2868 2180/2929/2867
f 3922/2986/2985 3788/2586/2533 4086/2585/2532 4085/2987/2986
f 3922/2986/2985 4085/2987/2986 4084/2769/2748 3851/2768/2747
f 624/2986/2987 2329/2768/2757 3380/2775/2756 2096/2988/2988
f 624/2986/2987 2096/2988/2988 3381/2587/2536 2123/2586/2535
f 3923/2989/2989 3906/2938/2937 3987/2937/2936 3986/2990/2990
f 3923/2989/2989 3986/2990/2990 3985/2601/2553 3795/2600/2552
f 625/2989/2991 2221/2600/2560 3396/2607/2558 2111/2991/2992
f 625/2989/2991 2111/2991/2992 3384/2939/2940 2181/2938/2939
f 3924/2992/2993 3863/2811/2799 4083/2810/2798 4082/2993/2994
f 3924/2992/2993 4082/2993/2994 4081/2610/2563 3798/2609/2562
f 626/2992/2995 2319/2609/2572 3358/2616/2571 2074/2994/2996
f 626/2992/2995 2074/2994/2996 3365/2812/2802 2162/2811/2801
f 3925/2995/2997 3909/2947/2946 4032/2946/2945 4031/2996/2998
f 3925/2995/2997 4031/2996/2998 4030/2628/2586 3804/2627/2585
f 627/2995/2637 2271/2627/2591 3339/2634/2593 2052/2997/2550
f 627/2995/2637 2052/2997/2550 3338/2948/2550 2182/2947/2550
f 3926/2998/2999 3911/2953/2952 4080/2952/2951 4079/2999/3000
f 3926/2998/2999 4079/2999/3000 4078/2583/2530 3789/2582/2529
f 628/2998/2539 2317/2582/2539 3374/2589/2538 2089/3000/2953
f 628/2998/2539 2089/3000/2953 3373/2954/2955 2183/2953/2954
f 3927/3001/3001 3870/2832/2825 3984/2831/2824 3983/3002/3002
f 3927/3001/3001 3983/3002/3002 3982/2637/2595 3807/2636/2595
f 629/3001/3003 2223/2636/2604 3383/2643/2603 2104/3003/3004
f 629/3001/3003 2104/3003/3004 3394/2833/2827 2166/2832/2787
f 3928/3004/3005 3921/2983/2983 4029/2982/2982 4028/3005/3006
f 3928/3004/3005 4028/3005/3006 4027/2964/2964 3915/2963/2963
f 630/3004/3007 2291/2963/2716 3352/2967/2868 2067/3006/3008
f 630/3004/3007 2067/3006/3008 3345/2984/2868 2187/2983/2868
f 3929/3007/3009 3917/2971/2970 3981/2970/2969 3980/3008/3010
f 3929/3007/3009 3980/3008/3010 3979/2958/2958 3913/2957/2957
f 631/3007/3011 2243/2957/2907 3403/2961/2961 2119/3009/3012
f 631/3007/3011 2119/3009/3012 3402/2972/2905 2185/2971/2971
f 3930/3010/3013 3919/2977/2976 4077/2976/2975 4076/3011/3014
f 3930/3010/3013 4076/3011/3014 4075/2664/2628 3816/2663/2627
f 632/3010/2581 2323/2663/2579 3368/2670/2632 2082/3012/2581
f 632/3010/2581 2082/3012/2581 3367/2978/2581 2186/2977/2978
f 633/3013/3015 2054/2702/2669 3341/2701/2668 2050/2895/2891
f 633/3013/3015 2050/2895/2891 3334/2894/2890 2051/2949/2948
f 633/3013/3015 2051/2949/2948 3338/2948/2550 2052/2997/2550
f 633/3013/3015 2052/2997/2550 3339/2634/2593 2053/2633/2546
f 633/3013/3015 2053/2633/2546 3340/2632/2592 2061/2673/2637
f 633/3013/3015 2061/2673/2637 3347/2598/2550 2060/2597/2549
f 633/3013/3015 2060/2597/2549 3346/2596/2548 2056/2820/2811
f 633/3013/3015 2056/2820/2811 3335/2819/2810 2057/2874/2869
f 633/3013/3015 2057/2874/2869 3343/2873/2868 2058/2931/2868
f 633/3013/3015 2058/2931/2868 3344/2930/2868 2059/2985/2984
f 633/3013/3015 2059/2985/2984 3345/2984/2868 2067/3006/3008
f 633/3013/3015 2067/3006/3008 3352/2967/2868 2066/2966/2716
f 633/3013/3015 2066/2966/2716 3351/2739/2716 2062/2738/2715
f 633/3013/3015 2062/2738/2715 3336/2737/2714 2063/2796/2782
f 633/3013/3015 2063/2796/2782 3348/2795/2781 2064/2850/2781
f 633/3013/3015 2064/2850/2781 3349/2849/2844 2065/2913/2912
f 633/3013/3015 2065/2913/2912 3350/2912/2912 2073/2943/2781
f 633/3013/3015 2073/2943/2781 3357/2889/2781 2072/2888/2883
f 633/3013/3015 2072/2888/2883 3356/2652/2614 2068/2651/2613
f 633/3013/3015 2068/2651/2613 3337/2650/2612 2069/2718/2691
f 633/3013/3015 2069/2718/2691 3353/2717/2690 2070/2787/2770
f 633/3013/3015 2070/2787/2770 3354/2786/2769 2071/2838/2690
f 633/3013/3015 2071/2838/2690 3355/2766/2745 2055/2765/2670
f 633/3013/3015 2055/2765/2670 3342/2703/2670 2054/2702/2669
f 634/3014/3016 2078/2813/2803 3365/2812/2802 2074/2994/2996
f 634/3014/3016 2074/2994/2996 3358/2616/2571 2075/2615/2570
f 634/3014/3016 2075/2615/2570 3362/2614/2569 2076/2694/2659
f 634/3014/3016 2076/2694/2659 3363/2693/2658 2077/2760/2702
f 634/3014/3016 2077/2760/2702 3364/2759/2739 2085/2790/2774
f 634/3014/3016 2085/2790/2774 3371/2730/2704 2084/2729/2702
f 634/3014/3016 2084/2729/2702 3370/2728/2703 2080/2925/2926
f 634/3014/3016 2080/2925/2926 3359/2924/2925 2081/2979/2979
f 634/3014/3016 2081/2979/2979 3367/2978/2581 2082/3012/2581
f 634/3014/3016 2082/3012/2581 3368/2670/2632 2083/2669/2634
f 634/3014/3016 2083/2669/2634 3369/2668/2633 2091/2706/2675
f 634/3014/3016 2091/2706/2675 3376/2625/2582 2090/2624/2581
f 634/3014/3016 2090/2624/2581 3375/2623/2579 2086/2844/2837
f 634/3014/3016 2086/2844/2837 3360/2843/2836 2087/2901/2899
f 634/3014/3016 2087/2901/2899 3372/2900/2898 2088/2955/2898
f 634/3014/3016 2088/2955/2898 3373/2954/2955 2089/3000/2953
f 634/3014/3016 2089/3000/2953 3374/2589/2538 2097/2588/2537
f 634/3014/3016 2097/2588/2537 3381/2587/2536 2096/2988/2988
f 634/3014/3016 2096/2988/2988 3380/2775/2756 2092/2774/2755
f 634/3014/3016 2092/2774/2755 3361/2773/2754 2093/2826/2819
f 634/3014/3016 2093/2826/2819 3377/2825/2818 2094/2880/2859
f 634/3014/3016 2094/2880/2859 3378/2879/2861 2095/2934/2861
f 634/3014/3016 2095/2934/2861 3379/2868/2860 2079/2867/2859
f 634/3014/3016 2079/2867/2859 3366/2814/2804 2078/2813/2803
f 635/3015/3017 2102/2906/2905 3389/2682/2648 2098/2681/2647
f 635/3015/3017 2098/2681/2647 3382/2680/2646 2099/2745/2725
f 635/3015/3017 2099/2745/2725 3386/2744/2724 2100/2802/2789
f 635/3015/3017 2100/2802/2789 3387/2801/2788 2101/2856/2723
f 635/3015/3017 2101/2856/2723 3388/2855/2788 2109/2883/2878
f 635/3015/3017 2109/2883/2878 3395/2835/2789 2108/2834/2723
f 635/3015/3017 2108/2834/2723 3394/2833/2827 2104/3003/3004
f 635/3015/3017 2104/3003/3004 3383/2643/2603 2105/2642/2602
f 635/3015/3017 2105/2642/2602 3391/2641/2601 2106/2712/2683
f 635/3015/3017 2106/2712/2683 3392/2711/2682 2107/2781/2680
f 635/3015/3017 2107/2781/2680 3393/2780/2764 2115/2805/2793
f 635/3015/3017 2115/2805/2793 3400/2754/2600 2114/2753/2732
f 635/3015/3017 2114/2753/2732 3399/2752/2682 2110/2940/2941
f 635/3015/3017 2110/2940/2941 3384/2939/2940 2111/2991/2992
f 635/3015/3017 2111/2991/2992 3396/2607/2558 2112/2606/2559
f 635/3015/3017 2112/2606/2559 3397/2605/2558 2113/2688/2558
f 635/3015/3017 2113/2688/2558 3398/2687/2560 2121/2721/2557
f 635/3015/3017 2121/2721/2557 3405/2661/2624 2120/2660/2560
f 635/3015/3017 2120/2660/2560 3404/2659/2623 2116/2862/2855
f 635/3015/3017 2116/2862/2855 3385/2861/2854 2117/2919/2919
f 635/3015/3017 2117/2919/2919 3401/2918/2918 2118/2973/2972
f 635/3015/3017 2118/2973/2972 3402/2972/2905 2119/3009/3012
f 635/3015/3017 2119/3009/3012 3403/2961/2961 2103/2960/2960
f 635/3015/3017 2103/2960/2960 3390/2907/2906 2102/2906/2905
f 3931/3016/3018 3933/3017/3019 3226/2337/2188 1867/3018/3020
f 3931/3016/3018 1867/3018/3020 3213/3019/3021 3932/3020/3022
f 636/3016/3023 2048/3020/3024 3420/3021/3025 2199/3022/3026
f 636/3016/3023 2199/3022/3026 3408/3023/3027 2189/3017/3028
f 3934/3024/3029 3936/3025/3030 3208/1473/1362 1881/2342/2193
f 3934/3024/3029 1881/2342/2193 3224/2341/2192 3935/3026/3031
f 637/3024/3032 1998/3026/3033 3406/3027/3034 2200/3028/3035
f 637/3024/3032 2200/3028/3035 3419/3029/3036 2198/3025/3037
f 3937/3030/3038 3938/3031/3039 3227/1475/1364 1880/1474/1363
f 3937/3030/3038 1880/1474/1363 3208/1473/1362 3936/3025/3030
f 638/3030/3040 2198/3025/3037 3419/3029/3036 2201/3032/3041
f 638/3030/3040 2201/3032/3041 3412/3033/3042 2192/3031/3043
f 3939/3034/3044 3941/3035/3045 3210/1441/1330 1865/1440/1329
f 3939/3034/3044 1865/1440/1329 3211/1439/1328 3940/3036/3046
f 639/3034/3047 2197/3036/3048 3418/3037/3049 2202/3038/3050
f 639/3034/3047 2202/3038/3050 3417/3039/3051 2196/3035/3052
f 3942/3040/3053 3944/3041/3054 3216/1524/1409 1879/1523/1408
f 3942/3040/3053 1879/1523/1408 3223/1522/1407 3943/3042/3055
f 640/3040/3056 2029/3042/3057 3415/3043/3058 2203/3044/3059
f 640/3040/3056 2203/3044/3059 3416/3045/3060 2195/3041/3061
f 3945/3046/3062 3946/3047/3063 3209/1443/1332 1864/1442/1331
f 3945/3046/3062 1864/1442/1331 3210/1441/1330 3941/3035/3045
f 641/3046/3064 2196/3035/3052 3417/3039/3051 2204/3048/3065
f 641/3046/3064 2204/3048/3065 3414/3049/3066 2194/3047/3067
f 3947/3050/3068 3948/3051/3069 3215/3052/3070 1871/3053/3071
f 3947/3050/3068 1871/3053/3071 3216/1524/1409 3944/3041/3054
f 642/3050/3072 2195/3041/3061 3416/3045/3060 2205/3054/3073
f 642/3050/3072 2205/3054/3073 3413/3055/3074 2193/3051/3075
f 3949/3056/3076 3950/3057/3077 3214/3058/3078 1870/3059/3079
f 3949/3056/3076 1870/3059/3079 3215/3052/3070 3948/3051/3069
f 643/3056/3080 2193/3051/3075 3413/3055/3074 2206/3060/3081
f 643/3056/3080 2206/3060/3081 3410/3061/3082 2191/3057/3083
f 3951/3062/3084 3952/3063/3085 3228/1477/1366 1884/1476/1365
f 3951/3062/3084 1884/1476/1365 3227/1475/1364 3938/3031/3039
f 644/3062/3086 2192/3031/3043 3412/3033/3042 2207/3064/3087
f 644/3062/3086 2207/3064/3087 3411/3065/3088 2018/3063/3089
f 3953/3066/3090 3954/3067/3091 3206/3068/3092 1869/3069/3093
f 3953/3066/3090 1869/3069/3093 3214/3058/3078 3950/3057/3077
f 645/3066/3094 2191/3057/3083 3410/3061/3082 2208/3070/3095
f 645/3066/3094 2208/3070/3095 3407/3071/3096 2188/3067/3097
f 646/3072/3098 1913/3073/3099 3076/1432/1321 1552/1431/1320
f 646/3072/3098 1552/1431/1320 3062/1370/1263 2209/1516/1401
f 646/3072/3098 2209/1516/1401 3216/1524/1409 1871/3053/3071
f 646/3072/3098 1871/3053/3071 3215/3052/3070 1870/3059/3079
f 646/3072/3098 1870/3059/3079 3214/3058/3078 1869/3069/3093
f 646/3072/3098 1869/3069/3093 3206/3068/3092 1913/3073/3099
f 647/3074/3100 1577/1512/1397 3076/1432/1321 1913/3073/3099
f 647/3074/3100 1913/3073/3099 3206/3068/3092 1868/3075/3101
f 647/3074/3100 1868/3075/3101 3217/3076/3102 1872/3077/3103
f 647/3074/3100 1872/3077/3103 3218/3078/3104 1873/3079/3105
f 647/3074/3100 1873/3079/3105 3211/1439/1328 2210/1438/1327
f 647/3074/3100 2210/1438/1327 3091/1437/1326 1577/1512/1397
f 648/3080/3106 1910/1446/1335 3205/1445/1334 1862/3081/3107
f 648/3080/3106 1862/3081/3107 3212/3082/3108 1866/3083/3109
f 648/3080/3106 1866/3083/3109 3213/3019/3021 1867/3018/3020
f 648/3080/3106 1867/3018/3020 3226/2337/2188 2211/2336/2187
f 648/3080/3106 2211/2336/2187 3089/1578/1461 1564/1605/1486
f 648/3080/3106 1564/1605/1486 3090/1447/1336 1910/1446/1335
f 649/3084/3110 1912/1517/1402 3061/1378/1271 1509/1377/1270
f 649/3084/3110 1509/1377/1270 3060/1376/1269 2212/1469/1358
f 649/3084/3110 2212/1469/1358 3228/1477/1366 1885/3085/3111
f 649/3084/3110 1885/3085/3111 3221/3086/3112 1877/3087/3113
f 649/3084/3110 1877/3087/3113 3220/3088/3114 1876/3089/3115
f 649/3084/3110 1876/3089/3115 3219/3090/3116 1875/3091/3117
f 649/3084/3110 1875/3091/3117 3207/1518/1403 1912/1517/1402
f 650/3092/3118 1916/1755/1628 3104/1609/1490 1589/1608/1489
f 650/3092/3118 1589/1608/1489 3103/1607/1488 2213/1714/1591
f 650/3092/3118 2213/1714/1591 3252/1719/1596 1909/2516/2436
f 650/3092/3118 1909/2516/2436 3245/2499/2413 1901/2498/2412
f 650/3092/3118 1901/2498/2412 3244/2463/2362 1900/2462/2361
f 650/3092/3118 1900/2462/2361 3243/2431/2318 1899/2430/2317
f 650/3092/3118 1899/2430/2317 3231/1756/1629 1916/1755/1628
f 651/3093/3119 1914/1690/1567 3229/1689/1566 1886/2489/2399
f 651/3093/3119 1886/2489/2399 3236/2379/2242 1890/2378/2241
f 651/3093/3119 1890/2378/2241 3237/2377/2240 1891/2412/2290
f 651/3093/3119 1891/2412/2290 3250/1564/1449 2214/1563/1448
f 651/3093/3119 2214/1563/1448 3132/1562/1447 1643/1819/1688
f 651/3093/3119 1643/1819/1688 3133/1691/1568 1914/1690/1567
f 652/3094/3120 1917/3095/3121 3119/1674/1551 1631/1673/1550
f 652/3094/3120 1631/1673/1550 3105/1600/1481 2215/1754/1627
f 652/3094/3120 2215/1754/1627 3240/1762/1635 1895/2541/2471
f 652/3094/3120 1895/2541/2471 3239/2511/2429 1894/2510/2428
f 652/3094/3120 1894/2510/2428 3238/2473/2376 1893/2472/2375
f 652/3094/3120 1893/2472/2375 3230/2441/2331 1917/3095/3121
f 653/3096/3122 1659/1750/1623 3119/1674/1551 1917/3095/3121
f 653/3096/3122 1917/3095/3121 3230/2441/2331 1892/2440/2330
f 653/3096/3122 1892/2440/2330 3241/2439/2329 1896/2570/2512
f 653/3096/3122 1896/2570/2512 3242/1681/1558 2216/1680/1557
f 653/3096/3122 2216/1680/1557 3134/1679/1556 1659/1750/1623
f 654/3097/3123 1942/1556/1441 3253/1555/1440 1918/2562/2501
f 654/3097/3123 1918/2562/2501 3260/2452/2346 1922/2451/2345
f 654/3097/3123 1922/2451/2345 3261/2450/2344 1923/2485/2393
f 654/3097/3123 1923/2485/2393 3274/2345/2196 2217/2344/2195
f 654/3097/3123 2217/2344/2195 3108/1596/1477 1594/1709/1586
f 654/3097/3123 1594/1709/1586 3109/1557/1442 1942/1556/1441
f 655/3098/3124 1944/1629/1510 3080/1420/1309 1541/1465/1354
f 655/3098/3124 1541/1465/1354 3079/1428/1317 2218/1495/1380
f 655/3098/3124 2218/1495/1380 3269/1505/1390 1933/2565/2505
f 655/3098/3124 1933/2565/2505 3268/2536/2464 1932/2535/2463
f 655/3098/3124 1932/2535/2463 3267/2505/2421 1931/2504/2420
f 655/3098/3124 1931/2504/2420 3255/1630/1511 1944/1629/1510
f 656/3099/3125 1945/3100/3126 3095/1540/1425 1573/1539/1424
f 656/3099/3125 1573/1539/1424 3081/1422/1311 2219/1628/1509
f 656/3099/3125 2219/1628/1509 3263/1638/1519 1926/2573/2516
f 656/3099/3125 1926/2573/2516 3262/2547/2479 1925/2546/2478
f 656/3099/3125 1925/2546/2478 3254/2520/2441 1945/3100/3126
f 657/3101/3127 1600/1624/1505 3095/1540/1425 1945/3100/3126
f 657/3101/3127 1945/3100/3126 3254/2520/2441 1924/2519/2440
f 657/3101/3127 1924/2519/2440 3265/2405/2280 1928/2404/2279
f 657/3101/3127 1928/2404/2279 3266/1547/1432 2220/1546/1431
f 657/3101/3127 2220/1546/1431 3110/1545/1430 1600/1624/1505
f 658/3102/3128 2244/3103/3129 3690/3104/3130 2691/3105/3131
f 658/3102/3128 2691/3105/3131 3674/3106/3132 2651/3107/3133
f 658/3102/3128 2651/3107/3133 3443/2958/3134 2245/3008/3135
f 658/3102/3128 2245/3008/3135 3444/2970/3136 2244/3103/3129
f 659/3108/3137 2237/3109/3138 3685/3110/3139 2690/3111/3140
f 659/3108/3137 2690/3111/3140 3668/3112/3141 2645/3113/3142
f 659/3108/3137 2645/3113/3142 3423/2637/3143 2246/3002/3144
f 659/3108/3137 2246/3002/3144 3437/2831/3145 2237/3109/3138
f 660/3114/3146 2242/3115/3147 3689/3116/3148 2689/3117/3149
f 660/3114/3146 2689/3117/3149 3667/3118/3150 2644/3119/3151
f 660/3114/3146 2644/3119/3151 3421/2601/3152 2247/2990/3153
f 660/3114/3146 2247/2990/3153 3442/2937/3154 2242/3115/3147
f 661/3120/3155 2241/3121/3156 3688/3122/3157 2688/3123/3158
f 661/3120/3155 2688/3123/3158 3690/3104/3130 2244/3103/3129
f 661/3120/3155 2244/3103/3129 3444/2970/3136 2248/2969/3159
f 661/3120/3155 2248/2969/3159 3441/2916/3160 2241/3121/3156
f 662/3124/3161 2651/3107/3133 3674/3106/3132 2687/3125/3162
f 662/3124/3161 2687/3125/3162 3673/3126/3163 2650/3127/3164
f 662/3124/3161 2650/3127/3164 3440/2904/3165 2249/2959/3166
f 662/3124/3161 2249/2959/3166 3443/2958/3134 2651/3107/3133
f 663/3128/3167 2233/3129/3168 3682/3130/3169 2686/3131/3170
f 663/3128/3167 2686/3131/3170 3689/3116/3148 2242/3115/3147
f 663/3128/3167 2242/3115/3147 3442/2937/3154 2250/2936/3171
f 663/3128/3167 2250/2936/3171 3433/2750/3172 2233/3129/3168
f 664/3132/3173 2239/3133/3174 3687/3134/3175 2685/3135/3176
f 664/3132/3173 2685/3135/3176 3688/3122/3157 2241/3121/3156
f 664/3132/3173 2241/3121/3156 3441/2916/3160 2251/2915/3177
f 664/3132/3173 2251/2915/3177 3439/2859/3178 2239/3133/3174
f 665/3136/3179 2650/3127/3164 3673/3126/3163 2684/3137/3180
f 665/3136/3179 2684/3137/3180 3670/3138/3181 2647/3139/3182
f 665/3136/3179 2647/3139/3182 3427/2676/3183 2252/2905/3184
f 665/3136/3179 2252/2905/3184 3440/2904/3165 2650/3127/3164
f 666/3140/3185 2238/3141/3186 3686/3142/3187 2683/3143/3188
f 666/3140/3185 2683/3143/3188 3672/3144/3189 2649/3145/3190
f 666/3140/3185 2649/3145/3190 3436/2829/3191 2253/2882/3192
f 666/3140/3185 2253/2882/3192 3438/2853/3193 2238/3141/3186
f 667/3146/3194 2226/3147/3195 3677/3148/3196 2682/3149/3197
f 667/3146/3194 2682/3149/3197 3687/3134/3175 2239/3133/3174
f 667/3146/3194 2239/3133/3174 3439/2859/3178 2254/2858/3198
f 667/3146/3194 2254/2858/3198 3426/2657/3199 2226/3147/3195
f 668/3150/3200 2235/3151/3201 3684/3152/3202 2681/3153/3203
f 668/3150/3200 2681/3153/3203 3686/3142/3187 2238/3141/3186
f 668/3150/3200 2238/3141/3186 3438/2853/3193 2255/2852/3204
f 668/3150/3200 2255/2852/3204 3435/2799/3205 2235/3151/3201
f 669/3154/3206 2649/3145/3190 3672/3144/3189 2680/3155/3207
f 669/3154/3206 2680/3155/3207 3685/3110/3139 2237/3109/3138
f 669/3154/3206 2237/3109/3138 3437/2831/3145 2256/2830/3208
f 669/3154/3206 2256/2830/3208 3436/2829/3191 2649/3145/3190
f 670/3156/3209 2234/3157/3210 3683/3158/3211 2679/3159/3212
f 670/3156/3209 2679/3159/3212 3671/3160/3213 2648/3161/3214
f 670/3156/3209 2648/3161/3214 3432/2748/3215 2257/2804/3216
f 670/3156/3209 2257/2804/3216 3434/2778/3217 2234/3157/3210
f 671/3162/3218 2231/3163/3219 3681/3164/3220 2678/3165/3221
f 671/3162/3218 2678/3165/3221 3684/3152/3202 2235/3151/3201
f 671/3162/3218 2235/3151/3201 3435/2799/3205 2258/2798/3222
f 671/3162/3218 2258/2798/3222 3431/2742/3223 2231/3163/3219
f 672/3166/3224 2230/3167/3225 3680/3168/3226 2677/3169/3227
f 672/3166/3224 2677/3169/3227 3683/3158/3211 2234/3157/3210
f 672/3166/3224 2234/3157/3210 3434/2778/3217 2259/2777/3228
f 672/3166/3224 2259/2777/3228 3430/2709/3229 2230/3167/3225
f 673/3170/3230 2648/3161/3214 3671/3160/3213 2676/3171/3231
f 673/3170/3230 2676/3171/3231 3682/3130/3169 2233/3129/3168
f 673/3170/3230 2233/3129/3168 3433/2750/3172 2260/2749/3232
f 673/3170/3230 2260/2749/3232 3432/2748/3215 2648/3161/3214
f 674/3172/3233 2228/3173/3234 3678/3174/3235 2675/3175/3236
f 674/3172/3233 2675/3175/3236 3681/3164/3220 2231/3163/3219
f 674/3172/3233 2231/3163/3219 3431/2742/3223 2261/2741/3237
f 674/3172/3233 2261/2741/3237 3428/2678/3238 2228/3173/3234
f 675/3176/3239 2229/3177/3240 3679/3178/3241 2674/3179/3242
f 675/3176/3239 2674/3179/3242 3669/3180/3243 2646/3181/3244
f 675/3176/3239 2646/3181/3244 3425/2655/3245 2262/2720/3246
f 675/3176/3239 2262/2720/3246 3429/2685/3247 2229/3177/3240
f 676/3182/3248 2224/3183/3249 3676/3184/3250 2673/3185/3251
f 676/3182/3248 2673/3185/3251 3680/3168/3226 2230/3167/3225
f 676/3182/3248 2230/3167/3225 3430/2709/3229 2263/2708/3252
f 676/3182/3248 2263/2708/3252 3424/2639/3253 2224/3183/3249
f 677/3186/3254 2222/3187/3255 3675/3188/3256 2672/3189/3257
f 677/3186/3254 2672/3189/3257 3679/3178/3241 2229/3177/3240
f 677/3186/3254 2229/3177/3240 3429/2685/3247 2264/2684/3258
f 677/3186/3254 2264/2684/3258 3422/2603/3259 2222/3187/3255
f 678/3190/3260 2647/3139/3182 3670/3138/3181 2671/3191/3261
f 678/3190/3260 2671/3191/3261 3678/3174/3235 2228/3173/3234
f 678/3190/3260 2228/3173/3234 3428/2678/3238 2265/2677/3262
f 678/3190/3260 2265/2677/3262 3427/2676/3183 2647/3139/3182
f 679/3192/3263 2646/3181/3244 3669/3180/3243 2670/3193/3264
f 679/3192/3263 2670/3193/3264 3677/3148/3196 2226/3147/3195
f 679/3192/3263 2226/3147/3195 3426/2657/3199 2266/2656/3265
f 679/3192/3263 2266/2656/3265 3425/2655/3245 2646/3181/3244
f 680/3194/3266 2645/3113/3142 3668/3112/3141 2669/3195/3267
f 680/3194/3266 2669/3195/3267 3676/3184/3250 2224/3183/3249
f 680/3194/3266 2224/3183/3249 3424/2639/3253 2267/2638/3268
f 680/3194/3266 2267/2638/3268 3423/2637/3143 2645/3113/3142
f 681/3196/3269 2644/3119/3151 3667/3118/3150 2668/3197/3270
f 681/3196/3269 2668/3197/3270 3675/3188/3256 2222/3187/3255
f 681/3196/3269 2222/3187/3255 3422/2603/3259 2268/2602/3271
f 681/3196/3269 2268/2602/3271 3421/2601/3152 2644/3119/3151
f 682/3198/3272 2292/3199/3273 3666/3200/3274 2643/3201/3275
f 682/3198/3272 2643/3201/3275 3650/3202/3276 2612/3203/3277
f 682/3198/3272 2612/3203/3277 3467/2964/3278 2293/3005/3279
f 682/3198/3272 2293/3005/3279 3468/2982/3280 2292/3199/3273
f 683/3204/3281 2290/3205/3282 3665/3206/3283 2642/3207/3284
f 683/3204/3281 2642/3207/3284 3644/3208/3285 2606/3209/3286
f 683/3204/3281 2606/3209/3286 3447/2628/3287 2294/2996/3288
f 683/3204/3281 2294/2996/3288 3466/2946/3289 2290/3205/3282
f 684/3210/3290 2289/3211/3291 3664/3212/3292 2641/3213/3293
f 684/3210/3290 2641/3213/3293 3666/3200/3274 2292/3199/3273
f 684/3210/3290 2292/3199/3273 3468/2982/3280 2295/2981/3294
f 684/3210/3290 2295/2981/3294 3465/2928/3295 2289/3211/3291
f 685/3214/3296 2612/3203/3277 3650/3202/3276 2640/3215/3297
f 685/3214/3296 2640/3215/3297 3647/3216/3298 2609/3217/3299
f 685/3214/3296 2609/3217/3299 3454/2733/3300 2296/2965/3301
f 685/3214/3296 2296/2965/3301 3467/2964/3278 2612/3203/3277
f 686/3218/3302 2287/3219/3303 3662/3220/3304 2639/3221/3305
f 686/3218/3302 2639/3221/3305 3665/3206/3283 2290/3205/3282
f 686/3218/3302 2290/3205/3282 3466/2946/3289 2297/2945/3306
f 686/3218/3302 2297/2945/3306 3463/2892/3307 2287/3219/3303
f 687/3222/3308 2288/3223/3309 3663/3224/3310 2638/3225/3311
f 687/3222/3308 2638/3225/3311 3649/3226/3312 2611/3227/3313
f 687/3222/3308 2611/3227/3313 3462/2886/3314 2298/2942/3315
f 687/3222/3308 2298/2942/3315 3464/2910/3316 2288/3223/3309
f 688/3228/3317 2285/3229/3318 3661/3230/3319 2637/3231/3320
f 688/3228/3317 2637/3231/3320 3664/3212/3292 2289/3211/3291
f 688/3228/3317 2289/3211/3291 3465/2928/3295 2299/2927/3321
f 688/3228/3317 2299/2927/3321 3461/2871/3322 2285/3229/3318
f 689/3232/3323 2284/3233/3324 3660/3234/3325 2636/3235/3326
f 689/3232/3323 2636/3235/3326 3663/3224/3310 2288/3223/3309
f 689/3232/3323 2288/3223/3309 3464/2910/3316 2300/2909/3327
f 689/3232/3323 2300/2909/3327 3460/2847/3328 2284/3233/3324
f 690/3236/3329 2276/3237/3330 3654/3238/3331 2635/3239/3332
f 690/3236/3329 2635/3239/3332 3662/3220/3304 2287/3219/3303
f 690/3236/3329 2287/3219/3303 3463/2892/3307 2301/2891/3333
f 690/3236/3329 2301/2891/3333 3452/2699/3334 2276/3237/3330
f 691/3240/3335 2611/3227/3313 3649/3226/3312 2634/3241/3336
f 691/3240/3335 2634/3241/3336 3645/3242/3337 2607/3243/3338
f 691/3240/3335 2607/3243/3338 3449/2646/3339 2302/2887/3340
f 691/3240/3335 2302/2887/3340 3462/2886/3314 2611/3227/3313
f 692/3244/3341 2283/3245/3342 3659/3246/3343 2633/3247/3344
f 692/3244/3341 2633/3247/3344 3661/3230/3319 2285/3229/3318
f 692/3244/3341 2285/3229/3318 3461/2871/3322 2303/2870/3345
f 692/3244/3341 2303/2870/3345 3459/2817/3346 2283/3245/3342
f 693/3248/3347 2282/3249/3348 3658/3250/3349 2632/3251/3350
f 693/3248/3347 2632/3251/3350 3660/3234/3325 2284/3233/3324
f 693/3248/3347 2284/3233/3324 3460/2847/3328 2304/2846/3351
f 693/3248/3347 2304/2846/3351 3458/2793/3352 2282/3249/3348
f 694/3252/3353 2281/3253/3354 3657/3254/3355 2631/3255/3356
f 694/3252/3353 2631/3255/3356 3648/3256/3357 2610/3257/3358
f 694/3252/3353 2610/3257/3358 3456/2763/3359 2305/2837/3360
f 694/3252/3353 2305/2837/3360 3457/2784/3361 2281/3253/3354
f 695/3258/3362 2270/3259/3363 3651/3260/3364 2630/3261/3365
f 695/3258/3362 2630/3261/3365 3659/3246/3343 2283/3245/3342
f 695/3258/3362 2283/3245/3342 3459/2817/3346 2306/2816/3366
f 695/3258/3362 2306/2816/3366 3446/2594/3367 2270/3259/3363
f 696/3262/3368 2279/3263/3369 3656/3264/3370 2629/3265/3371
f 696/3262/3368 2629/3265/3371 3658/3250/3349 2282/3249/3348
f 696/3262/3368 2282/3249/3348 3458/2793/3352 2307/2792/3372
f 696/3262/3368 2307/2792/3372 3455/2735/3373 2279/3263/3369
f 697/3266/3374 2277/3267/3375 3655/3268/3376 2628/3269/3377
f 697/3266/3374 2628/3269/3377 3657/3254/3355 2281/3253/3354
f 697/3266/3374 2281/3253/3354 3457/2784/3361 2308/2783/3378
f 697/3266/3374 2308/2783/3378 3453/2715/3379 2277/3267/3375
f 698/3270/3380 2610/3257/3358 3648/3256/3357 2627/3271/3381
f 698/3270/3380 2627/3271/3381 3646/3272/3382 2608/3273/3383
f 698/3270/3380 2608/3273/3383 3451/2697/3384 2309/2764/3385
f 698/3270/3380 2309/2764/3385 3456/2763/3359 2610/3257/3358
f 699/3274/3386 2609/3217/3299 3647/3216/3298 2626/3275/3387
f 699/3274/3386 2626/3275/3387 3656/3264/3370 2279/3263/3369
f 699/3274/3386 2279/3263/3369 3455/2735/3373 2310/2734/3388
f 699/3274/3386 2310/2734/3388 3454/2733/3300 2609/3217/3299
f 700/3276/3389 2274/3277/3390 3653/3278/3391 2625/3279/3392
f 700/3276/3389 2625/3279/3392 3655/3268/3376 2277/3267/3375
f 700/3276/3389 2277/3267/3375 3453/2715/3379 2311/2714/3393
f 700/3276/3389 2311/2714/3393 3450/2648/3394 2274/3277/3390
f 701/3280/3395 2608/3273/3383 3646/3272/3382 2624/3281/3396
f 701/3280/3395 2624/3281/3396 3654/3238/3331 2276/3237/3330
f 701/3280/3395 2276/3237/3330 3452/2699/3334 2312/2698/3397
f 701/3280/3395 2312/2698/3397 3451/2697/3384 2608/3273/3383
f 702/3282/3398 2272/3283/3399 3652/3284/3400 2623/3285/3401
f 702/3282/3398 2623/3285/3401 3643/3286/3402 2605/3287/3403
f 702/3282/3398 2605/3287/3403 3445/2592/3404 2313/2672/3405
f 702/3282/3398 2313/2672/3405 3448/2630/3406 2272/3283/3399
f 703/3288/3407 2607/3243/3338 3645/3242/3337 2622/3289/3408
f 703/3288/3407 2622/3289/3408 3653/3278/3391 2274/3277/3390
f 703/3288/3407 2274/3277/3390 3450/2648/3394 2314/2647/3409
f 703/3288/3407 2314/2647/3409 3449/2646/3339 2607/3243/3338
f 704/3290/3410 2606/3209/3286 3644/3208/3285 2621/3291/3411
f 704/3290/3410 2621/3291/3411 3652/3284/3400 2272/3283/3399
f 704/3290/3410 2272/3283/3399 3448/2630/3406 2315/2629/3412
f 704/3290/3410 2315/2629/3412 3447/2628/3287 2606/3209/3286
f 705/3292/3413 2605/3287/3403 3643/3286/3402 2620/3293/3414
f 705/3292/3413 2620/3293/3414 3651/3260/3364 2270/3259/3363
f 705/3292/3413 2270/3259/3363 3446/2594/3367 2316/2593/3415
f 705/3292/3413 2316/2593/3415 3445/2592/3404 2605/3287/3403
f 706/3294/3416 2340/3295/3417 3642/3296/3418 2604/3297/3419
f 706/3294/3416 2604/3297/3419 3622/3298/3420 2560/3299/3421
f 706/3294/3416 2560/3299/3421 3475/2664/3422 2341/3011/3423
f 706/3294/3416 2341/3011/3423 3492/2976/3424 2340/3295/3417
f 707/3300/3425 2339/3301/3426 3641/3302/3427 2603/3303/3428
f 707/3300/3425 2603/3303/3428 3619/3304/3429 2557/3305/3430
f 707/3300/3425 2557/3305/3430 3469/2583/3431 2342/2999/3432
f 707/3300/3425 2342/2999/3432 3491/2952/3433 2339/3301/3426
f 708/3306/3434 2332/3307/3435 3635/3308/3436 2602/3309/3437
f 708/3306/3434 2602/3309/3437 3620/3310/3438 2558/3311/3439
f 708/3306/3434 2558/3311/3439 3471/2610/3440 2343/2993/3441
f 708/3306/3434 2343/2993/3441 3484/2810/3442 2332/3307/3435
f 709/3312/3443 2318/3313/3444 3627/3314/3445 2601/3315/3446
f 709/3312/3443 2601/3315/3446 3624/3316/3447 2562/3317/3448
f 709/3312/3443 2562/3317/3448 3481/2769/3449 2344/2987/3450
f 709/3312/3443 2344/2987/3450 3470/2585/3451 2318/3313/3444
f 710/3318/3452 2338/3319/3453 3640/3320/3454 2600/3321/3455
f 710/3318/3452 2600/3321/3455 3642/3296/3418 2340/3295/3417
f 710/3318/3452 2340/3295/3417 3492/2976/3424 2345/2975/3456
f 710/3318/3452 2345/2975/3456 3490/2922/3457 2338/3319/3453
f 711/3322/3458 2337/3323/3459 3639/3324/3460 2599/3325/3461
f 711/3322/3458 2599/3325/3461 3641/3302/3427 2339/3301/3426
f 711/3322/3458 2339/3301/3426 3491/2952/3433 2346/2951/3462
f 711/3322/3458 2346/2951/3462 3489/2898/3463 2337/3323/3459
f 712/3326/3464 2336/3327/3465 3638/3328/3466 2598/3329/3467
f 712/3326/3464 2598/3329/3467 3626/3330/3468 2564/3331/3469
f 712/3326/3464 2564/3331/3469 3487/2865/3470 2347/2933/3471
f 712/3326/3464 2347/2933/3471 3488/2877/3472 2336/3327/3465
f 713/3332/3473 2327/3333/3474 3632/3334/3475 2597/3335/3476
f 713/3332/3473 2597/3335/3476 3640/3320/3454 2338/3319/3453
f 713/3332/3473 2338/3319/3453 3490/2922/3457 2348/2921/3477
f 713/3332/3473 2348/2921/3477 3479/2726/3478 2327/3333/3474
f 714/3336/3479 2334/3337/3480 3637/3338/3481 2596/3339/3482
f 714/3336/3479 2596/3339/3482 3639/3324/3460 2337/3323/3459
f 714/3336/3479 2337/3323/3459 3489/2898/3463 2349/2897/3483
f 714/3336/3479 2349/2897/3483 3486/2841/3484 2334/3337/3480
f 715/3340/3485 2333/3341/3486 3636/3342/3487 2595/3343/3488
f 715/3340/3485 2595/3343/3488 3638/3328/3466 2336/3327/3465
f 715/3340/3485 2336/3327/3465 3488/2877/3472 2350/2876/3489
f 715/3340/3485 2350/2876/3489 3485/2823/3490 2333/3341/3486
f 716/3344/3491 2564/3331/3469 3626/3330/3468 2594/3345/3492
f 716/3344/3491 2594/3345/3492 3625/3346/3493 2563/3347/3494
f 716/3344/3491 2563/3347/3494 3483/2808/3495 2351/2866/3496
f 716/3344/3491 2351/2866/3496 3487/2865/3470 2564/3331/3469
f 717/3348/3497 2322/3349/3498 3629/3350/3499 2593/3351/3500
f 717/3348/3497 2593/3351/3500 3637/3338/3481 2334/3337/3480
f 717/3348/3497 2334/3337/3480 3486/2841/3484 2352/2840/3501
f 717/3348/3497 2352/2840/3501 3474/2621/3502 2322/3349/3498
f 718/3352/3503 2330/3353/3504 3634/3354/3505 2592/3355/3506
f 718/3352/3503 2592/3355/3506 3636/3342/3487 2333/3341/3486
f 718/3352/3503 2333/3341/3486 3485/2823/3490 2353/2822/3507
f 718/3352/3503 2353/2822/3507 3482/2771/3508 2330/3353/3504
f 719/3356/3509 2563/3347/3494 3625/3346/3493 2591/3357/3510
f 719/3356/3509 2591/3357/3510 3635/3308/3436 2332/3307/3435
f 719/3356/3509 2332/3307/3435 3484/2810/3442 2354/2809/3511
f 719/3356/3509 2354/2809/3511 3483/2808/3495 2563/3347/3494
f 720/3358/3512 2328/3359/3513 3633/3360/3514 2590/3361/3515
f 720/3358/3512 2590/3361/3515 3623/3362/3516 2561/3363/3517
f 720/3358/3512 2561/3363/3517 3478/2724/3518 2355/2789/3519
f 720/3358/3512 2355/2789/3519 3480/2757/3520 2328/3359/3513
f 721/3364/3521 2562/3317/3448 3624/3316/3447 2589/3365/3522
f 721/3364/3521 2589/3365/3522 3634/3354/3505 2330/3353/3504
f 721/3364/3521 2330/3353/3504 3482/2771/3508 2356/2770/3523
f 721/3364/3521 2356/2770/3523 3481/2769/3449 2562/3317/3448
f 722/3366/3524 2325/3367/3525 3631/3368/3526 2588/3369/3527
f 722/3366/3524 2588/3369/3527 3633/3360/3514 2328/3359/3513
f 722/3366/3524 2328/3359/3513 3480/2757/3520 2357/2756/3528
f 722/3366/3524 2357/2756/3528 3477/2691/3529 2325/3367/3525
f 723/3370/3530 2561/3363/3517 3623/3362/3516 2587/3371/3531
f 723/3370/3530 2587/3371/3531 3632/3334/3475 2327/3333/3474
f 723/3370/3530 2327/3333/3474 3479/2726/3478 2358/2725/3532
f 723/3370/3530 2358/2725/3532 3478/2724/3518 2561/3363/3517
f 724/3372/3533 2324/3373/3534 3630/3374/3535 2586/3375/3536
f 724/3372/3533 2586/3375/3536 3621/3376/3537 2559/3377/3538
f 724/3372/3533 2559/3377/3538 3473/2619/3539 2359/2705/3540
f 724/3372/3533 2359/2705/3540 3476/2666/3541 2324/3373/3534
f 725/3378/3542 2320/3379/3543 3628/3380/3544 2585/3381/3545
f 725/3378/3542 2585/3381/3545 3631/3368/3526 2325/3367/3525
f 725/3378/3542 2325/3367/3525 3477/2691/3529 2360/2690/3546
f 725/3378/3542 2360/2690/3546 3472/2612/3547 2320/3379/3543
f 726/3382/3548 2560/3299/3421 3622/3298/3420 2584/3383/3549
f 726/3382/3548 2584/3383/3549 3630/3374/3535 2324/3373/3534
f 726/3382/3548 2324/3373/3534 3476/2666/3541 2361/2665/3550
f 726/3382/3548 2361/2665/3550 3475/2664/3422 2560/3299/3421
f 727/3384/3551 2559/3377/3538 3621/3376/3537 2583/3385/3552
f 727/3384/3551 2583/3385/3552 3629/3350/3499 2322/3349/3498
f 727/3384/3551 2322/3349/3498 3474/2621/3502 2362/2620/3553
f 727/3384/3551 2362/2620/3553 3473/2619/3539 2559/3377/3538
f 728/3386/3554 2558/3311/3439 3620/3310/3438 2582/3387/3555
f 728/3386/3554 2582/3387/3555 3628/3380/3544 2320/3379/3543
f 728/3386/3554 2320/3379/3543 3472/2612/3547 2363/2611/3556
f 728/3386/3554 2363/2611/3556 3471/2610/3440 2558/3311/3439
f 729/3388/3557 2557/3305/3430 3619/3304/3429 2581/3389/3558
f 729/3388/3557 2581/3389/3558 3627/3314/3445 2318/3313/3444
f 729/3388/3557 2318/3313/3444 3470/2585/3451 2364/2584/3559
f 729/3388/3557 2364/2584/3559 3469/2583/3431 2557/3305/3430
f 730/3390/3560 2493/3391/3561 3519/2252/2105 1792/2251/2104
f 730/3390/3560 1792/2251/2104 3517/2222/2075 2494/3392/3562
f 730/3390/3560 2494/3392/3562 3581/3393/3563 2438/3394/3564
f 730/3390/3560 2438/3394/3564 3583/3395/3565 2493/3391/3561
f 731/3396/3566 2495/3397/3567 3501/2137/1990 1829/2136/1989
f 731/3396/3566 1829/2136/1989 3499/2077/1930 2496/3398/3568
f 731/3396/3566 2496/3398/3568 3563/3399/3569 2475/3400/3570
f 731/3396/3566 2475/3400/3570 3565/3401/3571 2495/3397/3567
f 732/3402/3572 2497/3403/3573 3493/2159/2012 1844/2158/2011
f 732/3402/3572 1844/2158/2011 3056/2157/2010 2498/3404/3574
f 732/3402/3572 2498/3404/3574 3555/3405/3575 2490/3406/3576
f 732/3402/3572 2490/3406/3576 3557/3407/3577 2497/3403/3573
f 733/3408/3578 2499/3409/3579 3543/2173/2026 1807/2172/2025
f 733/3408/3578 1807/2172/2025 3541/2171/2024 2500/3410/3580
f 733/3408/3578 2500/3410/3580 3605/3411/3581 2453/3412/3582
f 733/3408/3578 2453/3412/3582 3607/3413/3583 2499/3409/3579
f 734/3414/3584 2501/3415/3585 3554/2225/2078 1785/2269/2122
f 734/3414/3584 1785/2269/2122 3174/2248/2101 2502/3416/3586
f 734/3414/3584 2502/3416/3586 3556/3417/3587 2431/3418/3588
f 734/3414/3584 2431/3418/3588 3618/3419/3589 2501/3415/3585
f 735/3420/3590 2503/3421/3591 3504/2234/2087 1822/2233/2086
f 735/3420/3590 1822/2233/2086 3506/2101/1954 2504/3422/3592
f 735/3420/3590 2504/3422/3592 3570/3423/3593 2468/3424/3594
f 735/3420/3590 2468/3424/3594 3568/3425/3595 2503/3421/3591
f 736/3426/3596 2505/3427/3597 3497/2075/1928 1837/2315/2168
f 736/3426/3596 1837/2315/2168 3495/2277/2130 2506/3428/3598
f 736/3426/3596 2506/3428/3598 3559/3429/3599 2483/3430/3600
f 736/3426/3596 2483/3430/3600 3561/3431/3601 2505/3427/3597
f 737/3432/3602 2498/3404/3574 3056/2157/2010 1726/2190/2043
f 737/3432/3602 1726/2190/2043 3553/2141/1994 2507/3433/3603
f 737/3432/3602 2507/3433/3603 3617/3434/3604 2430/3435/3605
f 737/3432/3602 2430/3435/3605 3555/3405/3575 2498/3404/3574
f 738/3436/3606 2508/3437/3607 3515/2200/2053 1800/2199/2052
f 738/3436/3606 1800/2199/2052 3513/2167/2020 2509/3438/3608
f 738/3436/3606 2509/3438/3608 3577/3439/3609 2446/3440/3610
f 738/3436/3606 2446/3440/3610 3579/3441/3611 2508/3437/3607
f 739/3442/3612 2510/3443/3613 3539/2059/1912 1815/2058/1911
f 739/3442/3612 1815/2058/1911 3537/2057/1910 2511/3444/3614
f 739/3442/3612 2511/3444/3614 3601/3445/3615 2461/3446/3616
f 739/3442/3612 2461/3446/3616 3603/3447/3617 2510/3443/3613
f 740/3448/3618 2512/3449/3619 3550/2183/2036 1793/2182/2035
f 740/3448/3618 1793/2182/2035 3552/2181/2034 2513/3450/3620
f 740/3448/3618 2513/3450/3620 3616/3451/3621 2439/3452/3622
f 740/3448/3618 2439/3452/3622 3614/3453/3623 2512/3449/3619
f 741/3454/3624 2514/3455/3625 3531/2264/2117 1830/2279/2132
f 741/3454/3624 1830/2279/2132 3529/2218/2071 2515/3456/3626
f 741/3454/3624 2515/3456/3626 3593/3457/3627 2476/3458/3628
f 741/3454/3624 2476/3458/3628 3595/3459/3629 2514/3455/3625
f 742/3460/3630 2516/3461/3631 3524/2186/2039 1845/2214/2067
f 742/3460/3630 1845/2214/2067 3526/2213/2066 2517/3462/3632
f 742/3460/3630 2517/3462/3632 3590/3463/3633 2491/3464/3634
f 742/3460/3630 2491/3464/3634 3588/3465/3635 2516/3461/3631
f 743/3466/3636 2518/3467/3637 3511/2117/1970 1808/2116/1969
f 743/3466/3636 1808/2116/1969 3509/2115/1968 2519/3468/3638
f 743/3466/3636 2519/3468/3638 3573/3469/3639 2454/3470/3640
f 743/3466/3636 2454/3470/3640 3575/3471/3641 2518/3467/3637
f 744/3472/3642 2520/3473/3643 3522/2148/2001 1786/2187/2040
f 744/3472/3642 1786/2187/2040 3524/2186/2039 2516/3461/3631
f 744/3472/3642 2516/3461/3631 3588/3465/3635 2432/3474/3644
f 744/3472/3642 2432/3474/3644 3586/3475/3645 2520/3473/3643
f 745/3476/3646 2521/3477/3647 3523/2065/1918 1490/2064/1917
f 745/3476/3646 1490/2064/1917 3521/2063/1916 2522/3478/3648
f 745/3476/3646 2522/3478/3648 3585/3479/3649 2429/3480/3605
f 745/3476/3646 2429/3480/3605 3587/3481/3650 2521/3477/3647
f 746/3482/3651 2523/3483/3652 3535/2259/2112 1823/2283/2136
f 746/3482/3651 1823/2283/2136 3533/2266/2119 2524/3484/3653
f 746/3482/3651 2524/3484/3653 3597/3485/3654 2469/3486/3655
f 746/3482/3651 2469/3486/3655 3599/3487/3656 2523/3483/3652
f 747/3488/3657 2525/3489/3658 3527/2163/2016 1838/2162/2015
f 747/3488/3657 1838/2162/2015 3525/2121/1974 2526/3490/3659
f 747/3488/3657 2526/3490/3659 3589/3491/3660 2484/3492/3661
f 747/3488/3657 2484/3492/3661 3591/3493/3662 2525/3489/3658
f 748/3494/3663 2527/3495/3664 3546/2109/1962 1801/2153/2006
f 748/3494/3663 1801/2153/2006 3548/2152/2005 2528/3496/3665
f 748/3494/3663 2528/3496/3665 3612/3497/3666 2447/3498/3667
f 748/3494/3663 2447/3498/3667 3610/3499/3668 2527/3495/3664
f 749/3500/3669 2529/3501/3670 3507/2289/2142 1816/2288/2141
f 749/3500/3669 1816/2288/2141 3505/2273/2126 2530/3502/3671
f 749/3500/3669 2530/3502/3671 3569/3503/3672 2462/3504/3673
f 749/3500/3669 2462/3504/3673 3571/3505/3674 2529/3501/3670
f 750/3506/3675 2531/3507/3676 3518/2095/1948 1794/2094/1947
f 750/3506/3675 1794/2094/1947 3520/2093/1946 2532/3508/3677
f 750/3506/3675 2532/3508/3677 3584/3509/3678 2440/3510/3679
f 750/3506/3675 2440/3510/3679 3582/3511/3680 2531/3507/3676
f 751/3512/3681 2533/3513/3682 3500/2207/2060 1831/2230/2083
f 751/3512/3681 1831/2230/2083 3502/2229/2082 2534/3514/3683
f 751/3512/3681 2534/3514/3683 3566/3515/3684 2477/3516/3685
f 751/3512/3681 2477/3516/3685 3564/3517/3686 2533/3513/3682
f 752/3518/3687 2502/3416/3586 3174/2248/2101 1846/2247/2100
f 752/3518/3687 1846/2247/2100 3494/2127/1980 2535/3519/3688
f 752/3518/3687 2535/3519/3688 3558/3520/3689 2492/3521/3690
f 752/3518/3687 2492/3521/3690 3556/3417/3587 2502/3416/3586
f 753/3522/3691 2536/3523/3692 3542/2244/2097 1809/2243/2096
f 753/3522/3691 1809/2243/2096 3544/2111/1964 2537/3524/3693
f 753/3522/3691 2537/3524/3693 3608/3525/3694 2455/3526/3695
f 753/3522/3691 2455/3526/3695 3606/3527/3696 2536/3523/3692
f 754/3528/3697 2507/3433/3603 3553/2141/1994 1787/2140/1993
f 754/3528/3697 1787/2140/1993 3551/2083/1936 2538/3529/3698
f 754/3528/3697 2538/3529/3698 3615/3530/3699 2433/3531/3700
f 754/3528/3697 2433/3531/3700 3617/3434/3604 2507/3433/3603
f 755/3532/3701 2539/3533/3702 3503/2196/2049 1824/2195/2048
f 755/3532/3701 1824/2195/2048 3501/2137/1990 2495/3397/3567
f 755/3532/3701 2495/3397/3567 3565/3401/3571 2470/3534/3570
f 755/3532/3701 2470/3534/3570 3567/3535/3703 2539/3533/3702
f 756/3536/3704 2540/3537/3705 3496/2125/1978 1839/2177/2030
f 756/3536/3704 1839/2177/2030 3498/2176/2029 2541/3538/3706
f 756/3536/3704 2541/3538/3706 3562/3539/3707 2485/3540/3708
f 756/3536/3704 2485/3540/3708 3560/3541/3709 2540/3537/3705
f 757/3542/3710 2542/3543/3711 3514/2255/2108 1802/2299/2152
f 757/3542/3710 1802/2299/2152 3516/2297/2150 2543/3544/3712
f 757/3542/3710 2543/3544/3712 3580/3545/3713 2448/3546/3714
f 757/3542/3710 2448/3546/3714 3578/3547/3715 2542/3543/3711
f 758/3548/3716 2544/3549/3717 3538/2104/1957 1817/2145/1998
f 758/3548/3716 1817/2145/1998 3540/2144/1997 2545/3550/3718
f 758/3548/3716 2545/3550/3718 3604/3551/3719 2463/3552/3720
f 758/3548/3716 2463/3552/3720 3602/3553/3721 2544/3549/3717
f 759/3554/3722 2546/3555/3723 3530/2053/1906 1832/2052/1905
f 759/3554/3722 1832/2052/1905 3532/2051/1904 2547/3556/3724
f 759/3554/3722 2547/3556/3724 3596/3557/3725 2478/3558/3726
f 759/3554/3722 2478/3558/3726 3594/3559/3727 2546/3555/3723
f 760/3560/3728 2548/3561/3729 3549/2081/1934 1795/2133/1986
f 760/3560/3728 1795/2133/1986 3547/2071/1924 2549/3562/3730
f 760/3560/3728 2549/3562/3730 3611/3563/3731 2441/3564/3732
f 760/3560/3728 2441/3564/3732 3613/3565/3733 2548/3561/3729
f 761/3566/3734 2550/3567/3735 3510/2130/1983 1810/2204/2057
f 761/3566/3734 1810/2204/2057 3512/2203/2056 2551/3568/3736
f 761/3566/3734 2551/3568/3736 3576/3569/3737 2456/3570/3738
f 761/3566/3734 2456/3570/3738 3574/3571/3739 2550/3567/3735
f 762/3572/3740 2552/3573/3741 3534/2089/1942 1825/2088/1941
f 762/3572/3740 1825/2088/1941 3536/2087/1940 2553/3574/3742
f 762/3572/3740 2553/3574/3742 3600/3575/3743 2471/3576/3744
f 762/3572/3740 2471/3576/3744 3598/3577/3745 2552/3573/3741
f 763/3578/3746 2522/3478/3648 3521/2063/1916 1788/2285/2138
f 763/3578/3746 1788/2285/2138 3519/2252/2105 2493/3391/3561
f 763/3578/3746 2493/3391/3561 3583/3395/3565 2434/3579/3747
f 763/3578/3746 2434/3579/3747 3585/3479/3649 2522/3478/3648
f 764/3580/3748 2517/3462/3632 3526/2213/2066 1840/2238/2091
f 764/3580/3748 1840/2238/2091 3528/2237/2090 2554/3581/3749
f 764/3580/3748 2554/3581/3749 3592/3582/3750 2486/3583/3751
f 764/3580/3748 2486/3583/3751 3590/3463/3633 2517/3462/3632
f 765/3584/3752 2555/3585/3753 3545/2069/1922 1803/2301/2154
f 765/3584/3752 1803/2301/2154 3543/2173/2026 2499/3409/3579
f 765/3584/3752 2499/3409/3579 3607/3413/3583 2449/3586/3754
f 765/3584/3752 2449/3586/3754 3609/3587/3755 2555/3585/3753
f 766/3588/3756 2504/3422/3592 3506/2101/1954 1818/2100/1953
f 766/3588/3756 1818/2100/1953 3508/2099/1952 2556/3589/3757
f 766/3588/3756 2556/3589/3757 3572/3590/3758 2464/3591/3759
f 766/3588/3756 2464/3591/3759 3570/3423/3593 2504/3422/3592
f 767/3592/3760 2494/3392/3562 3517/2222/2075 1796/2221/2074
f 767/3592/3760 1796/2221/2074 3515/2200/2053 2508/3437/3607
f 767/3592/3760 2508/3437/3607 3579/3441/3611 2442/3593/3761
f 767/3592/3760 2442/3593/3761 3581/3393/3563 2494/3392/3562
f 768/3594/3762 2496/3398/3568 3499/2077/1930 1833/2076/1929
f 768/3594/3762 1833/2076/1929 3497/2075/1928 2505/3427/3597
f 768/3594/3762 2505/3427/3597 3561/3431/3601 2479/3595/3763
f 768/3594/3762 2479/3595/3763 3563/3399/3569 2496/3398/3568
f 769/3596/3764 2500/3410/3580 3541/2171/2024 1811/2192/2045
f 769/3596/3764 1811/2192/2045 3539/2059/1912 2510/3443/3613
f 769/3596/3764 2510/3443/3613 3603/3447/3617 2457/3597/3765
f 769/3596/3764 2457/3597/3765 3605/3411/3581 2500/3410/3580
f 770/3598/3766 2513/3450/3620 3552/2181/2034 1789/2226/2079
f 770/3598/3766 1789/2226/2079 3554/2225/2078 2501/3415/3585
f 770/3598/3766 2501/3415/3585 3618/3419/3589 2435/3599/3767
f 770/3598/3766 2435/3599/3767 3616/3451/3621 2513/3450/3620
f 771/3600/3768 2534/3514/3683 3502/2229/2082 1826/2281/2134
f 771/3600/3768 1826/2281/2134 3504/2234/2087 2503/3421/3591
f 771/3600/3768 2503/3421/3591 3568/3425/3595 2472/3601/3769
f 771/3600/3768 2472/3601/3769 3566/3515/3684 2534/3514/3683
f 772/3602/3770 2506/3428/3598 3495/2277/2130 1841/2276/2129
f 772/3602/3770 1841/2276/2129 3493/2159/2012 2497/3403/3573
f 772/3602/3770 2497/3403/3573 3557/3407/3577 2487/3603/3771
f 772/3602/3770 2487/3603/3771 3559/3429/3599 2506/3428/3598
f 773/3604/3772 2509/3438/3608 3513/2167/2020 1804/2166/2019
f 773/3604/3772 1804/2166/2019 3511/2117/1970 2518/3467/3637
f 773/3604/3772 2518/3467/3637 3575/3471/3641 2450/3605/3773
f 773/3604/3772 2450/3605/3773 3577/3439/3609 2509/3438/3608
f 774/3606/3774 2511/3444/3614 3537/2057/1910 1819/2260/2113
f 774/3606/3774 1819/2260/2113 3535/2259/2112 2523/3483/3652
f 774/3606/3774 2523/3483/3652 3599/3487/3656 2465/3607/3775
f 774/3606/3774 2465/3607/3775 3601/3445/3615 2511/3444/3614
f 775/3608/3776 2528/3496/3665 3548/2152/2005 1797/2210/2063
f 775/3608/3776 1797/2210/2063 3550/2183/2036 2512/3449/3619
f 775/3608/3776 2512/3449/3619 3614/3453/3623 2443/3609/3777
f 775/3608/3776 2443/3609/3777 3612/3497/3666 2528/3496/3665
f 776/3610/3778 2515/3456/3626 3529/2218/2071 1834/2217/2070
f 776/3610/3778 1834/2217/2070 3527/2163/2016 2525/3489/3658
f 776/3610/3778 2525/3489/3658 3591/3493/3662 2480/3611/3779
f 776/3610/3778 2480/3611/3779 3593/3457/3627 2515/3456/3626
f 777/3612/3780 2519/3468/3638 3509/2115/1968 1812/2323/2176
f 777/3612/3780 1812/2323/2176 3507/2289/2142 2529/3501/3670
f 777/3612/3780 2529/3501/3670 3571/3505/3674 2458/3613/3781
f 777/3612/3780 2458/3613/3781 3573/3469/3639 2519/3468/3638
f 778/3614/3782 2532/3508/3677 3520/2093/1946 1790/2149/2002
f 778/3614/3782 1790/2149/2002 3522/2148/2001 2520/3473/3643
f 778/3614/3782 2520/3473/3643 3586/3475/3645 2436/3615/3783
f 778/3614/3782 2436/3615/3783 3584/3509/3678 2532/3508/3677
f 779/3616/3784 2524/3484/3653 3533/2266/2119 1827/2265/2118
f 779/3616/3784 1827/2265/2118 3531/2264/2117 2514/3455/3625
f 779/3616/3784 2514/3455/3625 3595/3459/3629 2473/3617/3785
f 779/3616/3784 2473/3617/3785 3597/3485/3654 2524/3484/3653
f 780/3618/3786 2526/3490/3659 3525/2121/1974 1842/2120/1973
f 780/3618/3786 1842/2120/1973 3523/2065/1918 2521/3477/3647
f 780/3618/3786 2521/3477/3647 3587/3481/3650 2488/3619/3787
f 780/3618/3786 2488/3619/3787 3589/3491/3660 2526/3490/3659
f 781/3620/3788 2537/3524/3693 3544/2111/1964 1805/2110/1963
f 781/3620/3788 1805/2110/1963 3546/2109/1962 2527/3495/3664
f 781/3620/3788 2527/3495/3664 3610/3499/3668 2451/3621/3589
f 781/3620/3788 2451/3621/3589 3608/3525/3694 2537/3524/3693
f 782/3622/3789 2530/3502/3671 3505/2273/2126 1820/2272/2125
f 782/3622/3789 1820/2272/2125 3503/2196/2049 2539/3533/3702
f 782/3622/3789 2539/3533/3702 3567/3535/3703 2466/3623/3790
f 782/3622/3789 2466/3623/3790 3569/3503/3672 2530/3502/3671
f 783/3624/3791 2541/3538/3706 3498/2176/2029 1835/2208/2061
f 783/3624/3791 1835/2208/2061 3500/2207/2060 2533/3513/3682
f 783/3624/3791 2533/3513/3682 3564/3517/3686 2481/3625/3792
f 783/3624/3791 2481/3625/3792 3562/3539/3707 2541/3538/3706
f 784/3626/3793 2543/3544/3712 3516/2297/2150 1798/2296/2149
f 784/3626/3793 1798/2296/2149 3518/2095/1948 2531/3507/3676
f 784/3626/3793 2531/3507/3676 3582/3511/3680 2444/3627/3794
f 784/3626/3793 2444/3627/3794 3580/3545/3713 2543/3544/3712
f 785/3628/3795 2545/3550/3718 3540/2144/1997 1813/2293/2146
f 785/3628/3795 1813/2293/2146 3542/2244/2097 2536/3523/3692
f 785/3628/3795 2536/3523/3692 3606/3527/3696 2459/3629/3796
f 785/3628/3795 2459/3629/3796 3604/3551/3719 2545/3550/3718
f 786/3630/3797 2538/3529/3698 3551/2083/1936 1791/2082/1935
f 786/3630/3797 1791/2082/1935 3549/2081/1934 2548/3561/3729
f 786/3630/3797 2548/3561/3729 3613/3565/3733 2437/3631/3564
f 786/3630/3797 2437/3631/3564 3615/3530/3699 2538/3529/3698
f 787/3632/3798 2547/3556/3724 3532/2051/1904 1828/2240/2093
f 787/3632/3798 1828/2240/2093 3534/2089/1942 2552/3573/3741
f 787/3632/3798 2552/3573/3741 3598/3577/3745 2474/3633/3799
f 787/3632/3798 2474/3633/3799 3596/3557/3725 2547/3556/3724
f 788/3634/3800 2535/3519/3688 3494/2127/1980 1843/2126/1979
f 788/3634/3800 1843/2126/1979 3496/2125/1978 2540/3537/3705
f 788/3634/3800 2540/3537/3705 3560/3541/3709 2489/3635/3801
f 788/3634/3800 2489/3635/3801 3558/3520/3689 2535/3519/3688
f 789/3636/3802 2551/3568/3736 3512/2203/2056 1806/2256/2109
f 789/3636/3802 1806/2256/2109 3514/2255/2108 2542/3543/3711
f 789/3636/3802 2542/3543/3711 3578/3547/3715 2452/3637/3803
f 789/3636/3802 2452/3637/3803 3576/3569/3737 2551/3568/3736
f 790/3638/3804 2553/3574/3742 3536/2087/1940 1821/2105/1958
f 790/3638/3804 1821/2105/1958 3538/2104/1957 2544/3549/3717
f 790/3638/3804 2544/3549/3717 3602/3553/3721 2467/3639/3805
f 790/3638/3804 2467/3639/3805 3600/3575/3743 2553/3574/3742
f 791/3640/3806 2554/3581/3749 3528/2237/2090 1836/2291/2144
f 791/3640/3806 1836/2291/2144 3530/2053/1906 2546/3555/3723
f 791/3640/3806 2546/3555/3723 3594/3559/3727 2482/3641/3807
f 791/3640/3806 2482/3641/3807 3592/3582/3750 2554/3581/3749
f 792/3642/3808 2549/3562/3730 3547/2071/1924 1799/2070/1923
f 792/3642/3808 1799/2070/1923 3545/2069/1922 2555/3585/3753
f 792/3642/3808 2555/3585/3753 3609/3587/3755 2445/3643/3809
f 792/3642/3808 2445/3643/3809 3611/3563/3731 2549/3562/3730
f 793/3644/3810 2556/3589/3757 3508/2099/1952 1814/2131/1984
f 793/3644/3810 1814/2131/1984 3510/2130/1983 2550/3567/3735
f 793/3644/3810 2550/3567/3735 3574/3571/3739 2460/3645/3811
f 793/3644/3810 2460/3645/3811 3572/3590/3758 2556/3589/3757
f 794/3646/3605 2488/3619/3787 3587/3481/3650 2429/3480/3605
f 794/3646/3605 2429/3480/3605 3585/3479/3649 2434/3579/3747
f 794/3646/3605 2434/3579/3747 3583/3395/3565 2438/3394/3564
f 794/3646/3605 2438/3394/3564 3581/3393/3563 2442/3593/3761
f 794/3646/3605 2442/3593/3761 3579/3441/3611 2446/3440/3610
f 794/3646/3605 2446/3440/3610 3577/3439/3609 2450/3605/3773
f 794/3646/3605 2450/3605/3773 3575/3471/3641 2454/3470/3640
f 794/3646/3605 2454/3470/3640 3573/3469/3639 2458/3613/3781
f 794/3646/3605 2458/3613/3781 3571/3505/3674 2462/3504/3673
f 794/3646/3605 2462/3504/3673 3569/3503/3672 2466/3623/3790
f 794/3646/3605 2466/3623/3790 3567/3535/3703 2470/3534/3570
f 794/3646/3605 2470/3534/3570 3565/3401/3571 2475/3400/3570
f 794/3646/3605 2475/3400/3570 3563/3399/3569 2479/3595/3763
f 794/3646/3605 2479/3595/3763 3561/3431/3601 2483/3430/3600
f 794/3646/3605 2483/3430/3600 3559/3429/3599 2487/3603/3771
f 794/3646/3605 2487/3603/3771 3557/3407/3577 2490/3406/3576
f 794/3646/3605 2490/3406/3576 3555/3405/3575 2430/3435/3605
f 794/3646/3605 2430/3435/3605 3617/3434/3604 2433/3531/3700
f 794/3646/3605 2433/3531/3700 3615/3530/3699 2437/3631/3564
f 794/3646/3605 2437/3631/3564 3613/3565/3733 2441/3564/3732
f 794/3646/3605 2441/3564/3732 3611/3563/3731 2445/3643/3809
f 794/3646/3605 2445/3643/3809 3609/3587/3755 2449/3586/3754
f 794/3646/3605 2449/3586/3754 3607/3413/3583 2453/3412/3582
f 794/3646/3605 2453/3412/3582 3605/3411/3581 2457/3597/3765
f 794/3646/3605 2457/3597/3765 3603/3447/3617 2461/3446/3616
f 794/3646/3605 2461/3446/3616 3601/3445/3615 2465/3607/3775
f 794/3646/3605 2465/3607/3775 3599/3487/3656 2469/3486/3655
f 794/3646/3605 2469/3486/3655 3597/3485/3654 2473/3617/3785
f 794/3646/3605 2473/3617/3785 3595/3459/3629 2476/3458/3628
f 794/3646/3605 2476/3458/3628 3593/3457/3627 2480/3611/3779
f 794/3646/3605 2480/3611/3779 3591/3493/3662 2484/3492/3661
f 794/3646/3605 2484/3492/3661 3589/3491/3660 2488/3619/3787
f 795/3647/3812 2435/3599/3767 3618/3419/3589 2431/3418/3588
f 795/3647/3812 2431/3418/3588 3556/3417/3587 2492/3521/3690
f 795/3647/3812 2492/3521/3690 3558/3520/3689 2489/3635/3801
f 795/3647/3812 2489/3635/3801 3560/3541/3709 2485/3540/3708
f 795/3647/3812 2485/3540/3708 3562/3539/3707 2481/3625/3792
f 795/3647/3812 2481/3625/3792 3564/3517/3686 2477/3516/3685
f 795/3647/3812 2477/3516/3685 3566/3515/3684 2472/3601/3769
f 795/3647/3812 2472/3601/3769 3568/3425/3595 2468/3424/3594
f 795/3647/3812 2468/3424/3594 3570/3423/3593 2464/3591/3759
f 795/3647/3812 2464/3591/3759 3572/3590/3758 2460/3645/3811
f 795/3647/3812 2460/3645/3811 3574/3571/3739 2456/3570/3738
f 795/3647/3812 2456/3570/3738 3576/3569/3737 2452/3637/3803
f 795/3647/3812 2452/3637/3803 3578/3547/3715 2448/3546/3714
f 795/3647/3812 2448/3546/3714 3580/3545/3713 2444/3627/3794
f 795/3647/3812 2444/3627/3794 3582/3511/3680 2440/3510/3679
f 795/3647/3812 2440/3510/3679 3584/3509/3678 2436/3615/3783
f 795/3647/3812 2436/3615/3783 3586/3475/3645 2432/3474/3644
f 795/3647/3812 2432/3474/3644 3588/3465/3635 2491/3464/3634
f 795/3647/3812 2491/3464/3634 3590/3463/3633 2486/3583/3751
f 795/3647/3812 2486/3583/3751 3592/3582/3750 2482/3641/3807
f 795/3647/3812 2482/3641/3807 3594/3559/3727 2478/3558/3726
f 795/3647/3812 2478/3558/3726 3596/3557/3725 2474/3633/3799
f 795/3647/3812 2474/3633/3799 3598/3577/3745 2471/3576/3744
f 795/3647/3812 2471/3576/3744 3600/3575/3743 2467/3639/3805
f 795/3647/3812 2467/3639/3805 3602/3553/3721 2463/3552/3720
f 795/3647/3812 2463/3552/3720 3604/3551/3719 2459/3629/3796
f 795/3647/3812 2459/3629/3796 3606/3527/3696 2455/3526/3695
f 795/3647/3812 2455/3526/3695 3608/3525/3694 2451/3621/3589
f 795/3647/3812 2451/3621/3589 3610/3499/3668 2447/3498/3667
f 795/3647/3812 2447/3498/3667 3612/3497/3666 2443/3609/3777
f 795/3647/3812 2443/3609/3777 3614/3453/3623 2439/3452/3622
f 795/3647/3812 2439/3452/3622 3616/3451/3621 2435/3599/3767
f 796/3648/3813 2122/3649/3814 3302/2501/2417 1973/2517/2438
f 796/3648/3813 1973/2517/2438 3309/2482/2389 2565/3650/3815
f 796/3648/3813 2565/3650/3815 3627/3651/3445 2581/3652/3558
f 796/3648/3813 2581/3652/3558 3619/3653/3429 2122/3649/3814
f 797/3654/3816 2128/3655/3817 3286/2491/2403 1951/2527/2452
f 797/3654/3816 1951/2527/2452 3290/2526/2451 2566/3656/3818
f 797/3654/3816 2566/3656/3818 3628/3657/3544 2582/3658/3555
f 797/3654/3816 2582/3658/3555 3620/3659/3438 2128/3655/3817
f 798/3660/3819 2130/3661/3820 3304/2533/2460 1966/2532/2459
f 798/3660/3819 1966/2532/2459 3303/2401/2275 2567/3662/3821
f 798/3660/3819 2567/3662/3821 3629/3663/3499 2583/3664/3552
f 798/3660/3819 2583/3664/3552 3621/3665/3537 2130/3661/3820
f 799/3666/3822 2138/3667/3823 3296/2513/2433 1959/2544/2476
f 799/3666/3822 1959/2544/2476 3297/2543/2475 2568/3668/3824
f 799/3666/3822 2568/3668/3824 3630/3669/3535 2584/3670/3549
f 799/3666/3822 2584/3670/3549 3622/3671/3420 2138/3667/3823
f 800/3672/3825 2566/3656/3818 3290/3673/2451 1952/2554/2490
f 800/3672/3825 1952/2554/2490 3291/2553/2489 2569/3674/3826
f 800/3672/3825 2569/3674/3826 3631/3675/3526 2585/3676/3545
f 800/3672/3825 2585/3676/3545 3628/3657/3544 2566/3656/3818
f 801/3677/3827 2568/3668/3824 3297/2543/2475 1967/2560/2499
f 801/3677/3827 1967/2560/2499 3304/2533/2460 2130/3661/3820
f 801/3677/3827 2130/3661/3820 3621/3665/3537 2586/3678/3536
f 801/3677/3827 2586/3678/3536 3630/3669/3535 2568/3668/3824
f 802/3679/3828 2147/3680/3829 3299/2366/2225 1960/2571/2514
f 802/3679/3828 1960/2571/2514 3298/2445/2337 2570/3681/3830
f 802/3679/3828 2570/3681/3830 3632/3682/3475 2587/3683/3531
f 802/3679/3828 2587/3683/3531 3623/3684/3516 2147/3680/3829
f 803/3685/3831 2569/3674/3826 3291/2553/2489 1953/2576/2521
f 803/3685/3831 1953/2576/2521 3292/2368/2227 2571/3686/3832
f 803/3685/3831 2571/3686/3832 3633/3687/3514 2588/3688/3527
f 803/3685/3831 2588/3688/3527 3631/3675/3526 2569/3674/3826
f 804/3689/3833 2155/3690/3834 3308/2480/2387 1968/2580/2527
f 804/3689/3833 1968/2580/2527 3289/2389/2257 2572/3691/3835
f 804/3689/3833 2572/3691/3835 3634/3692/3505 2589/3693/3522
f 804/3689/3833 2589/3693/3522 3624/3694/3447 2155/3690/3834
f 805/3695/3836 2571/3686/3832 3292/2368/2227 1961/2367/2226
f 805/3695/3836 1961/2367/2226 3299/2366/2225 2147/3680/3829
f 805/3695/3836 2147/3680/3829 3623/3684/3516 2590/3696/3515
f 805/3695/3836 2590/3696/3515 3633/3687/3514 2571/3686/3832
f 806/3697/3837 2161/3698/3838 3294/2383/2248 1954/2382/2247
f 806/3697/3837 1954/2382/2247 3293/2381/2246 2573/3699/3839
f 806/3697/3837 2573/3699/3839 3635/3700/3436 2591/3701/3510
f 806/3697/3837 2591/3701/3510 3625/3702/3493 2161/3698/3838
f 807/3703/3840 2572/3691/3835 3289/2389/2257 1969/2388/2256
f 807/3703/3840 1969/2388/2256 3305/2387/2255 2574/3704/3841
f 807/3703/3840 2574/3704/3841 3636/3705/3487 2592/3706/3506
f 807/3703/3840 2592/3706/3506 3634/3692/3505 2572/3691/3835
f 808/3707/3842 2567/3662/3821 3303/2401/2275 1962/2400/2274
f 808/3707/3842 1962/2400/2274 3288/2399/2273 2575/3708/3843
f 808/3707/3842 2575/3708/3843 3637/3709/3481 2593/3710/3500
f 808/3707/3842 2593/3710/3500 3629/3663/3499 2567/3662/3821
f 809/3711/3844 2171/3712/3845 3307/2414/2293 1955/2413/2292
f 809/3711/3844 1955/2413/2292 3294/2383/2248 2161/3698/3838
f 809/3711/3844 2161/3698/3838 3625/3702/3493 2594/3713/3492
f 809/3711/3844 2594/3713/3492 3626/3714/3468 2171/3712/3845
f 810/3715/3846 2574/3704/3841 3305/2387/2255 1970/2418/2300
f 810/3715/3846 1970/2418/2300 3306/2417/2299 2576/3716/3847
f 810/3715/3846 2576/3716/3847 3638/3717/3466 2595/3718/3488
f 810/3715/3846 2595/3718/3488 3636/3705/3487 2574/3704/3841
f 811/3719/3848 2575/3708/3843 3288/2399/2273 1963/2434/2323
f 811/3719/3848 1963/2434/2323 3300/3720/2322 2577/3721/3849
f 811/3719/3848 2577/3721/3849 3639/3722/3460 2596/3723/3482
f 811/3719/3848 2596/3723/3482 3637/3709/3481 2575/3708/3843
f 812/3724/3850 2570/3681/3830 3298/2445/2337 1956/2444/2336
f 812/3724/3850 1956/2444/2336 3287/2443/2335 2578/3725/3851
f 812/3724/3850 2578/3725/3851 3640/3726/3454 2597/3727/3476
f 812/3724/3850 2597/3727/3476 3632/3682/3475 2570/3681/3830
f 813/3728/3852 2576/3716/3847 3306/2417/2299 1971/2447/2341
f 813/3728/3852 1971/2447/2341 3307/2414/2293 2171/3712/3845
f 813/3728/3852 2171/3712/3845 3626/3714/3468 2598/3729/3467
f 813/3728/3852 2598/3729/3467 3638/3717/3466 2576/3716/3847
f 814/3730/3853 2577/3721/3849 3300/2433/2322 1964/2466/2367
f 814/3730/3853 1964/2466/2367 3301/2465/2366 2579/3731/3854
f 814/3730/3853 2579/3731/3854 3641/3732/3427 2599/3733/3461
f 814/3730/3853 2599/3733/3461 3639/3722/3460 2577/3721/3849
f 815/3734/3855 2578/3725/3851 3287/2443/2335 1957/2476/2381
f 815/3734/3855 1957/2476/2381 3295/2475/2380 2580/3735/3856
f 815/3734/3855 2580/3735/3856 3642/3736/3418 2600/3737/3455
f 815/3734/3855 2600/3737/3455 3640/3726/3454 2578/3725/3851
f 816/3738/3857 2565/3650/3815 3309/2482/2389 1972/2481/2388
f 816/3738/3857 1972/2481/2388 3308/2480/2387 2155/3690/3834
f 816/3738/3857 2155/3690/3834 3624/3694/3447 2601/3739/3446
f 816/3738/3857 2601/3739/3446 3627/3651/3445 2565/3650/3815
f 817/3740/3858 2573/3699/3839 3293/2381/2246 1950/2492/2404
f 817/3740/3858 1950/2492/2404 3286/2491/2403 2128/3655/3817
f 817/3740/3858 2128/3655/3817 3620/3659/3438 2602/3741/3437
f 817/3740/3858 2602/3741/3437 3635/3700/3436 2573/3699/3839
f 818/3742/3859 2579/3731/3854 3301/2465/2366 1965/2502/2418
f 818/3742/3859 1965/2502/2418 3302/2501/2417 2122/3649/3814
f 818/3742/3859 2122/3649/3814 3619/3653/3429 2603/3743/3428
f 818/3742/3859 2603/3743/3428 3641/3732/3427 2579/3731/3854
f 819/3744/3860 2580/3735/3856 3295/2475/2380 1958/2514/2434
f 819/3744/3860 1958/2514/2434 3296/2513/2433 2138/3667/3823
f 819/3744/3860 2138/3667/3823 3622/3671/3420 2604/3745/3419
f 819/3744/3860 2604/3745/3419 3642/3736/3418 2580/3735/3856
f 820/3746/3861 2124/3747/3862 3281/3748/3863 1947/3749/3864
f 820/3746/3861 1947/3749/3864 3280/3750/3865 2613/3751/3866
f 820/3746/3861 2613/3751/3866 3651/3752/3364 2620/3753/3414
f 820/3746/3861 2620/3753/3414 3643/3754/3402 2124/3747/3862
f 821/3755/3867 2149/3756/3868 3284/3757/3869 1948/3758/3870
f 821/3755/3867 1948/3758/3870 3278/3759/3871 2615/3760/3872
f 821/3755/3867 2615/3760/3872 3656/3761/3370 2626/3762/3387
f 821/3755/3867 2626/3762/3387 3647/3763/3298 2149/3756/3868
f 822/3764/3873 2615/3760/3872 3278/3765/3871 1949/3766/3874
f 822/3764/3873 1949/3766/3874 3282/3767/3875 2617/3768/3876
f 822/3764/3873 2617/3768/3876 3658/3769/3349 2629/3770/3371
f 822/3764/3873 2629/3770/3371 3656/3761/3370 2615/3760/3872
f 823/3771/3877 2614/3772/3878 3279/3773/3879 1946/3774/3880
f 823/3771/3877 1946/3774/3880 3277/3775/3881 2618/3776/3882
f 823/3771/3877 2618/3776/3882 3662/3777/3304 2635/3778/3332
f 823/3771/3877 2635/3778/3332 3654/3779/3331 2614/3772/3878
f 824/3780/3883 2126/3781/3884 3324/2507/2425 1988/2539/2469
f 824/3780/3883 1988/2539/2469 3325/2538/2468 2652/3782/3885
f 824/3780/3883 2652/3782/3885 3675/3783/3256 2668/3784/3270
f 824/3780/3883 2668/3784/3270 3667/3785/3150 2126/3781/3884
f 825/3786/3886 2133/3787/3887 3311/2522/2445 1981/2550/2484
f 825/3786/3886 1981/2550/2484 3319/2549/2483 2653/3788/3888
f 825/3786/3886 2653/3788/3888 3676/3789/3250 2669/3790/3267
f 825/3786/3886 2669/3790/3267 3668/3791/3141 2133/3787/3887
f 826/3792/3889 2136/3793/3890 3333/2558/2495 1996/2557/2494
f 826/3792/3889 1996/2557/2494 3332/2428/2314 2654/3794/3891
f 826/3792/3889 2654/3794/3891 3677/3795/3196 2670/3796/3264
f 826/3792/3889 2670/3796/3264 3669/3797/3243 2136/3793/3890
f 827/3798/3892 2140/3799/3893 3317/2454/2350 1974/2563/2503
f 827/3798/3892 1974/2563/2503 3310/2356/2209 2655/3800/3894
f 827/3798/3892 2655/3800/3894 3678/3801/3235 2671/3802/3261
f 827/3798/3892 2671/3802/3261 3670/3803/3181 2140/3799/3893
f 828/3804/3895 2652/3782/3885 3325/2538/2468 1989/2568/2510
f 828/3804/3895 1989/2568/2510 3326/2567/2509 2656/3805/3896
f 828/3804/3895 2656/3805/3896 3679/3806/3241 2672/3807/3257
f 828/3804/3895 2672/3807/3257 3675/3783/3256 2652/3782/3885
f 829/3808/3897 2653/3788/3888 3319/2549/2483 1982/2574/2518
f 829/3808/3897 1982/2574/2518 3320/2374/2236 2657/3809/3898
f 829/3808/3897 2657/3809/3898 3680/3810/3226 2673/3811/3251
f 829/3808/3897 2673/3811/3251 3676/3789/3250 2653/3788/3888
f 830/3812/3899 2656/3805/3896 3326/2567/2509 1997/2578/2524
f 830/3812/3899 1997/2578/2524 3333/2558/2495 2136/3793/3890
f 830/3812/3899 2136/3793/3890 3669/3797/3243 2674/3813/3242
f 830/3812/3899 2674/3813/3242 3679/3806/3241 2656/3805/3896
f 831/3814/3900 2655/3800/3894 3310/3815/2209 1975/2355/2208
f 831/3814/3900 1975/2355/2208 3314/2354/2207 2658/3816/3901
f 831/3814/3900 2658/3816/3901 3681/3817/3220 2675/3818/3236
f 831/3814/3900 2675/3818/3236 3678/3801/3235 2655/3800/3894
f 832/3819/3902 2152/3820/3903 3328/2362/2218 1990/2361/2217
f 832/3819/3902 1990/2361/2217 3327/2360/2216 2659/3821/3904
f 832/3819/3902 2659/3821/3904 3682/3822/3169 2676/3823/3231
f 832/3819/3902 2676/3823/3231 3671/3824/3213 2152/3820/3903
f 833/3825/3905 2657/3809/3898 3320/2374/2236 1983/2373/2235
f 833/3825/3905 1983/2373/2235 3321/2372/2234 2660/3826/3906
f 833/3825/3905 2660/3826/3906 3683/3827/3211 2677/3828/3227
f 833/3825/3905 2677/3828/3227 3680/3810/3226 2657/3809/3898
f 834/3829/3907 2658/3816/3901 3314/2354/2207 1976/2393/2264
f 834/3829/3907 1976/2393/2264 3315/2392/2263 2661/3830/3908
f 834/3829/3907 2661/3830/3908 3684/3831/3202 2678/3832/3221
f 834/3829/3907 2678/3832/3221 3681/3817/3220 2658/3816/3901
f 835/3833/3909 2660/3826/3906 3321/2372/2234 1991/2395/2267
f 835/3833/3909 1991/2395/2267 3328/2362/2218 2152/3820/3903
f 835/3833/3909 2152/3820/3903 3671/3824/3213 2679/3834/3212
f 835/3833/3909 2679/3834/3212 3683/3827/3211 2660/3826/3906
f 836/3835/3910 2165/3836/3911 3323/2409/2286 1984/2408/2285
f 836/3835/3910 1984/2408/2285 3322/2407/2284 2662/3837/3912
f 836/3835/3910 2662/3837/3912 3685/3838/3139 2680/3839/3207
f 836/3835/3910 2680/3839/3207 3672/3840/3189 2165/3836/3911
f 837/3841/3913 2661/3830/3908 3315/2392/2263 1977/2422/2306
f 837/3841/3913 1977/2422/2306 3316/2421/2305 2663/3842/3914
f 837/3841/3913 2663/3842/3914 3686/3843/3187 2681/3844/3203
f 837/3841/3913 2681/3844/3203 3684/3831/3202 2661/3830/3908
f 838/3845/3915 2654/3794/3891 3332/2428/2314 1992/2427/2313
f 838/3845/3915 1992/2427/2313 3313/2426/2312 2664/3846/3916
f 838/3845/3915 2664/3846/3916 3687/3847/3175 2682/3848/3197
f 838/3845/3915 2682/3848/3197 3677/3795/3196 2654/3794/3891
f 839/3849/3917 2663/3842/3914 3316/2421/2305 1985/2436/2326
f 839/3849/3917 1985/2436/2326 3323/2409/2286 2165/3836/3911
f 839/3849/3917 2165/3836/3911 3672/3840/3189 2683/3850/3188
f 839/3849/3917 2683/3850/3188 3686/3843/3187 2663/3842/3914
f 840/3851/3918 2176/3852/3919 3318/2456/2352 1978/2455/2351
f 840/3851/3918 1978/2455/2351 3317/2454/2350 2140/3799/3893
f 840/3851/3918 2140/3799/3893 3670/3803/3181 2684/3853/3180
f 840/3851/3918 2684/3853/3180 3673/3854/3163 2176/3852/3919
f 841/3855/3920 2664/3846/3916 3313/2426/2312 1993/2460/2359
f 841/3855/3920 1993/2460/2359 3329/2459/2358 2665/3856/3921
f 841/3855/3920 2665/3856/3921 3688/3857/3157 2685/3858/3176
f 841/3855/3920 2685/3858/3176 3687/3847/3175 2664/3846/3916
f 842/3859/3922 2659/3821/3904 3327/2360/2216 1986/2470/2373
f 842/3859/3922 1986/2470/2373 3312/3860/2372 2666/3861/3923
f 842/3859/3922 2666/3861/3923 3689/3862/3148 2686/3863/3170
f 842/3859/3922 2686/3863/3170 3682/3822/3169 2659/3821/3904
f 843/3864/3924 2184/3865/3925 3331/2487/2396 1979/2486/2395
f 843/3864/3924 1979/2486/2395 3318/2456/2352 2176/3852/3919
f 843/3864/3924 2176/3852/3919 3673/3854/3163 2687/3866/3162
f 843/3864/3924 2687/3866/3162 3674/3867/3132 2184/3865/3925
f 844/3868/3926 2665/3856/3921 3329/2459/2358 1994/2496/2410
f 844/3868/3926 1994/2496/2410 3330/2495/2409 2667/3869/3927
f 844/3868/3926 2667/3869/3927 3690/3870/3130 2688/3871/3158
f 844/3868/3926 2688/3871/3158 3688/3857/3157 2665/3856/3921
f 845/3872/3928 2666/3861/3923 3312/2469/2372 1987/2508/2426
f 845/3872/3928 1987/2508/2426 3324/2507/2425 2126/3781/3884
f 845/3872/3928 2126/3781/3884 3667/3785/3150 2689/3873/3149
f 845/3872/3928 2689/3873/3149 3689/3862/3148 2666/3861/3923
f 846/3874/3929 2662/3837/3912 3322/2407/2284 1980/2523/2446
f 846/3874/3929 1980/2523/2446 3311/2522/2445 2133/3787/3887
f 846/3874/3929 2133/3787/3887 3668/3791/3141 2690/3875/3140
f 846/3874/3929 2690/3875/3140 3685/3838/3139 2662/3837/3912
f 847/3876/3930 2667/3869/3927 3330/2495/2409 1995/2529/2455
f 847/3876/3930 1995/2529/2455 3331/2487/2396 2184/3865/3925
f 847/3876/3930 2184/3865/3925 3674/3867/3132 2691/3877/3131
f 847/3876/3930 2691/3877/3131 3690/3870/3130 2667/3869/3927
f 3955/3878/3931 3957/3879/3932 3222/1520/1405 1874/1519/1404
f 3955/3878/3931 1874/1519/1404 3207/1518/1403 3956/3880/3933
f 848/3878/3934 2702/3880/3935 3278/3765/3871 1948/3758/3870
f 848/3878/3934 1948/3758/3870 3284/3757/3869 2716/3879/3936
f 3958/3881/3937 3932/3020/3022 3213/3019/3021 1866/3083/3109
f 3958/3881/3937 1866/3083/3109 3212/3082/3108 3959/3882/3938
f 849/3881/3939 2704/3882/3940 3279/3773/3879 2693/3883/3941
f 849/3881/3939 2693/3883/3941 3420/3021/3025 2048/3020/3024
f 3960/3884/3942 3940/3036/3046 3211/1439/1328 1873/3079/3105
f 3960/3884/3942 1873/3079/3105 3218/3078/3104 3961/3885/3943
f 850/3884/3944 2705/3885/3945 3281/3748/3863 2695/3886/3946
f 850/3884/3944 2695/3886/3946 3418/3037/3049 2197/3036/3048
f 3962/3887/3947 3961/3885/3943 3218/3078/3104 1872/3077/3103
f 3962/3887/3947 1872/3077/3103 3217/3076/3102 3963/3888/3948
f 851/3887/3949 2703/3888/3950 3280/3750/3865 1947/3749/3864
f 851/3887/3949 1947/3749/3864 3281/3748/3863 2705/3885/3945
f 3964/3889/3951 3943/3042/3055 3223/1522/1407 1878/1521/1406
f 3964/3889/3951 1878/1521/1406 3222/1520/1405 3957/3879/3932
f 852/3889/3952 2716/3879/3936 3284/3757/3869 2698/3890/3953
f 852/3889/3952 2698/3890/3953 3415/3043/3058 2029/3042/3057
f 3965/3891/3954 3966/3892/3955 3205/1445/1334 1863/1444/1333
f 3965/3891/3954 1863/1444/1333 3209/1443/1332 3946/3047/3063
f 853/3891/3956 2194/3047/3067 3414/3049/3066 2692/3893/3957
f 853/3891/3956 2692/3893/3957 3277/3775/3881 2714/3892/3958
f 3967/3894/3959 3968/3895/3960 3221/3086/3112 1885/3085/3111
f 3967/3894/3959 1885/3085/3111 3228/1477/1366 3952/3063/3085
f 854/3894/3961 2018/3063/3089 3411/3065/3088 2701/3896/3962
f 854/3894/3961 2701/3896/3962 3283/3897/3963 2715/3895/3964
f 3969/3898/3965 3970/3899/3966 3220/3088/3114 1877/3087/3113
f 3969/3898/3965 1877/3087/3113 3221/3086/3112 3968/3895/3960
f 855/3898/3967 2715/3895/3964 3283/3897/3963 2697/3900/3968
f 855/3898/3967 2697/3900/3968 3409/3901/3969 2190/3899/3970
f 3971/3902/3971 3959/3882/3938 3212/3082/3108 1862/3081/3107
f 3971/3902/3971 1862/3081/3107 3205/1445/1334 3966/3892/3955
f 856/3902/3972 2714/3892/3958 3277/3775/3881 1946/3774/3880
f 856/3902/3972 1946/3774/3880 3279/3773/3879 2704/3882/3940
f 3972/3903/3973 3973/3904/3974 3219/3090/3116 1876/3089/3115
f 3972/3903/3973 1876/3089/3115 3220/3088/3114 3970/3899/3966
f 857/3903/3975 2190/3899/3970 3409/3901/3969 2696/3905/3976
f 857/3903/3975 2696/3905/3976 3282/3767/3875 2713/3904/3977
f 3974/3906/3978 3975/3907/3979 3225/2339/2190 1883/2338/2189
f 3974/3906/3978 1883/2338/2189 3226/2337/2188 3933/3017/3019
f 858/3906/3980 2189/3017/3028 3408/3023/3027 2700/3908/3981
f 858/3906/3980 2700/3908/3981 3285/3909/3982 2712/3907/3983
f 3976/3910/3984 3963/3888/3948 3217/3076/3102 1868/3075/3101
f 3976/3910/3984 1868/3075/3101 3206/3068/3092 3954/3067/3091
f 859/3910/3985 2188/3067/3097 3407/3071/3096 2694/3911/3986
f 859/3910/3985 2694/3911/3986 3280/3750/3865 2703/3888/3950
f 3977/3912/3987 3956/3880/3933 3207/1518/1403 1875/3091/3117
f 3977/3912/3987 1875/3091/3117 3219/3090/3116 3973/3904/3974
f 860/3912/3988 2713/3904/3977 3282/3767/3875 1949/3766/3874
f 860/3912/3988 1949/3766/3874 3278/3765/3871 2702/3880/3935
f 3978/3913/3989 3935/3026/3031 3224/2341/2192 1882/2340/2191
f 3978/3913/3989 1882/2340/2191 3225/2339/2190 3975/3907/3979
f 861/3913/3990 2712/3907/3983 3285/3909/3982 2699/3914/3991
f 861/3913/3990 2699/3914/3991 3406/3027/3034 1998/3026/3033
f 862/3915/3992 2706/3916/3993 3417/3039/3051 2202/3038/3050
f 862/3915/3992 2202/3038/3050 3418/3037/3049 2717/3917/3994
f 862/3915/3992 2717/3917/3994 3652/3918/3400 2621/3919/3411
f 862/3915/3992 2621/3919/3411 3644/3920/3285 2706/3916/3993
f 863/3921/3995 2707/3922/3996 3412/3033/3042 2201/3032/3041
f 863/3921/3995 2201/3032/3041 3419/3029/3036 2718/3923/3997
f 863/3921/3995 2718/3923/3997 3653/3924/3391 2622/3925/3408
f 863/3921/3995 2622/3925/3408 3645/3926/3337 2707/3922/3996
f 864/3927/3998 2717/3917/3994 3418/3037/3049 2695/3886/3946
f 864/3927/3998 2695/3886/3946 3281/3748/3863 2124/3747/3862
f 864/3927/3998 2124/3747/3862 3643/3754/3402 2623/3928/3401
f 864/3927/3998 2623/3928/3401 3652/3918/3400 2717/3917/3994
f 865/3929/3999 2708/3930/4000 3420/3021/3025 2693/3883/3941
f 865/3929/3999 2693/3883/3941 3279/3773/3879 2614/3772/3878
f 865/3929/3999 2614/3772/3878 3654/3779/3331 2624/3931/3396
f 865/3929/3999 2624/3931/3396 3646/3932/3382 2708/3930/4000
f 866/3933/4001 2718/3923/3997 3419/3029/3036 2200/3028/3035
f 866/3933/4001 2200/3028/3035 3406/3027/3034 2719/3934/4002
f 866/3933/4001 2719/3934/4002 3655/3935/3376 2625/3936/3392
f 866/3933/4001 2625/3936/3392 3653/3924/3391 2718/3923/3997
f 867/3937/4003 2709/3938/4004 3408/3023/3027 2199/3022/3026
f 867/3937/4003 2199/3022/3026 3420/3021/3025 2708/3930/4000
f 867/3937/4003 2708/3930/4000 3646/3932/3382 2627/3939/3381
f 867/3937/4003 2627/3939/3381 3648/3940/3357 2709/3938/4004
f 868/3941/4005 2719/3934/4002 3406/3027/3034 2699/3914/3991
f 868/3941/4005 2699/3914/3991 3285/3909/3982 2616/3942/4006
f 868/3941/4005 2616/3942/4006 3657/3943/3355 2628/3944/3377
f 868/3941/4005 2628/3944/3377 3655/3935/3376 2719/3934/4002
f 869/3945/4007 2613/3751/3866 3280/3750/3865 2694/3911/3986
f 869/3945/4007 2694/3911/3986 3407/3071/3096 2720/3946/4008
f 869/3945/4007 2720/3946/4008 3659/3947/3343 2630/3948/3365
f 869/3945/4007 2630/3948/3365 3651/3752/3364 2613/3751/3866
f 870/3949/4009 2616/3942/4006 3285/3909/3982 2700/3908/3981
f 870/3949/4009 2700/3908/3981 3408/3023/3027 2709/3938/4004
f 870/3949/4009 2709/3938/4004 3648/3940/3357 2631/3950/3356
f 870/3949/4009 2631/3950/3356 3657/3943/3355 2616/3942/4006
f 871/3951/4010 2617/3768/3876 3282/3767/3875 2696/3905/3976
f 871/3951/4010 2696/3905/3976 3409/3901/3969 2721/3952/4011
f 871/3951/4010 2721/3952/4011 3660/3953/3325 2632/3954/3350
f 871/3951/4010 2632/3954/3350 3658/3769/3349 2617/3768/3876
f 872/3955/4012 2720/3946/4008 3407/3071/3096 2208/3070/3095
f 872/3955/4012 2208/3070/3095 3410/3061/3082 2722/3956/4013
f 872/3955/4012 2722/3956/4013 3661/3957/3319 2633/3958/3344
f 872/3955/4012 2633/3958/3344 3659/3947/3343 2720/3946/4008
f 873/3959/4014 2710/3960/4015 3411/3065/3088 2207/3064/3087
f 873/3959/4014 2207/3064/3087 3412/3033/3042 2707/3922/3996
f 873/3959/4014 2707/3922/3996 3645/3926/3337 2634/3961/3336
f 873/3959/4014 2634/3961/3336 3649/3962/3312 2710/3960/4015
f 874/3963/4016 2721/3952/4011 3409/3901/3969 2697/3900/3968
f 874/3963/4016 2697/3900/3968 3283/3897/3963 2619/3964/4017
f 874/3963/4016 2619/3964/4017 3663/3965/3310 2636/3966/3326
f 874/3963/4016 2636/3966/3326 3660/3953/3325 2721/3952/4011
f 875/3967/4018 2722/3956/4013 3410/3061/3082 2206/3060/3081
f 875/3967/4018 2206/3060/3081 3413/3055/3074 2723/3968/4019
f 875/3967/4018 2723/3968/4019 3664/3969/3292 2637/3970/3320
f 875/3967/4018 2637/3970/3320 3661/3957/3319 2722/3956/4013
f 876/3971/4020 2619/3964/4017 3283/3897/3963 2701/3896/3962
f 876/3971/4020 2701/3896/3962 3411/3065/3088 2710/3960/4015
f 876/3971/4020 2710/3960/4015 3649/3962/3312 2638/3972/3311
f 876/3971/4020 2638/3972/3311 3663/3965/3310 2619/3964/4017
f 877/3973/4021 2618/3776/3882 3277/3974/3881 2692/3893/3957
f 877/3973/4021 2692/3893/3957 3414/3049/3066 2724/3975/4022
f 877/3973/4021 2724/3975/4022 3665/3976/3283 2639/3977/3305
f 877/3973/4021 2639/3977/3305 3662/3777/3304 2618/3776/3882
f 878/3978/4023 2711/3979/4024 3415/3043/3058 2698/3890/3953
f 878/3978/4023 2698/3890/3953 3284/3757/3869 2149/3756/3868
f 878/3978/4023 2149/3756/3868 3647/3763/3298 2640/3980/3297
f 878/3978/4023 2640/3980/3297 3650/3981/3276 2711/3979/4024
f 879/3982/4025 2723/3968/4019 3413/3055/3074 2205/3054/3073
f 879/3982/4025 2205/3054/3073 3416/3045/3060 2725/3983/4026
f 879/3982/4025 2725/3983/4026 3666/3984/3274 2641/3985/3293
f 879/3982/4025 2641/3985/3293 3664/3969/3292 2723/3968/4019
f 880/3986/4027 2724/3975/4022 3414/3049/3066 2204/3048/3065
f 880/3986/4027 2204/3048/3065 3417/3039/3051 2706/3916/3993
f 880/3986/4027 2706/3916/3993 3644/3920/3285 2642/3987/3284
f 880/3986/4027 2642/3987/3284 3665/3976/3283 2724/3975/4022
f 881/3988/4028 2725/3983/4026 3416/3045/3060 2203/3044/3059
f 881/3988/4028 2203/3044/3059 3415/3043/3058 2711/3979/4024
f 881/3988/4028 2711/3979/4024 3650/3981/3276 2643/3989/3275
f 881/3988/4028 2643/3989/3275 3666/3984/3274 2725/3983/4026
